direction,opt,project,binary,function,arch,ged_base,ged_var,src_nodes,approximated
to_perfect,O0,base-passwd,update-passwd,copy_filemodes,x86-64,5.0,0.0,14,False
improved,O0,bash,bash,_evalfile,x86-64,55.0,54.0,136,True
worsened,O0,bash,bash,_hs_at_end_of_history,x86-64,10.0,12.0,3,False
worsened,O0,bash,bash,_hs_replace_history_data,x86-64,17.0,21.0,25,False
worsened,O0,bash,bash,_ignore_completion_names,x86-64,5.0,16.0,33,False
worsened,O0,bash,bash,_is_arithop,x86-64,35.0,37.0,4,False
worsened,O0,bash,bash,_path_isdir,x86-64,10.0,12.0,3,False
improved,O0,bash,bash,_rl_clear_screen,x86-64,9.0,7.0,4,False
improved,O0,bash,bash,_rl_compare_chars,x86-64,9.0,5.0,14,False
improved,O0,bash,bash,_rl_control_keypad,x86-64,9.0,7.0,4,False
worsened,O0,bash,bash,_rl_digit_p,x86-64,10.0,12.0,3,False
improved,O0,bash,bash,_rl_disable_meta_key,x86-64,15.0,5.0,2,False
improved,O0,bash,bash,_rl_enable_meta_key,x86-64,9.0,5.0,2,False
improved,O0,bash,bash,_rl_function_of_keyseq_internal,x86-64,4.0,2.0,27,False
improved,O0,bash,bash,_rl_internal_char_cleanup,x86-64,13.0,5.0,21,False
improved,O0,bash,bash,_rl_isearch_dispatch,x86-64,21.0,15.0,305,True
improved,O0,bash,bash,_rl_move_vert,x86-64,12.0,6.0,15,False
improved,O0,bash,bash,_rl_parse_colors,x86-64,28.0,27.0,54,True
worsened,O0,bash,bash,_rl_peek_macro_key,x86-64,8.0,13.0,13,False
improved,O0,bash,bash,_rl_region_color_off,x86-64,9.0,5.0,2,False
improved,O0,bash,bash,_rl_region_color_on,x86-64,9.0,5.0,2,False
worsened,O0,bash,bash,_rl_release_sigint,x86-64,4.0,6.0,5,False
to_perfect,O0,bash,bash,_rl_reset_region_color,x86-64,13.0,0.0,12,False
improved,O0,bash,bash,_rl_rubout_char,x86-64,15.0,5.0,14,False
improved,O0,bash,bash,_rl_set_cursor,x86-64,15.0,12.0,6,False
to_perfect,O0,bash,bash,_rl_set_mark_at_pos,x86-64,2.0,0.0,5,False
improved,O0,bash,bash,_rl_standout_off,x86-64,9.0,5.0,2,False
improved,O0,bash,bash,_rl_standout_on,x86-64,9.0,5.0,2,False
improved,O0,bash,bash,_rl_test_nonzero,x86-64,14.0,6.0,7,False
improved,O0,bash,bash,_rl_utf8_mblen,x86-64,32.0,10.0,52,False
to_perfect,O0,bash,bash,_rl_vi_change_char,x86-64,2.0,0.0,16,False
worsened,O0,bash,bash,_rl_vi_change_mbchar_case,x86-64,7.0,9.0,24,False
worsened,O0,bash,bash,_rl_vi_motion_command,x86-64,10.0,12.0,3,False
worsened,O0,bash,bash,_rl_vi_textmod_command,x86-64,10.0,12.0,3,False
improved,O0,bash,bash,_rl_walphabetic,x86-64,6.0,5.0,5,False
improved,O0,bash,bash,absolute_pathname,x86-64,13.0,2.0,21,False
worsened,O0,bash,bash,add_history_time,x86-64,2.0,6.0,7,False
improved,O0,bash,mksyntax,addcstr,x86-64,13.0,3.0,6,False
improved,O0,bash,bash,all_aliases,x86-64,7.0,5.0,8,False
worsened,O0,bash,bash,all_variables_matching_prefix,x86-64,7.0,9.0,28,False
worsened,O0,bash,bash,and,x86-64,8.0,14.0,13,False
improved,O0,bash,bash,ansic_quote,x86-64,14.0,12.0,46,False
improved,O0,bash,bash,ansicstr,x86-64,8.0,7.0,145,True
improved,O0,bash,bash,array_dequote,x86-64,11.0,7.0,13,False
improved,O0,bash,bash,array_dequote_escapes,x86-64,11.0,7.0,13,False
improved,O0,bash,bash,array_keys,x86-64,9.0,7.0,22,False
improved,O0,bash,bash,array_keys_to_word_list,x86-64,5.0,3.0,12,False
improved,O0,bash,bash,array_length_reference,x86-64,3.0,1.0,69,True
improved,O0,bash,bash,array_modcase,x86-64,14.0,10.0,15,False
improved,O0,bash,bash,array_patsub,x86-64,14.0,10.0,15,False
improved,O0,bash,bash,array_quote,x86-64,11.0,7.0,13,False
improved,O0,bash,bash,array_quote_escapes,x86-64,11.0,7.0,13,False
improved,O0,bash,bash,array_reference,x86-64,15.0,11.0,32,False
improved,O0,bash,bash,array_remove,x86-64,18.0,14.0,37,False
to_perfect,O0,bash,bash,array_remove_quoted_nulls,x86-64,4.0,0.0,10,False
worsened,O0,bash,bash,array_rshift,x86-64,5.0,11.0,16,False
improved,O0,bash,bash,array_shift,x86-64,7.0,3.0,27,False
improved,O0,bash,bash,array_subrange,x86-64,5.0,3.0,23,False
improved,O0,bash,bash,array_to_assign,x86-64,2.0,1.0,63,True
improved,O0,bash,bash,array_to_kvpair,x86-64,2.0,1.0,64,True
improved,O0,bash,bash,array_to_kvpair_list,x86-64,5.0,3.0,12,False
improved,O0,bash,bash,array_to_word_list,x86-64,5.0,3.0,12,False
improved,O0,bash,bash,array_value_internal,x86-64,24.0,15.0,121,True
improved,O0,bash,bash,assign_compound_array_list,x86-64,6.0,4.0,95,True
improved,O0,bash,bash,assoc_dequote,x86-64,12.0,10.0,18,False
improved,O0,bash,bash,assoc_dequote_escapes,x86-64,12.0,10.0,18,False
improved,O0,bash,bash,assoc_modcase,x86-64,12.0,10.0,13,False
improved,O0,bash,bash,assoc_patsub,x86-64,12.0,10.0,13,False
improved,O0,bash,bash,assoc_quote,x86-64,12.0,10.0,18,False
improved,O0,bash,bash,assoc_quote_escapes,x86-64,12.0,10.0,18,False
improved,O0,bash,bash,assoc_remove_quoted_nulls,x86-64,7.0,5.0,15,False
improved,O0,bash,bash,assoc_to_assign,x86-64,9.0,8.0,82,True
improved,O0,bash,bash,assoc_to_kvpair,x86-64,9.0,8.0,83,True
improved,O0,bash,bash,assoc_to_kvpair_list,x86-64,10.0,8.0,19,False
improved,O0,bash,bash,assoc_to_word_list_internal,x86-64,10.0,8.0,22,False
improved,O0,bash,bash,bash_forward_shellword,x86-64,17.0,14.0,130,True
improved,O0,bash,bash,bash_history_inhibit_expansion,x86-64,17.0,15.0,42,False
worsened,O0,bash,bash,bcoalesce,x86-64,5.0,11.0,18,False
worsened,O0,bash,bash,bgp_clear,x86-64,2.0,6.0,5,False
improved,O0,bash,bash,bgp_delete,x86-64,5.0,3.0,15,False
improved,O0,bash,bash,bgp_search,x86-64,7.0,5.0,14,False
worsened,O0,bash,bash,binary_test,x86-64,46.0,47.0,54,True
improved,O0,bash,bash,bool_to_int,x86-64,16.0,12.0,9,False
worsened,O0,bash,bash,bsplit,x86-64,8.0,12.0,21,False
improved,O0,bash,bash,buffered_getchar,x86-64,11.0,9.0,13,False
worsened,O0,bash,bash,bufstream_ungetc,x86-64,4.0,8.0,7,False
improved,O0,bash,bash,builtin_address_internal,x86-64,9.0,5.0,16,False
improved,O0,bash,bash,builtin_error_prolog,x86-64,8.0,5.0,5,False
to_perfect,O0,bash,bash,can_optimize_assignment,x86-64,10.0,0.0,19,False
improved,O0,bash,bash,can_optimize_cat_file,x86-64,22.0,16.0,15,False
improved,O0,bash,bash,can_optimize_connection,x86-64,14.0,12.0,11,False
to_perfect,O0,bash,bash,change_flag,x86-64,2.0,0.0,26,False
to_perfect,O0,bash,bash,check_add_history,x86-64,7.0,0.0,10,False
to_perfect,O0,bash,bash,check_identifier,x86-64,5.0,0.0,8,False
improved,O0,bash,bash,check_redir,x86-64,4.0,3.0,19,False
improved,O0,bash,bash,chk_atstar,x86-64,27.0,4.0,44,False
to_perfect,O0,bash,bash,chkexport,x86-64,2.0,0.0,5,False
worsened,O0,bash,bash,cleanup_dead_jobs,x86-64,16.0,19.0,20,False
to_perfect,O0,bash,bash,clear_fifo_list,x86-64,8.0,0.0,7,False
worsened,O0,bash,bash,command_subst_completion_function,x86-64,29.0,32.0,48,False
improved,O0,bash,bash,command_substitute,x86-64,3.0,2.0,101,True
worsened,O0,bash,bash,command_word_completion_function,x86-64,8.0,11.0,170,True
improved,O0,bash,bash,complete_fncmp,x86-64,32.0,28.0,110,True
to_perfect,O0,bash,bash,cond_expand_word,x86-64,2.0,0.0,19,False
worsened,O0,bash,bash,current_history,x86-64,7.0,13.0,6,False
improved,O0,bash,bash,decode_signal,x86-64,23.0,22.0,68,True
improved,O0,bash,bash,delete_chars,x86-64,15.0,10.0,9,False
worsened,O0,bash,bash,delete_job,x86-64,14.0,16.0,34,False
improved,O0,bash,bash,displen,x86-64,16.0,14.0,12,False
worsened,O0,bash,bash,dispose_saved_dollar_vars,x86-64,2.0,12.0,5,False
improved,O0,bash,bash,do_assignment_internal,x86-64,15.0,14.0,69,True
improved,O0,bash,bash,do_redirection_internal,x86-64,27.0,14.0,294,True
worsened,O0,bash,bash,end_job_control,x86-64,5.0,8.0,10,False
worsened,O0,bash,bash,executable_file,x86-64,10.0,12.0,5,False
worsened,O0,bash,bash,executable_or_directory,x86-64,10.0,12.0,3,False
improved,O0,bash,bash,execute_env_file,x86-64,10.0,7.0,9,False
worsened,O0,bash,bash,execute_for_command,x86-64,11.0,12.0,69,True
worsened,O0,bash,bash,execute_if_command,x86-64,8.0,13.0,19,False
to_perfect,O0,bash,bash,execute_intern_function,x86-64,9.0,0.0,19,False
worsened,O0,bash,bash,execute_prompt_command,x86-64,13.0,15.0,18,False
to_perfect,O0,bash,bash,expand_string,x86-64,2.0,0.0,7,False
improved,O0,bash,bash,expand_string_assignment,x86-64,9.0,7.0,12,False
to_perfect,O0,bash,bash,expand_string_for_pat,x86-64,2.0,0.0,5,False
to_perfect,O0,bash,bash,expand_string_for_patsub,x86-64,2.0,0.0,17,False
to_perfect,O0,bash,bash,expand_string_for_rhs,x86-64,2.0,0.0,13,False
improved,O0,bash,bash,expand_string_internal,x86-64,9.0,7.0,8,False
to_perfect,O0,bash,bash,expand_string_leave_quoted,x86-64,2.0,0.0,7,False
to_perfect,O0,bash,bash,expand_string_to_string_internal,x86-64,2.0,0.0,8,False
to_perfect,O0,bash,bash,expand_string_unsplit,x86-64,2.0,0.0,9,False
to_perfect,O0,bash,bash,expand_subscript_string,x86-64,2.0,0.0,9,False
worsened,O0,bash,bash,expandable_redirection_filename,x86-64,6.0,8.0,3,False
worsened,O0,bash,bash,expr_bind_variable,x86-64,9.0,13.0,11,False
improved,O0,bash,bash,expr_streval,x86-64,19.0,15.0,35,False
to_perfect,O0,bash,bash,fd_is_bash_input,x86-64,2.0,0.0,9,False
worsened,O0,bash,bash,fd_ispipe,x86-64,10.0,12.0,3,False
worsened,O0,bash,bash,file_has_grown,x86-64,10.0,12.0,3,False
worsened,O0,bash,bash,file_isdir,x86-64,10.0,12.0,3,False
worsened,O0,bash,bash,file_iswdir,x86-64,10.0,12.0,3,False
improved,O0,bash,bash,file_mod_date_changed,x86-64,6.0,2.0,9,False
improved,O0,bash,bash,filecomp,x86-64,34.0,27.0,19,False
to_perfect,O0,bash,bash,find_absolute_program,x86-64,5.0,0.0,9,False
improved,O0,bash,bash,find_global_variable_last_nameref,x86-64,13.0,8.0,14,False
improved,O0,bash,bash,find_special_builtin,x86-64,7.0,5.0,6,False
improved,O0,bash,bash,find_variable_last_nameref,x86-64,13.0,8.0,18,False
improved,O0,bash,bash,finddirs,x86-64,10.0,5.0,29,False
worsened,O0,bash,bash,fix_arrayref_words,x86-64,9.0,16.0,30,False
worsened,O0,bash,bash,flatten,x86-64,14.0,21.0,23,False
improved,O0,bash,bash,free_trap_command,x86-64,11.0,5.0,10,False
improved,O0,bash,bash,gen_progcomp_completions,x86-64,7.0,5.0,13,False
worsened,O0,bash,bash,get_history_word_specifier,x86-64,11.0,13.0,53,False
worsened,O0,bash,bash,get_job_spec,x86-64,45.0,47.0,22,False
worsened,O0,bash,bash,get_new_window_size,x86-64,13.0,14.0,17,False
improved,O0,bash,bash,get_original_signal,x86-64,12.0,7.0,7,False
improved,O0,bash,bash,get_word_from_string,x86-64,7.0,4.0,124,True
improved,O0,bash,bash,get_y_or_n,x86-64,17.0,5.0,29,False
improved,O0,bash,bash,getcoprocbyname,x86-64,10.0,8.0,7,False
improved,O0,bash,bash,glob_char_p,x86-64,14.0,13.0,5,False
improved,O0,bash,bash,glob_name_is_acceptable,x86-64,16.0,11.0,23,False
worsened,O0,bash,bash,hash_flush,x86-64,7.0,9.0,15,False
worsened,O0,bash,bash,hash_rehash,x86-64,2.0,6.0,14,False
improved,O0,bash,bash,hash_remove,x86-64,8.0,4.0,18,False
improved,O0,bash,bash,hash_search,x86-64,9.0,7.0,23,False
improved,O0,bash,bash,hash_walk,x86-64,11.0,10.0,17,False
to_perfect,O0,bash,bash,history_completion_generator,x86-64,12.0,0.0,9,False
worsened,O0,bash,bash,history_get,x86-64,9.0,13.0,8,False
to_perfect,O0,bash,bash,history_get_time,x86-64,2.0,0.0,9,False
improved,O0,bash,bash,history_search_internal,x86-64,14.0,11.0,68,True
worsened,O0,bash,bash,history_set_pos,x86-64,4.0,8.0,7,False
improved,O0,bash,bash,hostname_completion_function,x86-64,13.0,12.0,10,False
worsened,O0,bash,bash,ignore_signal,x86-64,10.0,14.0,23,False
improved,O0,bash,bash,importable_function_name,x86-64,7.0,5.0,10,False
improved,O0,bash,bash,internal_getopt,x86-64,8.0,2.0,75,True
worsened,O0,bash,bash,invalid_completion,x86-64,4.0,5.0,30,False
improved,O0,bash,bash,is_colored,x86-64,14.0,9.0,9,False
worsened,O0,bash,bash,is_wcclass,x86-64,9.0,11.0,21,False
improved,O0,bash,bash,isnetconn,x86-64,16.0,12.0,9,False
improved,O0,bash,bash,legal_alias_name,x86-64,11.0,5.0,16,False
improved,O0,bash,bash,legal_identifier,x86-64,10.0,9.0,18,False
to_perfect,O0,bash,bash,legal_number,x86-64,6.0,0.0,19,False
improved,O0,bash,bash,list_string,x86-64,18.0,17.0,154,True
worsened,O0,bash,bash,load_history,x86-64,7.0,8.0,6,False
improved,O0,bash,bash,local_and_exported,x86-64,14.0,12.0,7,False
improved,O0,bash,bash,locale_decpoint,x86-64,10.0,6.0,7,False
improved,O0,bash,bash,mailstat,x86-64,9.0,5.0,45,False
to_perfect,O0,bash,bash,make_arith_for_expr,x86-64,2.0,0.0,5,False
worsened,O0,bash,bash,make_funcname_visible,x86-64,2.0,8.0,7,False
improved,O0,bash,bash,map_over_funcs,x86-64,13.0,7.0,7,False
to_perfect,O0,bash,bash,maybe_call_trap_handler,x86-64,13.0,0.0,11,False
worsened,O0,bash,bash,maybe_make_readline_line,x86-64,5.0,8.0,4,False
improved,O0,bash,bash,mkseq,x86-64,24.0,23.0,88,True
worsened,O0,bash,bash,nohup_job,x86-64,3.0,7.0,4,False
worsened,O0,bash,bash,notify_of_job_status,x86-64,34.0,37.0,78,True
improved,O0,bash,bash,open_some_spaces,x86-64,14.0,12.0,16,False
improved,O0,bash,bash,optimize_shell_function,x86-64,7.0,5.0,12,False
worsened,O0,bash,bash,optimize_subshell_command,x86-64,9.0,10.0,14,False
improved,O0,bash,bash,or,x86-64,8.0,6.0,13,False
improved,O0,bash,bash,pagealign,x86-64,17.0,16.0,17,False
worsened,O0,bash,bash,param_expand,x86-64,66.0,69.0,291,True
worsened,O0,bash,bash,parameter_brace_expand,x86-64,56.0,57.0,570,True
improved,O0,bash,bash,parameter_brace_substring,x86-64,28.0,27.0,54,False
improved,O0,bash,bash,parse_mailpath_spec,x86-64,12.0,7.0,13,False
to_perfect,O0,bash,bash,path_dot_or_dotdot,x86-64,12.0,0.0,17,False
improved,O0,bash,bash,path_is_devfd,x86-64,16.0,8.0,25,False
worsened,O0,bash,bash,path_isdir,x86-64,10.0,12.0,3,False
worsened,O0,bash,bash,phash_remove,x86-64,2.0,8.0,9,False
worsened,O0,bash,bash,pop_dollar_vars,x86-64,2.0,12.0,5,False
worsened,O0,bash,bash,posix_edit_macros,x86-64,4.0,9.0,7,False
to_perfect,O0,bash,bash,posix_memalign,x86-64,2.0,0.0,9,False
improved,O0,bash,bash,pre_process_line,x86-64,14.0,6.0,42,False
worsened,O0,bash,bash,prepare_terminal_settings,x86-64,12.0,16.0,10,False
improved,O0,bash,bash,print_func_list,x86-64,13.0,3.0,4,False
improved,O0,bash,bash,print_var_list,x86-64,13.0,3.0,6,False
improved,O0,bash,bash,process_substitute,x86-64,13.0,5.0,49,False
worsened,O0,bash,bash,prog_complete_return,x86-64,2.0,7.0,7,False
worsened,O0,bash,bash,progcomp_walk,x86-64,9.0,17.0,8,False
improved,O0,bash,bash,reap_some_procsubs,x86-64,8.0,3.0,7,False
to_perfect,O0,bash,bash,redir_varassign,x86-64,4.0,0.0,7,False
improved,O0,bash,bash,redir_varvalue,x86-64,5.0,4.0,26,False
worsened,O0,bash,bash,remove_history,x86-64,6.0,16.0,9,False
improved,O0,bash,bash,remove_history_range,x86-64,8.0,2.0,20,False
worsened,O0,bash,bash,restore_default_signal,x86-64,13.0,17.0,37,False
worsened,O0,bash,bash,restore_pipestatus_array,x86-64,4.0,6.0,7,False
improved,O0,bash,bash,rl_alphabetic,x86-64,8.0,7.0,7,False
improved,O0,bash,bash,rl_arrow_keys,x86-64,25.0,10.0,21,False
improved,O0,bash,bash,rl_character_len,x86-64,9.0,7.0,14,False
to_perfect,O0,bash,bash,rl_clear_signals,x86-64,11.0,0.0,8,False
worsened,O0,bash,bash,rl_echo_signal_char,x86-64,14.0,27.0,26,False
improved,O0,bash,bash,rl_get_previous_history,x86-64,11.0,7.0,24,False
to_perfect,O0,bash,bash,rl_maybe_replace_line,x86-64,8.0,0.0,7,False
worsened,O0,bash,bash,rl_newline,x86-64,4.0,31.0,17,False
worsened,O0,bash,bash,rl_parse_and_bind,x86-64,10.0,16.0,153,True
worsened,O0,bash,bash,rl_resize_terminal,x86-64,8.0,9.0,9,False
improved,O0,bash,bash,rl_set_signals,x86-64,12.0,7.0,19,False
worsened,O0,bash,bash,rl_tty_unset_default_bindings,x86-64,16.0,28.0,18,False
to_perfect,O0,bash,bash,rl_vi_back_to_indent,x86-64,9.0,0.0,8,False
improved,O0,bash,bash,rl_vi_bword,x86-64,15.0,11.0,58,False
improved,O0,bash,bash,rl_vi_change_case,x86-64,49.0,47.0,34,False
to_perfect,O0,bash,bash,rl_vi_check,x86-64,8.0,0.0,5,False
to_perfect,O0,bash,bash,rl_vi_delete,x86-64,4.0,0.0,16,False
improved,O0,bash,bash,rl_vi_eWord,x86-64,23.0,16.0,31,False
improved,O0,bash,bash,rl_vi_eword,x86-64,18.0,16.0,37,False
to_perfect,O0,bash,bash,rl_vi_fWord,x86-64,9.0,0.0,17,False
worsened,O0,bash,bash,rl_vi_fword,x86-64,19.0,22.0,34,False
improved,O0,bash,bash,rl_vi_overstrike_delete,x86-64,10.0,6.0,12,False
improved,O0,bash,bash,run_error_trap,x86-64,7.0,5.0,6,False
improved,O0,bash,bash,run_return_trap,x86-64,7.0,5.0,6,False
improved,O0,bash,bash,run_startup_files,x86-64,10.0,5.0,62,True
to_perfect,O0,bash,bash,save_pipestatus_array,x86-64,4.0,0.0,7,False
worsened,O0,bash,bash,select_query,x86-64,11.0,13.0,38,False
worsened,O0,bash,bash,semicolon,x86-64,5.0,6.0,7,False
worsened,O0,bash,bash,set_active_region,x86-64,17.0,21.0,8,False
improved,O0,bash,bash,set_default_locale_vars,x86-64,14.0,11.0,38,False
improved,O0,bash,bash,set_filename_bstab,x86-64,13.0,3.0,4,False
improved,O0,bash,bash,set_filename_quote_chars,x86-64,8.0,5.0,13,False
improved,O0,bash,bash,set_job_status_and_cleanup,x86-64,30.0,10.0,45,False
improved,O0,bash,bash,set_locale_var,x86-64,11.0,7.0,80,True
improved,O0,bash,bash,set_original_signal,x86-64,12.0,8.0,7,False
improved,O0,bash,bash,set_shell_name,x86-64,10.0,8.0,31,False
worsened,O0,bash,bash,set_signal,x86-64,13.0,16.0,24,False
worsened,O0,bash,bash,set_tty_state,x86-64,6.0,8.0,8,False
worsened,O0,bash,bash,set_up_new_line,x86-64,8.0,12.0,7,False
worsened,O0,bash,bash,setup_ignore_patterns,x86-64,4.0,17.0,31,False
worsened,O0,bash,bash,sh_contains_shell_metas,x86-64,62.0,68.0,15,False
improved,O0,bash,bash,sh_getopt,x86-64,13.0,7.0,43,False
worsened,O0,bash,bash,shell_control_structure,x86-64,6.0,8.0,3,False
improved,O0,bash,bash,shell_expand_line,x86-64,15.0,9.0,20,False
to_perfect,O0,bash,bash,should_expand,x86-64,10.0,0.0,9,False
improved,O0,bash,bash,should_optimize_fork,x86-64,26.0,14.0,18,False
improved,O0,bash,bash,should_suppress_fork,x86-64,16.0,12.0,9,False
to_perfect,O0,bash,bash,shouldexp_filterpat,x86-64,10.0,0.0,9,False
to_perfect,O0,bash,bash,shtimer_chktimeout,x86-64,8.0,0.0,13,False
improved,O0,bash,bash,shtimer_unset,x86-64,8.0,7.0,7,False
to_perfect,O0,bash,bash,skipname,x86-64,17.0,0.0,37,False
improved,O0,bash,bash,spdist,x86-64,4.0,2.0,26,False
worsened,O0,bash,bash,start_pipeline,x86-64,6.0,7.0,7,False
worsened,O0,bash,bash,string_gcd,x86-64,3.0,5.0,11,False
worsened,O0,bash,bash,strlist_flush,x86-64,2.0,6.0,5,False
to_perfect,O0,bash,bash,strlist_remove,x86-64,4.0,0.0,9,False
worsened,O0,bash,bash,strlist_sort,x86-64,4.0,6.0,7,False
to_perfect,O0,bash,bash,strlist_to_word_list,x86-64,2.0,0.0,5,False
improved,O0,bash,bash,strlist_walk,x86-64,11.0,7.0,6,False
worsened,O0,bash,bash,strmatch,x86-64,2.0,8.0,5,False
worsened,O0,bash,bash,subexpr,x86-64,10.0,11.0,21,False
to_perfect,O0,bash,bash,sv_bell_style,x86-64,15.0,0.0,16,False
to_perfect,O0,bash,bash,sv_combegin,x86-64,2.0,0.0,7,False
to_perfect,O0,bash,bash,sv_compquery,x86-64,11.0,0.0,6,False
to_perfect,O0,bash,bash,sv_compwidth,x86-64,8.0,0.0,5,False
to_perfect,O0,bash,bash,sv_dispprefix,x86-64,11.0,0.0,6,False
worsened,O0,bash,bash,sv_histchars,x86-64,8.0,12.0,7,False
worsened,O0,bash,bash,sv_history_control,x86-64,5.0,6.0,23,False
improved,O0,bash,bash,sv_locale,x86-64,9.0,5.0,7,False
improved,O0,bash,bash,sv_opterr,x86-64,8.0,6.0,5,False
to_perfect,O0,bash,bash,sv_seqtimeout,x86-64,11.0,0.0,6,False
off_perfect,O0,bash,bash,sv_xtracefd,x86-64,0.0,11.0,15,False
to_perfect,O0,bash,bash,sync_buffered_stream,x86-64,2.0,0.0,7,False
worsened,O0,bash,bash,test_binop,x86-64,20.0,24.0,39,False
worsened,O0,bash,bash,test_unop,x86-64,6.0,8.0,9,False
to_perfect,O0,bash,bash,tilde_find_prefix,x86-64,2.0,0.0,14,False
improved,O0,bash,bash,time_to_check_mail,x86-64,10.0,6.0,9,False
improved,O0,bash,bash,tokenize_array_reference,x86-64,13.0,9.0,26,False
to_perfect,O0,bash,bash,u32reset,x86-64,8.0,0.0,5,False
worsened,O0,bash,bash,unary_test,x86-64,63.0,82.0,92,True
to_perfect,O0,bash,bash,unbind_nameref,x86-64,2.0,0.0,5,False
to_perfect,O0,bash,bash,undoablefd,x86-64,4.0,0.0,7,False
to_perfect,O0,bash,bash,ungetc_with_restart,x86-64,2.0,0.0,5,False
improved,O0,bash,bash,unlink_fifo_list,x86-64,8.0,7.0,7,False
worsened,O0,bash,bash,unset_bash_input,x86-64,4.0,5.0,8,False
improved,O0,bash,bash,unwind_frame_run_internal,x86-64,138.0,135.0,50,False
improved,O0,bash,bash,utf8_mblen,x86-64,32.0,10.0,52,False
improved,O0,bash,bash,valid_length_expression,x86-64,16.0,14.0,15,False
to_perfect,O0,bash,bash,valid_nameref_value,x86-64,6.0,0.0,11,False
worsened,O0,bash,bash,valid_parameter_transform,x86-64,6.0,8.0,5,False
to_perfect,O0,bash,bash,validate_inherited_value,x86-64,2.0,0.0,9,False
to_perfect,O0,bash,bash,var_sametype,x86-64,6.0,0.0,21,False
worsened,O0,bash,bash,variable_completion_function,x86-64,7.0,8.0,20,False
worsened,O0,bash,bash,variable_in_context,x86-64,10.0,12.0,3,False
improved,O0,bash,bash,verify_substring_values,x86-64,4.0,2.0,62,True
improved,O0,bash,bash,vi_change_dispatch,x86-64,33.0,27.0,32,False
worsened,O0,bash,bash,visible_and_exported,x86-64,10.0,12.0,3,False
worsened,O0,bash,bash,wcsmatch,x86-64,2.0,8.0,5,False
to_perfect,O0,bash,bash,wskipname,x86-64,17.0,0.0,36,False
improved,O0,bash,bash,xmbsrtowcs,x86-64,7.0,5.0,25,False
to_perfect,O0,bash,bash,xtrace_set,x86-64,4.0,0.0,11,False
off_perfect,O0,betaflight,betaflight_STM32F405,BL_VerifyFlash,arm,0.0,8.0,5,False
worsened,O0,betaflight,betaflight_STM32F405,BMI160_Init,arm,10.0,12.0,9,False
to_perfect,O0,betaflight,betaflight_STM32F405,CDC_Receive_DATA,arm,9.0,0.0,6,False
to_perfect,O0,betaflight,betaflight_STM32F405,DCD_HandleUSBSuspend_ISR,arm,12.0,0.0,9,False
worsened,O0,betaflight,betaflight_STM32F405,Handle_USBAsynchXfer,arm,3.0,7.0,12,False
worsened,O0,betaflight,betaflight_STM32F405,MSC_BOT_CplClrFeature,arm,5.0,7.0,6,False
worsened,O0,betaflight,betaflight_STM32F405,MSC_BOT_DataIn,arm,15.0,20.0,4,False
worsened,O0,betaflight,betaflight_STM32F405,MSC_BOT_DataOut,arm,9.0,15.0,4,False
to_perfect,O0,betaflight,betaflight_STM32F405,USBD_DataInStage,arm,13.0,0.0,24,False
improved,O0,betaflight,betaflight_STM32F405,USBD_DataOutStage,arm,14.0,3.0,19,False
worsened,O0,betaflight,betaflight_STM32F405,USBD_SetFeature,arm,5.0,7.0,13,False
improved,O0,betaflight,betaflight_STM32F405,USB_OTG_EP0StartXfer,arm,12.0,4.0,19,False
worsened,O0,betaflight,betaflight_STM32F405,USB_OTG_UngateClock,arm,6.0,10.0,3,False
improved,O0,betaflight,betaflight_STM32F405,VCP_Ctrl,arm,43.0,19.0,14,False
to_perfect,O0,betaflight,betaflight_STM32F405,_CMD_SPI_MULTI_EX,arm,6.0,0.0,11,False
improved,O0,betaflight,betaflight_STM32F405,appendSmartPortData,arm,20.0,13.0,5,False
improved,O0,betaflight,betaflight_STM32F405,applyLedVtxLayer,arm,18.0,14.0,30,False
worsened,O0,betaflight,betaflight_STM32F405,autodetectFirstReceivedAddressAsBaseAddress,arm,5.0,9.0,4,False
worsened,O0,betaflight,betaflight_STM32F405,batteryUpdateConsumptionState,arm,7.0,9.0,10,False
improved,O0,betaflight,betaflight_STM32F405,bbPostInit,arm,8.0,5.0,7,False
improved,O0,betaflight,betaflight_STM32F405,beeperPwmInit,arm,9.0,5.0,2,False
worsened,O0,betaflight,betaflight_STM32F405,blackboxUpdate,arm,8.0,11.0,75,True
improved,O0,betaflight,betaflight_STM32F405,bmi160AccRead,arm,15.0,8.0,4,False
worsened,O0,betaflight,betaflight_STM32F405,changePidProfileFromCellCount,arm,9.0,13.0,15,False
worsened,O0,betaflight,betaflight_STM32F405,checkFrSkyHubTelemetryState,arm,13.0,16.0,12,False
worsened,O0,betaflight,betaflight_STM32F405,checkLtmTelemetryState,arm,5.0,12.0,12,False
worsened,O0,betaflight,betaflight_STM32F405,checkMAVLinkTelemetryState,arm,5.0,12.0,12,False
improved,O0,betaflight,betaflight_STM32F405,cliDefaults,arm,8.0,7.0,21,False
worsened,O0,betaflight,betaflight_STM32F405,cliHelp,arm,7.0,11.0,19,False
worsened,O0,betaflight,betaflight_STM32F405,cliRxRange,arm,13.0,20.0,23,False
improved,O0,betaflight,betaflight_STM32F405,cliServo,arm,21.0,16.0,45,False
worsened,O0,betaflight,betaflight_STM32F405,cliServoMix,arm,2.0,11.0,95,True
worsened,O0,betaflight,betaflight_STM32F405,cmsDrawMenu,arm,13.0,16.0,56,False
improved,O0,betaflight,betaflight_STM32F405,cmsUpdate,arm,8.0,7.0,21,False
improved,O0,betaflight,betaflight_STM32F405,copyControlRateProfile,arm,7.0,3.0,6,False
worsened,O0,betaflight,betaflight_STM32F405,crsfDisplayPortMenuOpen,arm,3.0,7.0,4,False
improved,O0,betaflight,betaflight_STM32F405,crsfWriteString,arm,12.0,7.0,7,False
worsened,O0,betaflight,betaflight_STM32F405,cycleRfMode,arm,11.0,12.0,8,False
improved,O0,betaflight,betaflight_STM32F405,detectAndSetCrashRecovery,arm,15.0,11.0,28,False
improved,O0,betaflight,betaflight_STM32F405,dispatchProcess,arm,11.0,8.0,4,False
worsened,O0,betaflight,betaflight_STM32F405,dshotCommandWrite,arm,27.0,35.0,45,False
worsened,O0,betaflight,betaflight_STM32F405,dshot_decode_telemetry_value,arm,14.0,33.0,21,False
improved,O0,betaflight,betaflight_STM32F405,escSensorProcess,arm,28.0,25.0,19,False
improved,O0,betaflight,betaflight_STM32F405,expressLrsDoTelem,arm,9.0,5.0,8,False
to_perfect,O0,betaflight,betaflight_STM32F405,expressLrsHandleTelemetryUpdate,arm,2.0,0.0,9,False
worsened,O0,betaflight,betaflight_STM32F405,expressLrsIsFhssReq,arm,8.0,12.0,11,False
improved,O0,betaflight,betaflight_STM32F405,expressLrsTelemRespReq,arm,6.0,4.0,9,False
worsened,O0,betaflight,betaflight_STM32F405,fill_dir_sector,arm,12.0,16.0,20,False
worsened,O0,betaflight,betaflight_STM32F405,flashfsEraseAsync,arm,8.0,12.0,7,False
improved,O0,betaflight,betaflight_STM32F405,forwardAuxChannelsToServos,arm,14.0,11.0,5,False
worsened,O0,betaflight,betaflight_STM32F405,gyroInitFilterNotch1,arm,8.0,11.0,6,False
worsened,O0,betaflight,betaflight_STM32F405,gyroInitFilterNotch2,arm,8.0,11.0,6,False
worsened,O0,betaflight,betaflight_STM32F405,handleConfigUpdate,arm,6.0,7.0,3,False
worsened,O0,betaflight,betaflight_STM32F405,handleConnectionStateUpdate,arm,10.0,23.0,38,False
improved,O0,betaflight,betaflight_STM32F405,handleCrashRecovery,arm,24.0,23.0,24,False
worsened,O0,betaflight,betaflight_STM32F405,handleFrSkyHubTelemetry,arm,9.0,13.0,2,False
worsened,O0,betaflight,betaflight_STM32F405,handleHoTTTelemetry,arm,5.0,7.0,12,False
worsened,O0,betaflight,betaflight_STM32F405,handleLtmTelemetry,arm,3.0,7.0,6,False
worsened,O0,betaflight,betaflight_STM32F405,handleMAVLinkTelemetry,arm,3.0,7.0,6,False
worsened,O0,betaflight,betaflight_STM32F405,handleSmartPortTelemetry,arm,9.0,13.0,7,False
worsened,O0,betaflight,betaflight_STM32F405,handleUsartTxDma,arm,7.0,9.0,6,False
worsened,O0,betaflight,betaflight_STM32F405,hcsr04Detect,arm,7.0,10.0,17,False
worsened,O0,betaflight,betaflight_STM32F405,hottTextmodeWriteChar,arm,8.0,10.0,5,False
improved,O0,betaflight,betaflight_STM32F405,i2cInit,arm,26.0,20.0,15,False
to_perfect,O0,betaflight,betaflight_STM32F405,imuQuaternionHeadfreeOffsetSet,arm,2.0,0.0,5,False
worsened,O0,betaflight,betaflight_STM32F405,initDshotTelemetry,arm,6.0,7.0,8,False
improved,O0,betaflight,betaflight_STM32F405,loadCustomServoMixer,arm,11.0,8.0,4,False
improved,O0,betaflight,betaflight_STM32F405,lsm6dsv16xAccReadSPI,arm,15.0,8.0,4,False
improved,O0,betaflight,betaflight_STM32F405,max7456Init,arm,31.0,29.0,27,False
improved,O0,betaflight,betaflight_STM32F405,max7456ReInitIfRequired,arm,60.0,56.0,37,False
improved,O0,betaflight,betaflight_STM32F405,max7456Write,arm,11.0,6.0,6,False
off_perfect,O0,betaflight,betaflight_STM32F405,mcoConfigure,arm,0.0,2.0,5,False
worsened,O0,betaflight,betaflight_STM32F405,mspCmsUpdateStatusString,arm,16.0,17.0,21,False
improved,O0,betaflight,betaflight_STM32F405,mspCommonProcessInCommand,arm,14.0,13.0,79,True
worsened,O0,betaflight,betaflight_STM32F405,mspSerialAllocatePorts,arm,9.0,11.0,14,False
improved,O0,betaflight,betaflight_STM32F405,mspSerialPassthroughFn,arm,9.0,5.0,2,False
to_perfect,O0,betaflight,betaflight_STM32F405,nextArg,arm,14.0,0.0,5,False
improved,O0,betaflight,betaflight_STM32F405,pidCopyProfile,arm,7.0,3.0,6,False
worsened,O0,betaflight,betaflight_STM32F405,printTimerDmaoptDetails,arm,9.0,14.0,6,False
worsened,O0,betaflight,betaflight_STM32F405,processCharacter,arm,8.0,12.0,33,False
improved,O0,betaflight,betaflight_STM32F405,processRcStickPositions,arm,20.0,11.0,102,True
worsened,O0,betaflight,betaflight_STM32F405,processTxStateBL,arm,8.0,10.0,19,False
worsened,O0,betaflight,betaflight_STM32F405,rcdeviceUpdate,arm,6.0,10.0,3,False
worsened,O0,betaflight,betaflight_STM32F405,renderOsdWarning,arm,11.0,24.0,196,True
worsened,O0,betaflight,betaflight_STM32F405,rxSpiCheckBindRequested,arm,2.0,12.0,11,False
improved,O0,betaflight,betaflight_STM32F405,rxSpiProcessFrame,arm,9.0,5.0,4,False
off_perfect,O0,betaflight,betaflight_STM32F405,sendVoltageAmp,arm,0.0,5.0,7,False
improved,O0,betaflight,betaflight_STM32F405,spektrumBind,arm,11.0,7.0,25,False
improved,O0,betaflight,betaflight_STM32F405,spektrumTmTextGenPutChar,arm,11.0,5.0,6,False
worsened,O0,betaflight,betaflight_STM32F405,spektrumVtxControl,arm,8.0,11.0,16,False
to_perfect,O0,betaflight,betaflight_STM32F405,spiCalculateDivider,arm,9.0,0.0,6,False
worsened,O0,betaflight,betaflight_STM32F405,startInTestMode,arm,8.0,10.0,5,False
improved,O0,betaflight,betaflight_STM32F405,strToPin,arm,7.0,3.0,13,False
worsened,O0,betaflight,betaflight_STM32F405,taskUpdateBaro,arm,6.0,10.0,3,False
worsened,O0,betaflight,betaflight_STM32F405,taskUpdateMag,arm,6.0,10.0,3,False
worsened,O0,betaflight,betaflight_STM32F405,transponderUpdate,arm,6.0,12.0,9,False
worsened,O0,betaflight,betaflight_STM32F405,uartIrqHandler,arm,5.0,7.0,20,False
improved,O0,betaflight,betaflight_STM32F405,updateDshotTelemetry,arm,13.0,10.0,16,False
worsened,O0,betaflight,betaflight_STM32F405,updateDynLpfCutoffs,arm,6.0,7.0,3,False
worsened,O0,betaflight,betaflight_STM32F405,updateEdges,arm,33.0,37.0,8,False
worsened,O0,betaflight,betaflight_STM32F405,updateInflightCalibrationState,arm,8.0,11.0,17,False
worsened,O0,betaflight,betaflight_STM32F405,updateMasksForStickyModes,arm,5.0,9.0,8,False
worsened,O0,betaflight,betaflight_STM32F405,updateRcCommands,arm,24.0,25.0,46,False
improved,O0,betaflight,betaflight_STM32F405,usbVcpWriteBuf,arm,8.0,5.0,7,False
worsened,O0,betaflight,betaflight_STM32F405,validateAndFixBlackBox,arm,6.0,10.0,3,False
worsened,O0,betaflight,betaflight_STM32F405,vtxProcessFrequency,arm,6.0,8.0,5,False
worsened,O0,betaflight,betaflight_STM32F405,vtxSAProcess,arm,13.0,19.0,24,False
worsened,O0,betaflight,betaflight_STM32F405,vtxSASetFreq,arm,3.0,7.0,4,False
worsened,O0,betaflight,betaflight_STM32F405,vtxSASetPitMode,arm,7.0,12.0,22,False
worsened,O0,betaflight,betaflight_STM32F405,vtxTrampSetPowerByIndex,arm,6.0,7.0,3,False
worsened,O0,betaflight,betaflight_STM32F405,vtxUpdate,arm,21.0,22.0,16,False
improved,O0,bzip2,bzip2,BZ2_bzBuffToBuffCompress,x86-64,16.0,8.0,27,False
improved,O0,bzip2,bzip2,BZ2_bzBuffToBuffDecompress,x86-64,13.0,5.0,23,False
improved,O0,bzip2,bzip2,BZ2_bzCompressInit,x86-64,18.0,11.0,35,False
worsened,O0,bzip2,bzip2,bzopen_or_bzdopen,x86-64,17.0,21.0,33,False
worsened,O0,bzip2,bzip2,compress,x86-64,19.0,20.0,77,True
improved,O0,bzip2,bzip2,copy_input_until_stop,x86-64,20.0,13.0,36,False
improved,O0,bzip2,bzip2,copy_output_until_stop,x86-64,9.0,4.0,7,False
improved,O0,bzip2,bzip2recover,endsInBz2,x86-64,10.0,6.0,9,False
worsened,O0,bzip2,bzip2,handle_compress,x86-64,36.0,38.0,23,False
to_perfect,O0,bzip2,bzip2,isempty_RL,x86-64,2.0,0.0,5,False
improved,O0,chibios,ch,chEvtSignalI,arm,26.0,25.0,12,False
improved,O0,chibios,ch,chHeapAllocAligned,arm,39.0,37.0,32,False
worsened,O0,chibios,ch,dyn_release_object_heap,arm,52.0,59.0,13,False
worsened,O0,chibios,ch,dyn_release_object_pool,arm,52.0,59.0,13,False
worsened,O0,chibios,ch,oslib_test_005_001_execute,arm,6.0,27.0,17,False
off_perfect,O0,cleanflight,cleanflight_DALRCF405,BL_VerifyFlash,arm,0.0,8.0,5,False
to_perfect,O0,cleanflight,cleanflight_DALRCF405,CDC_Receive_DATA,arm,9.0,0.0,6,False
to_perfect,O0,cleanflight,cleanflight_DALRCF405,DCD_HandleUSBSuspend_ISR,arm,12.0,0.0,9,False
to_perfect,O0,cleanflight,cleanflight_DALRCF405,USBD_DataInStage,arm,13.0,0.0,24,False
improved,O0,cleanflight,cleanflight_DALRCF405,USBD_DataOutStage,arm,14.0,3.0,19,False
worsened,O0,cleanflight,cleanflight_DALRCF405,USB_OTG_UngateClock,arm,6.0,10.0,3,False
to_perfect,O0,cleanflight,cleanflight_DALRCF405,_CMD_SPI_MULTI_EX,arm,6.0,0.0,11,False
improved,O0,cleanflight,cleanflight_DALRCF405,applyLedVtxLayer,arm,17.0,13.0,45,False
worsened,O0,cleanflight,cleanflight_DALRCF405,autodetectFirstReceivedAddressAsBaseAddress,arm,5.0,9.0,4,False
worsened,O0,cleanflight,cleanflight_DALRCF405,batteryUpdateConsumptionState,arm,7.0,9.0,10,False
worsened,O0,cleanflight,cleanflight_DALRCF405,batteryUpdateVoltageState,arm,20.0,22.0,9,False
worsened,O0,cleanflight,cleanflight_DALRCF405,blackboxUpdate,arm,10.0,13.0,68,True
worsened,O0,cleanflight,cleanflight_DALRCF405,blackboxValidateConfig,arm,9.0,13.0,2,False
worsened,O0,cleanflight,cleanflight_DALRCF405,cameraControlKeyPress,arm,37.0,44.0,14,False
worsened,O0,cleanflight,cleanflight_DALRCF405,cameraControlProcess,arm,6.0,10.0,7,False
worsened,O0,cleanflight,cleanflight_DALRCF405,cliRxRange,arm,13.0,20.0,23,False
improved,O0,cleanflight,cleanflight_DALRCF405,cliServo,arm,29.0,24.0,47,False
worsened,O0,cleanflight,cleanflight_DALRCF405,cliServoMix,arm,2.0,10.0,95,True
improved,O0,cleanflight,cleanflight_DALRCF405,cmsDrawMenu,arm,27.0,22.0,39,False
worsened,O0,cleanflight,cleanflight_DALRCF405,cmsHandler,arm,3.0,7.0,4,False
improved,O0,cleanflight,cleanflight_DALRCF405,copyControlRateProfile,arm,7.0,3.0,6,False
improved,O0,cleanflight,cleanflight_DALRCF405,dispatchProcess,arm,11.0,8.0,4,False
worsened,O0,cleanflight,cleanflight_DALRCF405,escSensorProcess,arm,29.0,36.0,16,False
improved,O0,cleanflight,cleanflight_DALRCF405,forwardAuxChannelsToServos,arm,8.0,3.0,5,False
worsened,O0,cleanflight,cleanflight_DALRCF405,gpsInitUblox,arm,14.0,26.0,27,False
improved,O0,cleanflight,cleanflight_DALRCF405,gyroInitFilterBiquadRCFIR2,arm,8.0,5.0,6,False
worsened,O0,cleanflight,cleanflight_DALRCF405,gyroInitFilterNotch1,arm,8.0,11.0,6,False
worsened,O0,cleanflight,cleanflight_DALRCF405,gyroInitFilterNotch2,arm,8.0,11.0,6,False
worsened,O0,cleanflight,cleanflight_DALRCF405,gyroStartCalibration,arm,14.0,18.0,3,False
worsened,O0,cleanflight,cleanflight_DALRCF405,handleFrSkyHubTelemetry,arm,9.0,13.0,2,False
worsened,O0,cleanflight,cleanflight_DALRCF405,handleHoTTTelemetry,arm,5.0,7.0,12,False
worsened,O0,cleanflight,cleanflight_DALRCF405,handleLtmTelemetry,arm,3.0,7.0,6,False
worsened,O0,cleanflight,cleanflight_DALRCF405,handleMAVLinkTelemetry,arm,3.0,7.0,6,False
worsened,O0,cleanflight,cleanflight_DALRCF405,handleSmartPortTelemetry,arm,12.0,15.0,8,False
worsened,O0,cleanflight,cleanflight_DALRCF405,handleSrxlTelemetry,arm,3.0,7.0,4,False
improved,O0,cleanflight,cleanflight_DALRCF405,loadCustomServoMixer,arm,11.0,8.0,4,False
worsened,O0,cleanflight,cleanflight_DALRCF405,max7456ReInitIfRequired,arm,28.0,32.0,30,False
improved,O0,cleanflight,cleanflight_DALRCF405,mspSerialAllocatePorts,arm,13.0,3.0,8,False
to_perfect,O0,cleanflight,cleanflight_DALRCF405,nextArg,arm,14.0,0.0,5,False
worsened,O0,cleanflight,cleanflight_DALRCF405,onGpsNewData,arm,4.0,10.0,24,False
worsened,O0,cleanflight,cleanflight_DALRCF405,osdUpdateStats,arm,7.0,9.0,16,False
improved,O0,cleanflight,cleanflight_DALRCF405,pidCopyProfile,arm,7.0,3.0,6,False
worsened,O0,cleanflight,cleanflight_DALRCF405,processTxStateBL,arm,8.0,10.0,19,False
improved,O0,cleanflight,cleanflight_DALRCF405,rcdevice5KeySimulationProcess,arm,69.0,61.0,88,True
off_perfect,O0,cleanflight,cleanflight_DALRCF405,saDevSetPowerByIndex,arm,0.0,2.0,8,False
improved,O0,cleanflight,cleanflight_DALRCF405,spektrumBind,arm,10.0,4.0,28,False
improved,O0,cleanflight,cleanflight_DALRCF405,spektrumTmTextGenPutChar,arm,11.0,5.0,6,False
worsened,O0,cleanflight,cleanflight_DALRCF405,startInTestMode,arm,8.0,10.0,5,False
worsened,O0,cleanflight,cleanflight_DALRCF405,updateInflightCalibrationState,arm,8.0,11.0,17,False
improved,O0,cleanflight,cleanflight_DALRCF405,usbVcpWriteBuf,arm,8.0,5.0,7,False
improved,O0,cleanflight,cleanflight_DALRCF405,validateAndFixGyroConfig,arm,37.0,34.0,34,False
worsened,O0,cleanflight,cleanflight_DALRCF405,vtxSASetPitMode,arm,10.0,12.0,11,False
improved,O0,cleanflight,cleanflight_DALRCF405,vtxTrampGetPowerIndex,arm,6.0,2.0,9,False
improved,O0,coreutils,cp,abandon_move,x86-64,15.0,8.0,13,False
improved,O0,coreutils,ginstall,abandon_move,x86-64,15.0,8.0,13,False
improved,O0,coreutils,mv,abandon_move,x86-64,15.0,8.0,13,False
improved,O0,coreutils,pr,add_line_number,x86-64,12.0,5.0,14,False
worsened,O0,coreutils,seq,all_digits_p,x86-64,10.0,12.0,3,False
worsened,O0,coreutils,dd,alloc_ibuf,x86-64,30.0,34.0,13,False
improved,O0,coreutils,basenc,base16_decode_ctx,x86-64,4.0,2.0,20,False
worsened,O0,coreutils,[,binary_operator,x86-64,15.0,25.0,83,True
worsened,O0,coreutils,test,binary_operator,x86-64,15.0,25.0,83,True
improved,O0,coreutils,[,binop,x86-64,30.0,18.0,23,False
improved,O0,coreutils,test,binop,x86-64,30.0,18.0,23,False
worsened,O0,coreutils,b2sum,blake2b,x86-64,18.0,21.0,22,False
worsened,O0,coreutils,cksum,blake2b,x86-64,18.0,21.0,22,False
to_perfect,O0,coreutils,b2sum,blake2b_final,x86-64,2.0,0.0,10,False
to_perfect,O0,coreutils,cksum,blake2b_final,x86-64,2.0,0.0,10,False
to_perfect,O0,coreutils,b2sum,blake2b_init,x86-64,2.0,0.0,5,False
to_perfect,O0,coreutils,cksum,blake2b_init,x86-64,2.0,0.0,5,False
worsened,O0,coreutils,b2sum,blake2b_init_key,x86-64,6.0,8.0,13,False
worsened,O0,coreutils,cksum,blake2b_init_key,x86-64,6.0,8.0,13,False
worsened,O0,coreutils,chgrp,change_file_owner,x86-64,16.0,18.0,138,True
worsened,O0,coreutils,chown,change_file_owner,x86-64,16.0,18.0,138,True
improved,O0,coreutils,comm,check_order,x86-64,15.0,12.0,9,False
improved,O0,coreutils,join,check_order,x86-64,34.0,31.0,10,False
worsened,O0,coreutils,tail,check_output_alive,x86-64,5.0,8.0,6,False
to_perfect,O0,coreutils,nl,check_section,x86-64,6.0,0.0,19,False
worsened,O0,coreutils,cp,check_selinux_attr,x86-64,10.0,12.0,3,False
worsened,O0,coreutils,ginstall,check_selinux_attr,x86-64,10.0,12.0,3,False
worsened,O0,coreutils,mv,check_selinux_attr,x86-64,10.0,12.0,3,False
worsened,O0,coreutils,cp,chown_failure_ok,x86-64,10.0,12.0,5,False
worsened,O0,coreutils,ginstall,chown_failure_ok,x86-64,10.0,12.0,5,False
worsened,O0,coreutils,mv,chown_failure_ok,x86-64,10.0,12.0,5,False
worsened,O0,coreutils,cksum,cksum_pclmul,x86-64,123.0,125.0,28,True
improved,O0,coreutils,timeout,cleanup,x86-64,7.0,5.0,18,False
worsened,O0,coreutils,expand,cleanup_file_list_stdin,x86-64,32.0,33.0,13,False
worsened,O0,coreutils,unexpand,cleanup_file_list_stdin,x86-64,32.0,33.0,13,False
worsened,O0,coreutils,tail,close_fd,x86-64,7.0,14.0,6,False
improved,O0,coreutils,csplit,close_output_file,x86-64,12.0,8.0,13,False
improved,O0,coreutils,cat,copy_cat,x86-64,15.0,4.0,19,False
improved,O0,coreutils,cp,copy_internal,x86-64,21.0,12.0,449,True
improved,O0,coreutils,ginstall,copy_internal,x86-64,21.0,12.0,449,True
improved,O0,coreutils,mv,copy_internal,x86-64,21.0,12.0,449,True
to_perfect,O0,coreutils,cp,create_hard_link,x86-64,6.0,0.0,7,False
to_perfect,O0,coreutils,ginstall,create_hard_link,x86-64,6.0,0.0,7,False
to_perfect,O0,coreutils,mv,create_hard_link,x86-64,6.0,0.0,7,False
to_perfect,O0,coreutils,cp,create_hole,x86-64,5.0,0.0,6,False
to_perfect,O0,coreutils,ginstall,create_hole,x86-64,5.0,0.0,6,False
to_perfect,O0,coreutils,mv,create_hole,x86-64,5.0,0.0,6,False
improved,O0,coreutils,sort,default_key_compare,x86-64,22.0,16.0,15,False
worsened,O0,coreutils,dir,dev_ino_compare,x86-64,10.0,12.0,3,False
worsened,O0,coreutils,ls,dev_ino_compare,x86-64,10.0,12.0,3,False
worsened,O0,coreutils,vdir,dev_ino_compare,x86-64,10.0,12.0,3,False
improved,O0,coreutils,uniq,different,x86-64,12.0,5.0,11,False
improved,O0,coreutils,head,elide_tail_bytes_pipe,x86-64,23.0,21.0,63,True
worsened,O0,coreutils,rmdir,errno_may_be_non_empty,x86-64,6.0,8.0,3,False
worsened,O0,coreutils,rmdir,errno_rmdir_non_empty,x86-64,10.0,12.0,3,False
improved,O0,coreutils,cp,errno_unsupported,x86-64,8.0,6.0,5,False
improved,O0,coreutils,ginstall,errno_unsupported,x86-64,8.0,6.0,5,False
improved,O0,coreutils,mv,errno_unsupported,x86-64,8.0,6.0,5,False
worsened,O0,coreutils,tr,es_match,x86-64,10.0,12.0,3,False
off_perfect,O0,coreutils,factor,factor,x86-64,0.0,12.0,13,False
improved,O0,coreutils,dir,file_ignored,x86-64,13.0,12.0,13,False
improved,O0,coreutils,ls,file_ignored,x86-64,13.0,12.0,13,False
improved,O0,coreutils,vdir,file_ignored,x86-64,13.0,12.0,13,False
worsened,O0,coreutils,expand,finalize_tab_stops,x86-64,13.0,16.0,10,False
worsened,O0,coreutils,unexpand,finalize_tab_stops,x86-64,13.0,16.0,10,False
worsened,O0,coreutils,pr,first_last_page,x86-64,4.0,8.0,18,False
worsened,O0,coreutils,ptx,fix_output_parameters,x86-64,21.0,26.0,35,False
improved,O0,coreutils,tail,fremote,x86-64,20.0,4.0,10,False
worsened,O0,coreutils,df,get_field_values,x86-64,5.0,9.0,10,False
improved,O0,coreutils,dir,get_type_indicator,x86-64,34.0,27.0,34,False
improved,O0,coreutils,ls,get_type_indicator,x86-64,34.0,27.0,34,False
improved,O0,coreutils,vdir,get_type_indicator,x86-64,34.0,27.0,34,False
improved,O0,coreutils,expr,getsize,x86-64,10.0,8.0,9,False
to_perfect,O0,coreutils,dircolors,guess_shell_syntax,x86-64,4.0,0.0,9,False
worsened,O0,coreutils,df,has_uuid_suffix,x86-64,10.0,12.0,3,False
to_perfect,O0,coreutils,dd,iclose,x86-64,6.0,0.0,7,False
worsened,O0,coreutils,split,ignorable,x86-64,10.0,12.0,3,False
improved,O0,coreutils,rmdir,ignorable_failure,x86-64,16.0,12.0,9,False
worsened,O0,coreutils,mv,ignorable_missing,x86-64,10.0,12.0,3,False
worsened,O0,coreutils,rm,ignorable_missing,x86-64,10.0,12.0,3,False
worsened,O0,coreutils,cp,infer_scantype,x86-64,6.0,10.0,15,False
worsened,O0,coreutils,ginstall,infer_scantype,x86-64,6.0,10.0,15,False
worsened,O0,coreutils,mv,infer_scantype,x86-64,6.0,10.0,15,False
worsened,O0,coreutils,ginstall,install_file_in_file_parents,x86-64,10.0,12.0,3,False
improved,O0,coreutils,dir,is_colored,x86-64,14.0,9.0,9,False
improved,O0,coreutils,ls,is_colored,x86-64,14.0,9.0,9,False
improved,O0,coreutils,vdir,is_colored,x86-64,14.0,9.0,9,False
worsened,O0,coreutils,dir,is_directory,x86-64,10.0,12.0,3,False
worsened,O0,coreutils,ls,is_directory,x86-64,10.0,12.0,3,False
worsened,O0,coreutils,vdir,is_directory,x86-64,10.0,12.0,3,False
to_perfect,O0,coreutils,basenc,isbase16,x86-64,12.0,0.0,7,False
worsened,O0,coreutils,basenc,isbase2,x86-64,10.0,12.0,3,False
to_perfect,O0,coreutils,basenc,isbase32hex,x86-64,12.0,0.0,7,False
improved,O0,coreutils,basenc,isbase64url,x86-64,16.0,12.0,9,False
improved,O0,coreutils,wc,iswnbspace,x86-64,16.0,12.0,9,False
worsened,O0,coreutils,basenc,isz85,x86-64,10.0,12.0,3,False
improved,O0,coreutils,sort,key_warnings,x86-64,58.0,47.0,101,True
worsened,O0,coreutils,split,lines_chunk_split,x86-64,75.0,77.0,92,True
improved,O0,coreutils,pwd,logical_getcwd,x86-64,17.0,2.0,26,False
worsened,O0,coreutils,cp,lseek_copy,x86-64,6.0,8.0,42,False
worsened,O0,coreutils,ginstall,lseek_copy,x86-64,6.0,8.0,42,False
worsened,O0,coreutils,mv,lseek_copy,x86-64,6.0,8.0,42,False
improved,O0,coreutils,stty,main,x86-64,193.0,192.0,133,True
improved,O0,coreutils,mv,mark_ancestor_dirs,x86-64,11.0,8.0,4,False
improved,O0,coreutils,rm,mark_ancestor_dirs,x86-64,11.0,8.0,4,False
to_perfect,O0,coreutils,du,mount_point_in_fts_cycle,x86-64,10.0,0.0,10,False
improved,O0,coreutils,factor,mp_millerrabin,x86-64,57.0,55.0,28,False
to_perfect,O0,coreutils,ginstall,need_copy,x86-64,12.0,0.0,49,False
worsened,O0,coreutils,dir,needs_quoting,x86-64,10.0,12.0,3,False
worsened,O0,coreutils,ls,needs_quoting,x86-64,10.0,12.0,3,False
worsened,O0,coreutils,vdir,needs_quoting,x86-64,10.0,12.0,3,False
worsened,O0,coreutils,mv,nonexistent_file_errno,x86-64,30.0,40.0,3,False
worsened,O0,coreutils,rm,nonexistent_file_errno,x86-64,30.0,40.0,3,False
worsened,O0,coreutils,expr,null,x86-64,8.0,10.0,13,False
worsened,O0,coreutils,cp,owner_failure_ok,x86-64,10.0,12.0,5,False
worsened,O0,coreutils,ginstall,owner_failure_ok,x86-64,10.0,12.0,5,False
worsened,O0,coreutils,mv,owner_failure_ok,x86-64,10.0,12.0,5,False
worsened,O0,coreutils,dircolors,parse_line,x86-64,10.0,20.0,28,False
improved,O0,coreutils,dir,parse_ls_color,x86-64,152.0,148.0,41,False
improved,O0,coreutils,ls,parse_ls_color,x86-64,152.0,148.0,41,False
improved,O0,coreutils,vdir,parse_ls_color,x86-64,152.0,148.0,41,False
improved,O0,coreutils,tail,parse_obsolete_option,x86-64,39.0,30.0,51,False
improved,O0,coreutils,tail,parse_options,x86-64,36.0,34.0,66,True
improved,O0,coreutils,realpath,path_prefix,x86-64,12.0,10.0,16,False
worsened,O0,coreutils,nice,perm_related_errno,x86-64,10.0,12.0,3,False
improved,O0,coreutils,pr,print_stored,x86-64,7.0,5.0,20,False
improved,O0,coreutils,dd,print_xfer_stats,x86-64,12.0,8.0,21,False
improved,O0,coreutils,chcon,process_file,x86-64,23.0,15.0,43,False
improved,O0,coreutils,du,process_file,x86-64,5.0,2.0,90,True
worsened,O0,coreutils,csplit,process_line_count,x86-64,5.0,10.0,13,False
worsened,O0,coreutils,tsort,recurse_tree,x86-64,6.0,8.0,13,False
improved,O0,coreutils,cp,same_file_ok,x86-64,7.0,2.0,89,True
improved,O0,coreutils,ginstall,same_file_ok,x86-64,7.0,2.0,89,True
improved,O0,coreutils,mv,same_file_ok,x86-64,7.0,2.0,89,True
improved,O0,coreutils,fmt,same_para,x86-64,14.0,12.0,7,False
to_perfect,O0,coreutils,env,scan_varname,x86-64,5.0,0.0,13,False
to_perfect,O0,coreutils,tsort,scan_zeros,x86-64,9.0,0.0,8,False
worsened,O0,coreutils,csplit,set_input_file,x86-64,32.0,33.0,13,False
worsened,O0,coreutils,dir,set_normal_color,x86-64,5.0,8.0,4,False
worsened,O0,coreutils,ls,set_normal_color,x86-64,5.0,8.0,4,False
worsened,O0,coreutils,vdir,set_normal_color,x86-64,5.0,8.0,4,False
worsened,O0,coreutils,ginstall,setdefaultfilecon,x86-64,4.0,16.0,17,False
improved,O0,coreutils,cp,should_dereference,x86-64,16.0,8.0,3,False
improved,O0,coreutils,ginstall,should_dereference,x86-64,16.0,8.0,3,False
improved,O0,coreutils,mv,should_dereference,x86-64,16.0,8.0,3,False
worsened,O0,coreutils,pr,skip_read,x86-64,8.0,13.0,30,False
improved,O0,coreutils,cp,source_is_dst_backup,x86-64,12.0,2.0,11,False
improved,O0,coreutils,ginstall,source_is_dst_backup,x86-64,12.0,2.0,11,False
improved,O0,coreutils,mv,source_is_dst_backup,x86-64,12.0,2.0,11,False
improved,O0,coreutils,b2sum,split_3,x86-64,17.0,12.0,65,True
worsened,O0,coreutils,cksum,split_3,x86-64,3.0,6.0,65,True
worsened,O0,coreutils,cp,src_to_dest_compare,x86-64,10.0,12.0,3,False
worsened,O0,coreutils,ginstall,src_to_dest_compare,x86-64,10.0,12.0,3,False
worsened,O0,coreutils,mv,src_to_dest_compare,x86-64,10.0,12.0,3,False
worsened,O0,coreutils,uniq,strict_posix2,x86-64,10.0,12.0,3,False
to_perfect,O0,coreutils,stty,strtoul_cc_t,x86-64,6.0,0.0,9,False
to_perfect,O0,coreutils,stty,strtoul_tcflag_t,x86-64,6.0,0.0,9,False
to_perfect,O0,coreutils,dd,synchronize_output,x86-64,2.0,0.0,13,False
worsened,O0,coreutils,tail,tail_forever_inotify,x86-64,56.0,59.0,167,True
to_perfect,O0,coreutils,tail,tail_lines,x86-64,4.0,0.0,21,False
worsened,O0,coreutils,touch,touch,x86-64,19.0,24.0,39,False
improved,O0,coreutils,dir,update_current_files_info,x86-64,10.0,5.0,9,False
improved,O0,coreutils,ls,update_current_files_info,x86-64,10.0,5.0,9,False
improved,O0,coreutils,vdir,update_current_files_info,x86-64,10.0,5.0,9,False
improved,O0,coreutils,cp,valid_options,x86-64,52.0,48.0,35,False
improved,O0,coreutils,ginstall,valid_options,x86-64,52.0,48.0,35,False
improved,O0,coreutils,mv,valid_options,x86-64,52.0,48.0,35,False
worsened,O0,coreutils,tr,validate,x86-64,146.0,148.0,87,True
worsened,O0,coreutils,tr,validate_case_classes,x86-64,15.0,16.0,41,False
worsened,O0,coreutils,expand,validate_tab_stops,x86-64,89.0,95.0,36,False
worsened,O0,coreutils,unexpand,validate_tab_stops,x86-64,89.0,95.0,36,False
to_perfect,O0,coreutils,printf,vstrtold,x86-64,10.0,0.0,16,False
worsened,O0,coreutils,head,xwrite_stdout,x86-64,32.0,33.0,13,False
worsened,O0,coreutils,tail,xwrite_stdout,x86-64,32.0,33.0,13,False
worsened,O0,coreutils,basenc,z85_decode_ctx,x86-64,7.0,9.0,19,False
to_perfect,O0,crazyflie,cf2,DCD_HandleUSBSuspend_ISR,arm,12.0,0.0,9,False
to_perfect,O0,crazyflie,firmware,DCD_HandleUSBSuspend_ISR,arm,12.0,0.0,9,False
to_perfect,O0,crazyflie,cf2,DCD_WriteEmptyTxFifo,arm,11.0,0.0,13,False
to_perfect,O0,crazyflie,firmware,DCD_WriteEmptyTxFifo,arm,11.0,0.0,13,False
worsened,O0,crazyflie,cf2,DMA_GetITStatus,arm,18.0,24.0,15,False
worsened,O0,crazyflie,firmware,DMA_GetITStatus,arm,18.0,24.0,15,False
improved,O0,crazyflie,cf2,TIM_GetITStatus,arm,7.0,5.0,6,False
improved,O0,crazyflie,firmware,TIM_GetITStatus,arm,7.0,5.0,6,False
worsened,O0,crazyflie,cf2,USART_GetITStatus,arm,12.0,13.0,13,False
worsened,O0,crazyflie,firmware,USART_GetITStatus,arm,12.0,13.0,13,False
improved,O0,crazyflie,cf2,USBD_DataOutStage,arm,14.0,3.0,19,False
improved,O0,crazyflie,firmware,USBD_DataOutStage,arm,14.0,3.0,19,False
improved,O0,crazyflie,cf2,USB_OTG_EP0StartXfer,arm,11.0,5.0,19,False
improved,O0,crazyflie,firmware,USB_OTG_EP0StartXfer,arm,11.0,5.0,19,False
worsened,O0,crazyflie,cf2,VL53L1_copy_sys_and_core_results_to_range_results,arm,20.0,22.0,26,False
worsened,O0,crazyflie,firmware,VL53L1_copy_sys_and_core_results_to_range_results,arm,20.0,22.0,26,False
improved,O0,crazyflie,cf2,areConditionsMet,arm,24.0,20.0,10,False
improved,O0,crazyflie,firmware,areConditionsMet,arm,24.0,20.0,10,False
improved,O0,crazyflie,cf2,cmp_lfn,arm,8.0,2.0,18,False
improved,O0,crazyflie,firmware,cmp_lfn,arm,8.0,2.0,18,False
to_perfect,O0,crazyflie,cf2,configblockCopyToNewVersion,arm,2.0,0.0,5,False
to_perfect,O0,crazyflie,firmware,configblockCopyToNewVersion,arm,2.0,0.0,5,False
to_perfect,O0,crazyflie,cf2,crtpCommanderHighLevelReadTrajectory,arm,8.0,0.0,5,False
to_perfect,O0,crazyflie,firmware,crtpCommanderHighLevelReadTrajectory,arm,8.0,0.0,5,False
improved,O0,crazyflie,cf2,dir_sdi,arm,17.0,13.0,28,False
improved,O0,crazyflie,firmware,dir_sdi,arm,17.0,13.0,28,False
improved,O0,crazyflie,cf2,dwHandleInterrupt,arm,20.0,19.0,25,False
improved,O0,crazyflie,firmware,dwHandleInterrupt,arm,20.0,19.0,25,False
worsened,O0,crazyflie,cf2,dwIsClockProblem,arm,6.0,8.0,3,False
worsened,O0,crazyflie,firmware,dwIsClockProblem,arm,6.0,8.0,3,False
worsened,O0,crazyflie,cf2,dwIsReceiveFailed,arm,38.0,48.0,1,False
worsened,O0,crazyflie,firmware,dwIsReceiveFailed,arm,38.0,48.0,1,False
off_perfect,O0,crazyflie,cf2,dwSetData,arm,0.0,8.0,9,False
off_perfect,O0,crazyflie,firmware,dwSetData,arm,0.0,8.0,9,False
worsened,O0,crazyflie,cf2,dwSetDefaults,arm,9.0,15.0,4,False
worsened,O0,crazyflie,firmware,dwSetDefaults,arm,9.0,15.0,4,False
improved,O0,crazyflie,cf2,eTaskGetState,arm,23.0,18.0,22,False
improved,O0,crazyflie,firmware,eTaskGetState,arm,23.0,18.0,22,False
worsened,O0,crazyflie,cf2,enqueueTDOA,arm,5.0,13.0,12,False
worsened,O0,crazyflie,firmware,enqueueTDOA,arm,5.0,13.0,12,False
worsened,O0,crazyflie,cf2,espDeckFlasherWrite,arm,20.0,22.0,11,False
worsened,O0,crazyflie,firmware,espDeckFlasherWrite,arm,20.0,22.0,11,False
worsened,O0,crazyflie,cf2,estimatePositionCrossingBeams,arm,8.0,12.0,16,False
worsened,O0,crazyflie,firmware,estimatePositionCrossingBeams,arm,8.0,12.0,16,False
to_perfect,O0,crazyflie,cf2,findSyncTime,arm,2.0,0.0,28,False
to_perfect,O0,crazyflie,firmware,findSyncTime,arm,2.0,0.0,28,False
worsened,O0,crazyflie,cf2,flowdeck1Init,arm,13.0,16.0,4,False
worsened,O0,crazyflie,firmware,flowdeck1Init,arm,13.0,16.0,4,False
worsened,O0,crazyflie,cf2,flowdeck2Init,arm,13.0,16.0,4,False
worsened,O0,crazyflie,firmware,flowdeck2Init,arm,13.0,16.0,4,False
worsened,O0,crazyflie,cf2,getUartFrameRaw,arm,10.0,12.0,11,False
worsened,O0,crazyflie,firmware,getUartFrameRaw,arm,10.0,12.0,11,False
worsened,O0,crazyflie,cf2,handleButtonSensorRead,arm,6.0,7.0,3,False
worsened,O0,crazyflie,firmware,handleButtonSensorRead,arm,6.0,7.0,3,False
worsened,O0,crazyflie,cf2,handleInfoSectionRead,arm,8.0,10.0,10,False
worsened,O0,crazyflie,firmware,handleInfoSectionRead,arm,8.0,10.0,10,False
improved,O0,crazyflie,cf2,handleLedringmemRead,arm,9.0,5.0,4,False
improved,O0,crazyflie,firmware,handleLedringmemRead,arm,9.0,5.0,4,False
worsened,O0,crazyflie,cf2,handleLppPacket,arm,17.0,20.0,9,False
worsened,O0,crazyflie,firmware,handleLppPacket,arm,17.0,20.0,9,False
worsened,O0,crazyflie,cf2,isAssertRegistered,arm,10.0,12.0,3,False
worsened,O0,crazyflie,firmware,isAssertRegistered,arm,10.0,12.0,3,False
worsened,O0,crazyflie,cf2,isFlyingCheck,arm,9.0,11.0,11,False
worsened,O0,crazyflie,firmware,isFlyingCheck,arm,9.0,11.0,11,False
worsened,O0,crazyflie,cf2,isInGroup,arm,10.0,12.0,3,False
worsened,O0,crazyflie,firmware,isInGroup,arm,10.0,12.0,3,False
worsened,O0,crazyflie,cf2,isNewSync,arm,10.0,12.0,3,False
worsened,O0,crazyflie,firmware,isNewSync,arm,10.0,12.0,3,False
worsened,O0,crazyflie,cf2,isPulseASync,arm,10.0,12.0,3,False
worsened,O0,crazyflie,firmware,isPulseASync,arm,10.0,12.0,3,False
worsened,O0,crazyflie,cf2,isSweep,arm,10.0,12.0,5,False
worsened,O0,crazyflie,firmware,isSweep,arm,10.0,12.0,5,False
to_perfect,O0,crazyflie,cf2,isSync,arm,2.0,0.0,7,False
to_perfect,O0,crazyflie,firmware,isSync,arm,2.0,0.0,7,False
worsened,O0,crazyflie,cf2,kalmanCoreRobustUpdateWithTdoa,arm,4.0,6.0,47,False
worsened,O0,crazyflie,firmware,kalmanCoreRobustUpdateWithTdoa,arm,4.0,6.0,47,False
improved,O0,crazyflie,cf2,kalmanCoreUpdateWithTdoa,arm,8.0,7.0,5,False
improved,O0,crazyflie,firmware,kalmanCoreUpdateWithTdoa,arm,8.0,7.0,5,False
worsened,O0,crazyflie,cf2,kveForeach,arm,5.0,7.0,8,False
worsened,O0,crazyflie,firmware,kveForeach,arm,5.0,7.0,8,False
worsened,O0,crazyflie,cf2,ledSetSwitch,arm,6.0,10.0,3,False
worsened,O0,crazyflie,firmware,ledSetSwitch,arm,6.0,10.0,3,False
improved,O0,crazyflie,cf2,lighthouseStoragePersistData,arm,15.0,13.0,10,False
improved,O0,crazyflie,firmware,lighthouseStoragePersistData,arm,15.0,13.0,10,False
worsened,O0,crazyflie,cf2,lpf2pInit,arm,2.0,6.0,5,False
worsened,O0,crazyflie,firmware,lpf2pInit,arm,2.0,6.0,5,False
to_perfect,O0,crazyflie,cf2,lps25hSelfTest,arm,2.0,0.0,7,False
to_perfect,O0,crazyflie,firmware,lps25hSelfTest,arm,2.0,0.0,7,False
to_perfect,O0,crazyflie,cf2,lps25hTestConnection,arm,2.0,0.0,7,False
to_perfect,O0,crazyflie,firmware,lps25hTestConnection,arm,2.0,0.0,7,False
worsened,O0,crazyflie,cf2,lpsHandleLppShortPacket,arm,6.0,10.0,3,False
worsened,O0,crazyflie,firmware,lpsHandleLppShortPacket,arm,6.0,10.0,3,False
worsened,O0,crazyflie,cf2,mount_volume,arm,2.0,19.0,77,True
worsened,O0,crazyflie,firmware,mount_volume,arm,2.0,19.0,77,True
improved,O0,crazyflie,cf2,mpu6500SelfTest,arm,10.0,2.0,34,False
improved,O0,crazyflie,firmware,mpu6500SelfTest,arm,10.0,2.0,34,False
improved,O0,crazyflie,cf2,null_ptr_check,arm,11.0,5.0,10,False
improved,O0,crazyflie,firmware,null_ptr_check,arm,11.0,5.0,10,False
improved,O0,crazyflie,cf2,pmUpdateState,arm,14.0,10.0,13,False
improved,O0,crazyflie,firmware,pmUpdateState,arm,14.0,10.0,13,False
worsened,O0,crazyflie,cf2,processPreviousFrame,arm,3.0,5.0,13,False
worsened,O0,crazyflie,firmware,processPreviousFrame,arm,3.0,5.0,13,False
worsened,O0,crazyflie,cf2,prvAddNewTaskToReadyList,arm,11.0,15.0,9,False
worsened,O0,crazyflie,firmware,prvAddNewTaskToReadyList,arm,11.0,15.0,9,False
improved,O0,crazyflie,cf2,prvTaskIsTaskSuspended,arm,33.0,27.0,16,False
improved,O0,crazyflie,firmware,prvTaskIsTaskSuspended,arm,33.0,27.0,16,False
worsened,O0,crazyflie,cf2,put_utf,arm,2.0,8.0,9,False
worsened,O0,crazyflie,firmware,put_utf,arm,2.0,8.0,9,False
worsened,O0,crazyflie,cf2,receivePacket,arm,10.0,12.0,10,False
worsened,O0,crazyflie,firmware,receivePacket,arm,10.0,12.0,10,False
improved,O0,crazyflie,cf2,runLedseq,arm,13.0,12.0,14,False
improved,O0,crazyflie,firmware,runLedseq,arm,13.0,12.0,14,False
to_perfect,O0,crazyflie,cf2,sensorsFindBiasValue,arm,15.0,0.0,10,False
to_perfect,O0,crazyflie,firmware,sensorsFindBiasValue,arm,15.0,0.0,10,False
worsened,O0,crazyflie,cf2,suart_getc_,arm,8.0,10.0,14,False
worsened,O0,crazyflie,firmware,suart_getc_,arm,8.0,10.0,14,False
improved,O0,crazyflie,cf2,supervisorAreMotorsAllowedToRun,arm,14.0,12.0,7,False
improved,O0,crazyflie,firmware,supervisorAreMotorsAllowedToRun,arm,14.0,12.0,7,False
worsened,O0,crazyflie,cf2,supervisorIsArmed,arm,10.0,12.0,3,False
worsened,O0,crazyflie,firmware,supervisorIsArmed,arm,10.0,12.0,3,False
to_perfect,O0,crazyflie,cf2,switchToMode,arm,8.0,0.0,5,False
to_perfect,O0,crazyflie,firmware,switchToMode,arm,8.0,0.0,5,False
improved,O0,crazyflie,cf2,sync_window,arm,14.0,5.0,7,False
improved,O0,crazyflie,firmware,sync_window,arm,14.0,5.0,7,False
improved,O0,crazyflie,cf2,usbd_cf_Setup,arm,33.0,20.0,24,False
improved,O0,crazyflie,firmware,usbd_cf_Setup,arm,33.0,20.0,24,False
worsened,O0,crazyflie,cf2,vPortEnterCritical,arm,14.0,18.0,3,False
worsened,O0,crazyflie,firmware,vPortEnterCritical,arm,14.0,18.0,3,False
worsened,O0,crazyflie,cf2,vPortExitCritical,arm,9.0,10.0,4,False
worsened,O0,crazyflie,firmware,vPortExitCritical,arm,9.0,10.0,4,False
worsened,O0,crazyflie,cf2,vPortFree,arm,9.0,12.0,8,False
worsened,O0,crazyflie,firmware,vPortFree,arm,9.0,12.0,8,False
worsened,O0,crazyflie,cf2,vTaskDelete,arm,19.0,23.0,13,False
worsened,O0,crazyflie,firmware,vTaskDelete,arm,19.0,23.0,13,False
worsened,O0,crazyflie,cf2,vTaskPriorityDisinheritAfterTimeout,arm,9.0,15.0,19,False
worsened,O0,crazyflie,firmware,vTaskPriorityDisinheritAfterTimeout,arm,9.0,15.0,19,False
worsened,O0,crazyflie,cf2,vTaskResume,arm,5.0,11.0,9,False
worsened,O0,crazyflie,firmware,vTaskResume,arm,5.0,11.0,9,False
improved,O0,crazyflie,cf2,validate_selftest,arm,9.0,5.0,8,False
improved,O0,crazyflie,firmware,validate_selftest,arm,9.0,5.0,8,False
to_perfect,O0,crazyflie,cf2,vl53l0xSetSignalRateLimit,arm,2.0,0.0,5,False
to_perfect,O0,crazyflie,firmware,vl53l0xSetSignalRateLimit,arm,2.0,0.0,5,False
improved,O0,crazyflie,cf2,xTaskPriorityDisinherit,arm,12.0,5.0,11,False
improved,O0,crazyflie,firmware,xTaskPriorityDisinherit,arm,12.0,5.0,11,False
improved,O0,cronie,crond,cron_pclose,x86-64,6.0,4.0,12,False
worsened,O0,cronie,crond,cron_set_job_security_context,x86-64,3.0,5.0,10,False
worsened,O0,cronie,crontab,cron_set_job_security_context,x86-64,3.0,5.0,10,False
improved,O0,cronie,crond,cron_sleep,x86-64,8.0,5.0,8,False
worsened,O0,cronie,crond,get_range,x86-64,3.0,5.0,59,True
worsened,O0,cronie,cronnext,get_range,x86-64,3.0,5.0,59,True
worsened,O0,cronie,crontab,get_range,x86-64,3.0,5.0,59,True
worsened,O0,cronie,crontab,host_specific_filename,x86-64,3.0,4.0,10,False
worsened,O0,cronie,crond,is_separator,x86-64,6.0,8.0,3,False
worsened,O0,cronie,cronnext,is_separator,x86-64,6.0,8.0,3,False
worsened,O0,cronie,crontab,is_separator,x86-64,6.0,8.0,3,False
worsened,O0,cronie,crond,load_entry,x86-64,109.0,112.0,227,True
worsened,O0,cronie,cronnext,load_entry,x86-64,109.0,112.0,227,True
worsened,O0,cronie,crontab,load_entry,x86-64,109.0,112.0,227,True
worsened,O0,cronie,cronnext,matchday,x86-64,9.0,11.0,7,False
worsened,O0,cronie,cronnext,matchuser,x86-64,2.0,8.0,11,False
worsened,O0,cronie,crond,not_a_crontab,x86-64,4.0,8.0,25,False
worsened,O0,cronie,cronnext,not_a_crontab,x86-64,4.0,8.0,25,False
to_perfect,O0,cronie,crond,set_element,x86-64,2.0,0.0,7,False
to_perfect,O0,cronie,cronnext,set_element,x86-64,2.0,0.0,7,False
to_perfect,O0,cronie,crontab,set_element,x86-64,2.0,0.0,7,False
to_perfect,O0,cronie,crond,strcmp_until,x86-64,5.0,0.0,16,False
to_perfect,O0,cronie,cronnext,strcmp_until,x86-64,5.0,0.0,16,False
to_perfect,O0,cronie,crontab,strcmp_until,x86-64,5.0,0.0,16,False
improved,O0,cronie,crond,swap_uids_back,x86-64,8.0,6.0,5,False
improved,O0,cronie,cronnext,swap_uids_back,x86-64,8.0,6.0,5,False
improved,O0,cronie,crontab,swap_uids_back,x86-64,8.0,6.0,5,False
worsened,O0,dexter,dexter,BeginInjection,pe-x86,8.0,13.0,7,False
to_perfect,O0,dexter,dexter,GetParentProcessId,pe-x86,5.0,0.0,6,False
to_perfect,O0,dexter,dexter,IsDigit,pe-x86,2.0,0.0,5,False
improved,O0,dexter,dexter,IsNameChar,pe-x86,8.0,2.0,15,False
to_perfect,O0,dexter,dexter,Track1NameLength,pe-x86,2.0,0.0,11,False
worsened,O0,dexter,dexter,check_digit,pe-x86,10.0,12.0,3,False
worsened,O0,diffutils,sdiff,catchsig,x86-64,9.0,11.0,2,False
improved,O0,diffutils,cmp,cmp,x86-64,81.0,77.0,108,True
to_perfect,O0,diffutils,diff3,copy_stringlist,x86-64,2.0,0.0,10,False
worsened,O0,diffutils,sdiff,diraccess,x86-64,10.0,12.0,3,False
improved,O0,diffutils,diff,file_block_read,x86-64,7.0,5.0,6,False
improved,O0,diffutils,diff,finish_output,x86-64,53.0,50.0,33,False
improved,O0,diffutils,diff,parse_diff_color,x86-64,134.0,132.0,31,False
to_perfect,O0,diffutils,diff,print_sdiff_common_lines,x86-64,9.0,0.0,17,False
worsened,O0,diffutils,diff,scan_char_literal,x86-64,19.0,26.0,14,False
improved,O0,diffutils,diff,set_color_context,x86-64,8.0,5.0,12,False
to_perfect,O0,diffutils,diff,specify_colors_style,x86-64,2.0,0.0,9,False
to_perfect,O0,diffutils,cmp,specify_comparison_type,x86-64,8.0,0.0,5,False
worsened,O0,diffutils,diff,summarize_regexp_list,x86-64,26.0,36.0,13,False
worsened,O0,dpkg,dpkg,breaks_check_one,x86-64,3.0,26.0,28,False
to_perfect,O0,dpkg,dpkg-divert,check_rename,x86-64,6.0,0.0,11,False
off_perfect,O0,dpkg,dpkg-query,control_path_file,x86-64,0.0,8.0,5,False
worsened,O0,dpkg,dpkg,depisok,x86-64,68.0,70.0,139,True
improved,O0,dpkg,dpkg-divert,diversion_is_shared,x86-64,4.0,2.0,16,False
improved,O0,dpkg,dpkg-divert,diversion_listpackage,x86-64,7.0,5.0,12,False
worsened,O0,dpkg,dpkg,dpkg_selabel_set_context,x86-64,2.0,12.0,13,False
worsened,O0,dpkg,dpkg-statoverride,dpkg_selabel_set_context,x86-64,2.0,12.0,13,False
to_perfect,O0,dpkg,dpkg,linktosameexistingdir,x86-64,12.0,0.0,30,False
to_perfect,O0,dpkg,dpkg-query,pkg_infodb_is_internal,x86-64,2.0,0.0,7,False
worsened,O0,dpkg,dpkg,removal_bulk_remove_file,x86-64,4.0,11.0,7,False
worsened,O0,dpkg,dpkg-divert,set_package,x86-64,5.0,8.0,4,False
off_perfect,O0,dpkg,dpkg,setexecute,x86-64,0.0,8.0,5,False
to_perfect,O0,dpkg,dpkg-statoverride,statdb_node_remove,x86-64,2.0,0.0,5,False
worsened,O0,dpkg,dpkg,tarobject_set_mtime,x86-64,6.0,9.0,7,False
worsened,O0,dpkg,dpkg,tarobject_skip_padding,x86-64,3.0,7.0,4,False
worsened,O0,dpkg,dpkg-trigger,tdm_add_trig_begin,x86-64,6.0,10.0,3,False
off_perfect,O0,dpkg,dpkg,trigproc_enqueue_deferred,x86-64,0.0,8.0,5,False
improved,O0,e2fsprogs,e2fsck,check_backup_super_block,x86-64,28.0,14.0,39,False
worsened,O0,e2fsprogs,e2fsck,check_block_bitmap_checksum,x86-64,5.0,8.0,15,False
worsened,O0,e2fsprogs,e2fsck,check_block_end,x86-64,4.0,6.0,22,False
worsened,O0,e2fsprogs,e2fsck,check_directory,x86-64,16.0,18.0,28,False
worsened,O0,e2fsprogs,e2fsck,check_ea_inode,x86-64,9.0,12.0,13,False
off_perfect,O0,e2fsprogs,e2fsck,check_extents_inlinedata,x86-64,0.0,8.0,5,False
worsened,O0,e2fsprogs,e2fsck,check_filetype,x86-64,2.0,5.0,20,False
worsened,O0,e2fsprogs,e2fsck,check_if_skip,x86-64,6.0,8.0,76,True
off_perfect,O0,e2fsprogs,e2fsck,check_immutable,x86-64,0.0,8.0,5,False
worsened,O0,e2fsprogs,e2fsck,check_inode_bitmap_checksum,x86-64,5.0,8.0,15,False
worsened,O0,e2fsprogs,e2fsck,check_inode_end,x86-64,4.0,6.0,22,False
worsened,O0,e2fsprogs,e2fsck,check_inode_extra_negative_epoch,x86-64,10.0,12.0,3,False
worsened,O0,e2fsprogs,e2fsck,check_mount,x86-64,9.0,16.0,31,False
off_perfect,O0,e2fsprogs,e2fsck,check_size,x86-64,0.0,8.0,5,False
to_perfect,O0,e2fsprogs,e2fsck,check_super_value,x86-64,5.0,0.0,13,False
to_perfect,O0,e2fsprogs,e2fsck,check_super_value64,x86-64,5.0,0.0,13,False
worsened,O0,e2fsprogs,e2fsck,deallocate_inode_block,x86-64,2.0,10.0,9,False
improved,O0,e2fsprogs,e2fsck,delete_file,x86-64,9.0,7.0,19,False
to_perfect,O0,e2fsprogs,e2fsck,e2fsck_dir_info_iter,x86-64,2.0,0.0,13,False
worsened,O0,e2fsprogs,e2fsck,e2fsck_discard_blocks,x86-64,5.0,8.0,6,False
worsened,O0,e2fsprogs,e2fsck,e2fsck_discard_inodes,x86-64,15.0,16.0,18,False
worsened,O0,e2fsprogs,e2fsck,e2fsck_fix_dirhash_hint,x86-64,12.0,15.0,11,False
worsened,O0,e2fsprogs,e2fsck,e2fsck_fix_ext3_journal_hint,x86-64,2.0,11.0,12,False
improved,O0,e2fsprogs,e2fsck,e2fsck_get_dir_info,x86-64,11.0,10.0,26,False
improved,O0,e2fsprogs,e2fsck,e2fsck_get_dx_dir_info,x86-64,11.0,8.0,16,False
worsened,O0,e2fsprogs,e2fsck,e2fsck_hide_quota,x86-64,3.0,8.0,15,False
worsened,O0,e2fsprogs,e2fsck,e2fsck_journal_load,x86-64,16.0,17.0,55,True
worsened,O0,e2fsprogs,e2fsck,e2fsck_move_ext3_journal,x86-64,8.0,19.0,40,False
improved,O0,e2fsprogs,e2fsck,e2fsck_pass1_check_symlink,x86-64,22.0,16.0,54,False
worsened,O0,e2fsprogs,e2fsck,e2fsck_pass5,x86-64,3.0,14.0,14,False
improved,O0,e2fsprogs,e2fsck,e2fsck_process_bad_inode,x86-64,15.0,13.0,105,True
improved,O0,e2fsprogs,e2fsck,e2fsck_rebuild_extents_later,x86-64,4.0,2.0,15,False
off_perfect,O0,e2fsprogs,e2fsck,e2fsck_simple_progress,x86-64,0.0,11.0,21,False
to_perfect,O0,e2fsprogs,e2fsck,ea_refcount_decrement,x86-64,4.0,0.0,7,False
worsened,O0,e2fsprogs,e2fsck,encoded_check_name,x86-64,26.0,28.0,11,False
worsened,O0,e2fsprogs,e2fsck,expand_at_expression,x86-64,3.0,8.0,13,False
off_perfect,O0,e2fsprogs,e2fsck,expand_dirent_expression,x86-64,0.0,13.0,14,False
worsened,O0,e2fsprogs,e2fsck,ext4_fc_flush_extents,x86-64,2.0,6.0,5,False
worsened,O0,e2fsprogs,e2fsck,get_refcount_el,x86-64,6.0,8.0,29,False
to_perfect,O0,e2fsprogs,e2fsck,handle_htree,x86-64,2.0,0.0,69,True
to_perfect,O0,e2fsprogs,e2fsck,has_unaligned_cluster_map,x86-64,9.0,0.0,12,False
to_perfect,O0,e2fsprogs,e2fsck,is_fake_entry,x86-64,2.0,0.0,9,False
to_perfect,O0,e2fsprogs,e2fsck,mark_bmap,x86-64,2.0,0.0,5,False
to_perfect,O0,e2fsprogs,e2fsck,mark_bmap_range,x86-64,2.0,0.0,5,False
improved,O0,e2fsprogs,e2fsck,needs_encryption,x86-64,18.0,12.0,15,False
to_perfect,O0,e2fsprogs,e2fsck,pass1_check_directory,x86-64,2.0,0.0,7,False
to_perfect,O0,e2fsprogs,e2fsck,pass1_get_blocks,x86-64,2.0,0.0,8,False
to_perfect,O0,e2fsprogs,e2fsck,pass1_read_inode,x86-64,2.0,0.0,5,False
to_perfect,O0,e2fsprogs,e2fsck,pass1_write_inode,x86-64,10.0,0.0,7,False
worsened,O0,e2fsprogs,e2fsck,print_resource_track,x86-64,9.0,11.0,23,False
improved,O0,e2fsprogs,e2fsck,process_block,x86-64,3.0,2.0,101,True
to_perfect,O0,e2fsprogs,e2fsck,process_journal_block,x86-64,6.0,0.0,9,False
to_perfect,O0,e2fsprogs,e2fsck,region_allocate,x86-64,13.0,0.0,53,False
off_perfect,O0,e2fsprogs,e2fsck,reserve_block_for_lnf_repair,x86-64,0.0,8.0,5,False
off_perfect,O0,e2fsprogs,e2fsck,reserve_block_for_root_repair,x86-64,0.0,8.0,5,False
worsened,O0,e2fsprogs,e2fsck,scan_callback,x86-64,3.0,5.0,4,False
improved,O0,e2fsprogs,e2fsck,search_dirent_proc,x86-64,8.0,6.0,13,False
worsened,O0,e2fsprogs,e2fsck,setup_tdb,x86-64,6.0,14.0,16,False
to_perfect,O0,e2fsprogs,e2fsck,write_dir_block,x86-64,2.0,0.0,16,False
improved,O0,findutils,find,check_name_arg,x86-64,8.0,5.0,5,False
worsened,O0,findutils,find,check_option_combinations,x86-64,29.0,35.0,21,False
worsened,O0,findutils,find,entry_comparator,x86-64,10.0,12.0,3,False
worsened,O0,findutils,find,get_info,x86-64,3.0,12.0,19,False
improved,O0,findutils,find,insert_exec_ok,x86-64,91.0,87.0,98,True
worsened,O0,findutils,find,insert_num,x86-64,13.0,15.0,14,False
improved,O0,findutils,find,insert_path_check,x86-64,12.0,8.0,9,False
worsened,O0,findutils,find,inside_dir,x86-64,16.0,24.0,19,False
worsened,O0,findutils,find,is_exec_in_local_dir,x86-64,10.0,12.0,3,False
to_perfect,O0,findutils,find,is_feasible_path_argument,x86-64,2.0,0.0,7,False
worsened,O0,findutils,find,is_octal_char,x86-64,10.0,12.0,3,False
worsened,O0,findutils,find,left_dir,x86-64,6.0,10.0,3,False
improved,O0,findutils,find,opt_expr,x86-64,21.0,20.0,59,False
improved,O0,findutils,find,parse_context,x86-64,35.0,33.0,16,False
worsened,O0,findutils,find,parse_iname,x86-64,3.0,5.0,4,False
improved,O0,findutils,find,parse_newerXY,x86-64,64.0,62.0,72,True
improved,O0,findutils,find,parse_size,x86-64,55.0,53.0,50,False
improved,O0,findutils,find,pred_gid,x86-64,25.0,18.0,8,False
improved,O0,findutils,find,pred_inum,x86-64,25.0,18.0,8,False
improved,O0,findutils,find,pred_links,x86-64,25.0,18.0,8,False
improved,O0,findutils,find,pred_prune,x86-64,11.0,7.0,8,False
improved,O0,findutils,find,pred_size,x86-64,25.0,18.0,8,False
improved,O0,findutils,find,pred_type,x86-64,13.0,11.0,20,False
improved,O0,findutils,find,pred_uid,x86-64,25.0,18.0,8,False
improved,O0,findutils,find,predicate_is_cost_free,x86-64,12.0,2.0,19,False
to_perfect,O0,findutils,find,scan_for_digit_differences,x86-64,4.0,0.0,20,False
improved,O0,findutils,find,subtree_has_side_effects,x86-64,8.0,6.0,7,False
worsened,O0,findutils,find,symlink_loop,x86-64,10.0,12.0,3,False
to_perfect,O0,gnutls,srptool,_verify_passwd_int,x86-64,2.0,0.0,17,False
improved,O0,gnutls,ocsptool,ask_server,x86-64,10.0,7.0,28,False
worsened,O0,gnutls,gnutls-cli-debug,cert_callback,x86-64,32.0,34.0,21,False
worsened,O0,gnutls,gnutls-cli,cert_verify_callback,x86-64,19.0,27.0,56,False
improved,O0,gnutls,certtool,check_command,x86-64,10.0,5.0,24,False
improved,O0,gnutls,gnutls-cli,check_command,x86-64,10.0,5.0,24,False
improved,O0,gnutls,gnutls-cli-debug,check_command,x86-64,10.0,5.0,24,False
improved,O0,gnutls,gnutls-serv,check_command,x86-64,10.0,5.0,24,False
improved,O0,gnutls,ocsptool,check_command,x86-64,10.0,5.0,24,False
improved,O0,gnutls,systemkey,check_command,x86-64,10.0,5.0,24,False
improved,O0,gnutls,psktool,close_stream,x86-64,9.0,5.0,9,False
worsened,O0,gnutls,certtool,crq_extensions_set,x86-64,6.0,11.0,8,False
worsened,O0,gnutls,systemkey,crq_extensions_set,x86-64,6.0,11.0,8,False
worsened,O0,gnutls,certtool,crt_constraints_set,x86-64,7.0,33.0,58,False
worsened,O0,gnutls,systemkey,crt_constraints_set,x86-64,7.0,33.0,58,False
to_perfect,O0,gnutls,certtool,figure_key_type,x86-64,4.0,0.0,27,False
to_perfect,O0,gnutls,ocsptool,figure_key_type,x86-64,4.0,0.0,27,False
to_perfect,O0,gnutls,systemkey,figure_key_type,x86-64,4.0,0.0,27,False
worsened,O0,gnutls,certtool,get_dn_crq_set,x86-64,6.0,8.0,5,False
worsened,O0,gnutls,systemkey,get_dn_crq_set,x86-64,6.0,8.0,5,False
worsened,O0,gnutls,certtool,get_dn_crt_set,x86-64,6.0,8.0,5,False
worsened,O0,gnutls,systemkey,get_dn_crt_set,x86-64,6.0,8.0,5,False
worsened,O0,gnutls,certtool,get_tlsfeatures_set,x86-64,3.0,11.0,16,False
worsened,O0,gnutls,systemkey,get_tlsfeatures_set,x86-64,3.0,11.0,16,False
to_perfect,O0,gnutls,gnutls-cli,handle_error,x86-64,4.0,0.0,18,False
worsened,O0,gnutls,gnutls-cli,load_rawpk_keys,x86-64,7.0,9.0,8,False
worsened,O0,gnutls,gnutls-cli,load_x509_keys,x86-64,8.0,9.0,16,False
worsened,O0,gnutls,certtool,print_certificate_info,x86-64,8.0,10.0,10,False
off_perfect,O0,gnutls,certtool,print_dh_info,x86-64,0.0,8.0,18,False
off_perfect,O0,gnutls,gnutls-cli,print_dh_info,x86-64,0.0,8.0,18,False
off_perfect,O0,gnutls,gnutls-cli-debug,print_dh_info,x86-64,0.0,8.0,18,False
off_perfect,O0,gnutls,gnutls-serv,print_dh_info,x86-64,0.0,8.0,18,False
off_perfect,O0,gnutls,ocsptool,print_dh_info,x86-64,0.0,8.0,18,False
off_perfect,O0,gnutls,systemkey,print_dh_info,x86-64,0.0,8.0,18,False
improved,O0,gnutls,certtool,print_ecc_pkey,x86-64,8.0,5.0,12,False
improved,O0,gnutls,ocsptool,print_ecc_pkey,x86-64,8.0,5.0,12,False
improved,O0,gnutls,systemkey,print_ecc_pkey,x86-64,8.0,5.0,12,False
worsened,O0,gnutls,gnutls-cli,print_other_info,x86-64,10.0,17.0,18,False
improved,O0,gnutls,certtool,print_rsa_pkey,x86-64,12.0,7.0,3,False
improved,O0,gnutls,ocsptool,print_rsa_pkey,x86-64,12.0,7.0,3,False
improved,O0,gnutls,systemkey,print_rsa_pkey,x86-64,12.0,7.0,3,False
worsened,O0,gnutls,gnutls-serv,pull_timeout_func,x86-64,8.0,10.0,12,False
to_perfect,O0,gnutls,certtool,read_str,x86-64,2.0,0.0,11,False
to_perfect,O0,gnutls,systemkey,read_str,x86-64,2.0,0.0,11,False
to_perfect,O0,gnutls,certtool,read_yesno,x86-64,7.0,0.0,15,False
improved,O0,gnutls,gnutls-cli,read_yesno,x86-64,22.0,18.0,15,False
to_perfect,O0,gnutls,systemkey,read_yesno,x86-64,7.0,0.0,15,False
to_perfect,O0,gnutls,certtool,save_abbr,x86-64,2.0,0.0,24,False
to_perfect,O0,gnutls,systemkey,save_abbr,x86-64,2.0,0.0,24,False
worsened,O0,gnutls,gnutls-cli,socket_starttls,x86-64,27.0,32.0,58,False
worsened,O0,gnutls,gnutls-cli-debug,socket_starttls,x86-64,27.0,32.0,58,False
worsened,O0,gnutls,ocsptool,socket_starttls,x86-64,27.0,32.0,58,False
worsened,O0,gnutls,gnutls-cli,srp_username_callback,x86-64,2.0,8.0,5,False
to_perfect,O0,gnutls,certtool,str_to_sec_param,x86-64,2.0,0.0,15,False
to_perfect,O0,gnutls,ocsptool,str_to_sec_param,x86-64,2.0,0.0,15,False
to_perfect,O0,gnutls,systemkey,str_to_sec_param,x86-64,2.0,0.0,15,False
improved,O0,gnutls,gnutls-cli-debug,test_dhe_group,x86-64,9.0,7.0,29,False
improved,O0,gnutls,gnutls-cli-debug,test_known_protocols,x86-64,8.0,2.0,11,False
worsened,O0,gnutls,gnutls-cli-debug,test_rfc7507,x86-64,6.0,8.0,12,False
improved,O0,gnutls,gnutls-cli-debug,test_rfc7919,x86-64,3.0,1.0,8,False
to_perfect,O0,gnutls,gnutls-cli-debug,test_session_resume2,x86-64,2.0,0.0,15,False
worsened,O0,gnutls,gnutls-cli-debug,test_version_rollback,x86-64,5.0,8.0,11,False
worsened,O0,grep,grep,Fexecute,x86-64,25.0,27.0,43,False
improved,O0,grep,grep,file_must_have_nulls,x86-64,15.0,13.0,18,False
improved,O0,grep,grep,is_device_mode,x86-64,14.0,12.0,7,False
to_perfect,O0,grep,grep,open_symlink_nofollow_error,x86-64,2.0,0.0,5,False
improved,O0,grep,grep,parse_grep_colors,x86-64,11.0,5.0,30,False
improved,O0,grep,grep,print_line_head,x86-64,17.0,7.0,19,False
improved,O0,grep,grep,prpending,x86-64,8.0,3.0,6,False
worsened,O0,grep,grep,skip_devices,x86-64,10.0,12.0,3,False
worsened,O0,grep,grep,wordchar,x86-64,10.0,12.0,3,False
worsened,O0,gzip,gzip,atdir_eq,x86-64,10.0,12.0,5,False
improved,O0,gzip,gzip,fdutimens,x86-64,4.0,2.0,77,True
improved,O0,gzip,gzip,get_input_size_and_time,x86-64,14.0,10.0,3,False
worsened,O0,gzip,gzip,inflate_dynamic,x86-64,6.0,7.0,89,True
to_perfect,O0,gzip,gzip,input_eof,x86-64,8.0,0.0,9,False
improved,O0,gzip,gzip,lm_init,x86-64,10.0,8.0,19,False
to_perfect,O0,gzip,gzip,make_ofname,x86-64,20.0,0.0,34,False
worsened,O0,iproute2,ip,__valid_nh_group_attr,x86-64,10.0,12.0,3,False
worsened,O0,iproute2,ip,check_sa_args,x86-64,6.0,7.0,9,False
to_perfect,O0,iproute2,ip,check_txsc_flags,x86-64,9.0,0.0,7,False
worsened,O0,iproute2,ip,create_netns_dir,x86-64,3.0,5.0,4,False
worsened,O0,iproute2,ip,do_modify_rxsci,x86-64,13.0,15.0,11,False
worsened,O0,iproute2,ip,filter_nlmsg,x86-64,15.0,23.0,175,True
improved,O0,iproute2,ip,flush_nexthop,x86-64,8.0,5.0,12,False
to_perfect,O0,iproute2,ip,flush_update,x86-64,2.0,0.0,5,False
to_perfect,O0,iproute2,ip,get_float,x86-64,6.0,0.0,11,False
worsened,O0,iproute2,ip,get_sci_portaddr,x86-64,24.0,26.0,36,False
worsened,O0,iproute2,ip,hsr_print_opt,x86-64,3.0,16.0,30,False
improved,O0,iproute2,ip,invalid_name,x86-64,16.0,12.0,9,False
worsened,O0,iproute2,ip,ip6_tnl_parm_match,x86-64,18.0,24.0,65,True
improved,O0,iproute2,ip,ip_tunnel_parm_match,x86-64,18.0,12.0,19,False
worsened,O0,iproute2,ip,ipneigh_dump_filter,x86-64,6.0,7.0,7,False
worsened,O0,iproute2,ip,ipnetns_accept_msg,x86-64,9.0,11.0,8,False
worsened,O0,iproute2,ip,ipoib_print_opt,x86-64,11.0,15.0,22,False
improved,O0,iproute2,ip,iproute_dump_filter,x86-64,7.0,6.0,9,False
worsened,O0,iproute2,ip,ipstats_req_should_filter_at,x86-64,10.0,12.0,3,False
improved,O0,iproute2,ip,ipstats_show_group,x86-64,11.0,8.0,4,False
worsened,O0,iproute2,ip,ipvlan_print_opt,x86-64,20.0,27.0,16,False
worsened,O0,iproute2,ip,macvlan_print_opt,x86-64,17.0,19.0,53,False
worsened,O0,iproute2,ip,mptcp_parse_limit,x86-64,22.0,24.0,21,False
worsened,O0,iproute2,ip,netns_filter_req,x86-64,3.0,5.0,4,False
worsened,O0,iproute2,ip,netns_map_init,x86-64,8.0,14.0,12,False
worsened,O0,iproute2,ip,netns_nsid_socket_init,x86-64,5.0,11.0,6,False
worsened,O0,iproute2,ip,netns_save,x86-64,3.0,8.0,4,False
worsened,O0,iproute2,ip,nh_dump_filter,x86-64,10.0,11.0,13,False
improved,O0,iproute2,ip,nud_state_a2n,x86-64,20.0,2.0,25,False
improved,O0,iproute2,ip,parse_ioam6_freq,x86-64,12.0,8.0,19,False
worsened,O0,iproute2,ip,print_af_spec,x86-64,8.0,20.0,9,False
improved,O0,iproute2,ip,print_af_stats_attr,x86-64,8.0,3.0,15,False
worsened,O0,iproute2,ip,print_encap_ioam6,x86-64,6.0,31.0,15,False
improved,O0,iproute2,ip,print_encap_seg6local,x86-64,9.0,8.0,20,False
improved,O0,iproute2,ip,print_neigh,x86-64,15.0,12.0,98,True
worsened,O0,iproute2,ip,print_nlmsg_tunnel,x86-64,14.0,16.0,26,False
worsened,O0,iproute2,ip,print_rxsa_stats,x86-64,2.0,12.0,5,False
worsened,O0,iproute2,ip,print_rxsc_stats,x86-64,2.0,12.0,5,False
worsened,O0,iproute2,ip,print_secy_stats,x86-64,2.0,12.0,5,False
worsened,O0,iproute2,ip,print_txsa_stats,x86-64,2.0,12.0,5,False
worsened,O0,iproute2,ip,print_txsc_stats,x86-64,2.0,12.0,5,False
improved,O0,iproute2,ip,print_vfinfo,x86-64,41.0,39.0,64,True
off_perfect,O0,iproute2,ip,read_cgroup_pids,x86-64,0.0,8.0,11,False
improved,O0,iproute2,ip,restore_handler,x86-64,20.0,15.0,23,False
worsened,O0,iproute2,ip,rmnet_print_opt,x86-64,2.0,8.0,7,False
worsened,O0,iproute2,ip,rtattr_cmp,x86-64,4.0,8.0,7,False
to_perfect,O0,iproute2,ip,rtnl_rtntype_a2n,x86-64,6.0,0.0,33,False
to_perfect,O0,iproute2,ip,save_route_errhndlr,x86-64,4.0,0.0,7,False
to_perfect,O0,iproute2,ip,sci_complete,x86-64,21.0,0.0,4,False
worsened,O0,iproute2,ip,tnl_print_encap,x86-64,13.0,19.0,12,False
improved,O0,iproute2,ip,validate_dump,x86-64,18.0,12.0,11,False
improved,O0,iproute2,ip,validate_secy_dump,x86-64,30.0,18.0,23,False
worsened,O0,iproute2,ip,vlan_print_opt,x86-64,5.0,8.0,21,False
worsened,O0,iproute2,ip,vrf_print_opt,x86-64,3.0,7.0,4,False
worsened,O0,iproute2,ip,vrf_reset,x86-64,2.0,6.0,5,False
worsened,O0,iproute2,ip,vrf_slave_print_opt,x86-64,3.0,7.0,4,False
worsened,O0,iproute2,ip,vrf_table_linkinfo,x86-64,3.0,5.0,4,False
worsened,O0,iproute2,ip,vti6_print_opt,x86-64,11.0,14.0,18,False
worsened,O0,iproute2,ip,vti_print_opt,x86-64,11.0,14.0,18,False
worsened,O0,iproute2,ip,wwan_print_opt,x86-64,3.0,7.0,4,False
worsened,O0,iproute2,ip,xdp_dump,x86-64,11.0,15.0,24,False
worsened,O0,iproute2,ip,xdp_dump_prog_one,x86-64,12.0,13.0,11,False
worsened,O0,iproute2,ip,xfrm_accept_msg,x86-64,33.0,39.0,25,False
worsened,O0,iproute2,ip,xfrm_addr_match,x86-64,6.0,8.0,7,False
worsened,O0,iproute2,ip,xfrm_policy_filter_match,x86-64,15.0,17.0,40,False
worsened,O0,iproute2,ip,xfrm_print_opt,x86-64,3.0,7.0,4,False
worsened,O0,iproute2,ip,xfrm_state_filter_match,x86-64,9.0,11.0,24,False
worsened,O0,iproute2,ip,xfrm_state_keep,x86-64,3.0,5.0,16,False
worsened,O0,iproute2,ip,xfrm_xfrmproto_is_ro,x86-64,10.0,12.0,3,False
improved,O0,kmod,kmod,flush_stream,x86-64,11.0,8.0,8,False
worsened,O0,kmod,kmod,is_module_filename,x86-64,4.0,5.0,7,False
worsened,O0,kmod,kmod,should_exclude_dir,x86-64,4.0,5.0,18,False
to_perfect,O0,libacl,libacl.so.1.1,acl_add_perm,x86-64,2.0,0.0,5,False
worsened,O0,libacl,libacl.so.1.1,acl_check,x86-64,5.0,8.0,48,False
worsened,O0,libacl,libacl.so.1.1,acl_cmp,x86-64,14.0,16.0,17,False
worsened,O0,libacl,libacl.so.1.1,acl_copy_entry,x86-64,2.0,8.0,5,False
to_perfect,O0,libacl,libacl.so.1.1,acl_delete_def_file,x86-64,4.0,0.0,7,False
worsened,O0,libacl,libacl.so.1.1,acl_delete_entry,x86-64,2.0,8.0,7,False
to_perfect,O0,libacl,libacl.so.1.1,acl_delete_perm,x86-64,2.0,0.0,5,False
to_perfect,O0,libacl,libacl.so.1.1,acl_get_perm,x86-64,2.0,0.0,5,False
worsened,O0,libacl,libacl.so.1.1,acl_set_permset,x86-64,2.0,8.0,5,False
to_perfect,O0,libacl,getfacl,do_print,x86-64,4.0,0.0,69,True
worsened,O0,libacl,setfacl,do_set,x86-64,17.0,20.0,126,True
improved,O0,libacl,libacl.so.1.1,perm_copy_fd,x86-64,55.0,50.0,46,False
improved,O0,libacl,libacl.so.1.1,perm_copy_file,x86-64,42.0,36.0,76,True
improved,O0,libacl,setfacl,read_acl_comments,x86-64,8.0,2.0,109,True
improved,O0,libacl,libacl.so.1.1,set_acl,x86-64,58.0,57.0,46,False
improved,O0,libacl,libacl.so.1.1,set_acl_fd,x86-64,45.0,44.0,32,False
improved,O0,libbsd,libbsd.so.0.11,__elf_is_okay__,x86-64,23.0,9.0,18,False
improved,O0,libbsd,libbsd.so.0.11,__fdnlist,x86-64,10.0,6.0,59,False
to_perfect,O0,libbsd,libbsd.so.0.11,pidfile_verify,x86-64,4.0,0.0,11,False
to_perfect,O0,libbsd,libbsd.so.0.11,spt_copyargs,x86-64,5.0,0.0,12,False
worsened,O0,libedit,libedit.so.0.0,ce__isword,x86-64,10.0,12.0,3,False
to_perfect,O0,libedit,libedit.so.0.0,cv__isword,x86-64,2.0,0.0,7,False
to_perfect,O0,libedit,libedit.so.0.0,cv_paste,x86-64,2.0,0.0,11,False
to_perfect,O0,libedit,libedit.so.0.0,ed_delete_next_char,x86-64,6.0,0.0,13,False
worsened,O0,libedit,libedit.so.0.0,ed_prev_char,x86-64,3.0,5.0,8,False
worsened,O0,libedit,libedit.so.0.0,ed_prev_word,x86-64,3.0,5.0,6,False
worsened,O0,libedit,libedit.so.0.0,el_deletestr,x86-64,3.0,10.0,6,False
to_perfect,O0,libedit,libedit.so.0.0,el_deletestr1,x86-64,2.0,0.0,14,False
to_perfect,O0,libedit,libedit.so.0.0,el_editmode,x86-64,9.0,0.0,12,False
worsened,O0,libedit,libedit.so.0.0,el_wgets,x86-64,22.0,26.0,48,False
worsened,O0,libedit,libedit.so.0.0,el_winsertstr,x86-64,3.0,5.0,11,False
worsened,O0,libedit,libedit.so.0.0,em_next_word,x86-64,3.0,5.0,6,False
to_perfect,O0,libedit,libedit.so.0.0,history_def_enter,x86-64,5.0,0.0,13,False
to_perfect,O0,libedit,libedit.so.0.0,history_search_pos,x86-64,2.0,0.0,14,False
to_perfect,O0,libedit,libedit.so.0.0,history_set_pos,x86-64,2.0,0.0,5,False
worsened,O0,libedit,libedit.so.0.0,keymacro_clear,x86-64,6.0,7.0,12,False
to_perfect,O0,libedit,libedit.so.0.0,map_addfunc,x86-64,4.0,0.0,11,False
worsened,O0,libedit,libedit.so.0.0,needs_dquote_escaping,x86-64,6.0,8.0,3,False
improved,O0,libedit,libedit.so.0.0,re__strncopy,x86-64,8.0,3.0,5,False
improved,O0,libedit,libedit.so.0.0,re_insert,x86-64,8.0,6.0,14,False
worsened,O0,libedit,libedit.so.0.0,re_putc,x86-64,3.0,8.0,12,False
worsened,O0,libedit,libedit.so.0.0,re_putliteral,x86-64,5.0,8.0,10,False
to_perfect,O0,libedit,libedit.so.0.0,rl_add_defun,x86-64,2.0,0.0,5,False
worsened,O0,libedit,libedit.so.0.0,rl_callback_read_char,x86-64,5.0,9.0,21,False
improved,O0,libedit,libedit.so.0.0,rl_initialize,x86-64,14.0,8.0,26,False
to_perfect,O0,libedit,libedit.so.0.0,rl_insert_text,x86-64,2.0,0.0,11,False
worsened,O0,libedit,libedit.so.0.0,rl_replace_line,x86-64,2.0,6.0,9,False
worsened,O0,libedit,libedit.so.0.0,terminal_bind_arrow,x86-64,5.0,6.0,35,False
worsened,O0,libedit,libedit.so.0.0,terminal_deletechars,x86-64,6.0,13.0,28,False
worsened,O0,libedit,libedit.so.0.0,terminal_echotc,x86-64,20.0,33.0,115,True
worsened,O0,libedit,libedit.so.0.0,terminal_get_size,x86-64,10.0,12.0,8,False
improved,O0,libedit,libedit.so.0.0,terminal_gettc,x86-64,7.0,6.0,30,False
worsened,O0,libedit,libedit.so.0.0,terminal_insertwrite,x86-64,6.0,13.0,38,False
off_perfect,O0,libedit,libedit.so.0.0,terminal_move_to_line,x86-64,0.0,8.0,24,False
worsened,O0,libedit,libedit.so.0.0,terminal_overwrite,x86-64,9.0,16.0,16,False
worsened,O0,libedit,libedit.so.0.0,terminal_setflags,x86-64,34.0,38.0,47,True
improved,O0,libedit,libedit.so.0.0,terminal_settc,x86-64,13.0,6.0,41,False
off_perfect,O0,libedit,libedit.so.0.0,tty_end,x86-64,0.0,8.0,5,False
worsened,O0,libedit,libedit.so.0.0,tty_stty,x86-64,19.0,20.0,69,True
worsened,O0,libedit,libedit.so.0.0,unvis,x86-64,14.0,20.0,123,True
worsened,O0,libedit,libedit.so.0.0,vi_history_word,x86-64,4.0,11.0,37,False
worsened,O0,libedit,libedit.so.0.0,vi_next_big_word,x86-64,3.0,5.0,6,False
worsened,O0,libedit,libedit.so.0.0,vi_next_word,x86-64,3.0,5.0,6,False
worsened,O0,libopencm3,dac-dma,dma_set_memory_address,arm,4.0,5.0,6,False
improved,O0,libopencm3,cdcacm,needs_zlp,arm,8.0,2.0,5,False
improved,O0,libopencm3,msc,needs_zlp,arm,8.0,2.0,5,False
improved,O0,libopencm3,usbmidi,needs_zlp,arm,8.0,2.0,5,False
worsened,O0,libopencm3,msc,scsi_inquiry,arm,30.0,31.0,3,False
to_perfect,O0,libopencm3,cdcacm,usb_standard_set_address,arm,4.0,0.0,7,False
to_perfect,O0,libopencm3,msc,usb_standard_set_address,arm,4.0,0.0,7,False
to_perfect,O0,libopencm3,usbmidi,usb_standard_set_address,arm,4.0,0.0,7,False
improved,O0,libselinux,libselinux.so,avc_sidcmp,x86-64,12.0,10.0,5,False
improved,O0,libselinux,libselinux.so,avc_update_node,x86-64,35.0,29.0,7,False
worsened,O0,libselinux,libselinux.so,check_excluded,x86-64,2.0,8.0,9,False
improved,O0,libselinux,libselinux.so,cmp,x86-64,25.0,19.0,52,False
worsened,O0,libselinux,libselinux.so,fcontext_is_binary,x86-64,10.0,12.0,3,False
to_perfect,O0,libselinux,libselinux.so,filename_select,x86-64,6.0,0.0,9,False
improved,O0,libselinux,libselinux.so,get_digests_all_partial_matches,x86-64,22.0,19.0,20,False
to_perfect,O0,libselinux,libselinux.so,get_failsafe_context,x86-64,2.0,0.0,17,False
worsened,O0,libselinux,libselinux.so,init_context_translations,x86-64,4.0,15.0,7,False
worsened,O0,libselinux,libselinux.so,init_procattr,x86-64,4.0,11.0,5,False
worsened,O0,libselinux,libselinux.so,init_selinux_config,x86-64,8.0,12.0,51,False
worsened,O0,libselinux,libselinux.so,init_selinuxmnt,x86-64,8.0,13.0,19,False
worsened,O0,libselinux,libselinux.so,init_thread_destructor,x86-64,5.0,10.0,6,False
improved,O0,libselinux,libselinux.so,is_selinux_enabled,x86-64,14.0,8.0,1,False
improved,O0,libselinux,libselinux.so,load_mmap,x86-64,36.0,34.0,121,True
worsened,O0,libselinux,libselinux.so,matchpathcon_init_once,x86-64,4.0,11.0,5,False
worsened,O0,libselinux,libselinux.so,matchpathcon_lib_destructor,x86-64,8.0,10.0,3,False
worsened,O0,libselinux,libselinux.so,procattr_destructor,x86-64,8.0,10.0,3,False
worsened,O0,libselinux,libselinux.so,read_spec_entries,x86-64,14.0,16.0,21,False
worsened,O0,libselinux,libselinux.so,receive_response,x86-64,6.0,10.0,23,False
to_perfect,O0,libselinux,libselinux.so,regex_cmp,x86-64,2.0,0.0,9,False
to_perfect,O0,libselinux,libselinux.so,regex_version,x86-64,2.0,0.0,5,False
to_perfect,O0,libselinux,libselinux.so,security_av_perm_to_string,x86-64,12.0,0.0,7,False
to_perfect,O0,libselinux,libselinux.so,selabel_cmp,x86-64,2.0,0.0,5,False
to_perfect,O0,libselinux,libselinux.so,selabel_fini,x86-64,7.0,0.0,8,False
worsened,O0,libselinux,libselinux.so,selinux_check_passwd_access_internal,x86-64,4.0,5.0,17,False
worsened,O0,libselinux,libselinux.so,selinux_restorecon_set_alt_rootpath,x86-64,15.0,19.0,16,False
improved,O0,libselinux,libselinux.so,selinux_restorecon_xattr,x86-64,38.0,28.0,58,False
improved,O0,libselinux,libselinux.so,selinux_status_open,x86-64,13.0,6.0,17,False
worsened,O0,libselinux,libselinux.so,setrans_lib_destructor,x86-64,8.0,14.0,5,False
worsened,O0,mirai,mirai,attack_app_cfnull,x86-64,48.0,49.0,84,True
worsened,O0,mirai,mirai,attack_app_http,x86-64,27.0,31.0,289,True
worsened,O0,mirai,mirai,attack_start,x86-64,4.0,6.0,14,False
worsened,O0,mirai,mirai,killer_init,x86-64,9.0,10.0,44,False
worsened,O0,mirai,mirai,util_isdigit,x86-64,10.0,12.0,3,False
improved,O0,mirai,mirai,util_isspace,x86-64,14.0,12.0,7,False
worsened,O0,mirai,mirai,util_isupper,x86-64,10.0,12.0,3,False
to_perfect,O0,mirai,mirai,util_strncmp,x86-64,2.0,0.0,8,False
improved,O0,mydoom,mydoom,connect_tv,pe-x86,74.0,72.0,33,False
worsened,O0,mydoom,mydoom,cut_email,pe-x86,11.0,12.0,60,True
to_perfect,O0,mydoom,mydoom,email_check2,pe-x86,12.0,0.0,52,False
worsened,O0,mydoom,mydoom,is_online,pe-x86,2.0,5.0,10,False
worsened,O0,mydoom,mydoom,mail_extracthdr,pe-x86,7.0,8.0,82,True
worsened,O0,mydoom,mydoom,mmsender,pe-x86,8.0,13.0,16,False
off_perfect,O0,mydoom,mydoom,payload_sco,pe-x86,0.0,8.0,5,False
to_perfect,O0,mydoom,mydoom,scan_textfile,pe-x86,2.0,0.0,12,False
worsened,O0,mydoom,mydoom,smtp_send,pe-x86,6.0,8.0,40,False
to_perfect,O0,mydoom,mydoom,zip_store,pe-x86,2.0,0.0,13,False
worsened,O0,nuttx,nuttx,__assert,arm,14.0,16.0,1,False
improved,O0,nuttx,nuttx,_inode_compare,arm,7.0,5.0,17,False
worsened,O0,nuttx,nuttx,csection_available,arm,10.0,12.0,3,False
to_perfect,O0,nuttx,nuttx,env_cmpname,arm,2.0,0.0,8,False
worsened,O0,nuttx,nuttx,fdlist_extend,arm,36.0,39.0,26,False
improved,O0,nuttx,nuttx,group_cancel_children_handler,arm,13.0,10.0,8,False
improved,O0,nuttx,nuttx,group_signal_handler,arm,26.0,24.0,32,False
worsened,O0,nuttx,nuttx,inode_checkflags,arm,8.0,13.0,21,False
to_perfect,O0,nuttx,nuttx,lib_checkbase,arm,2.0,0.0,22,False
to_perfect,O0,nuttx,nuttx,lib_isbasedigit,arm,10.0,0.0,21,False
worsened,O0,nuttx,nuttx,mm_foreach,arm,41.0,48.0,19,False
improved,O0,nuttx,nuttx,mount_open,arm,33.0,31.0,19,False
worsened,O0,nuttx,nuttx,nxsched_set_priority,arm,26.0,28.0,10,False
improved,O0,nuttx,nuttx,nxsig_alloc_dyn_pending,arm,29.0,23.0,24,False
improved,O0,nuttx,nuttx,nxsig_queue_action,arm,25.0,22.0,22,False
improved,O0,nuttx,nuttx,proc_open,arm,54.0,52.0,26,False
improved,O0,nuttx,nuttx,proc_opendir,arm,62.0,60.0,35,False
improved,O0,nuttx,nuttx,rd_close,arm,27.0,23.0,10,False
worsened,O0,nuttx,nuttx,rd_ioctl,arm,22.0,28.0,9,False
worsened,O0,nuttx,nuttx,syslog_safe_to_block,arm,6.0,8.0,7,False
improved,O0,nuttx,nuttx,tcbinfo_open,arm,26.0,24.0,11,False
improved,O0,nuttx,nuttx,up_interrupt,arm,11.0,8.0,16,False
improved,O0,nuttx,nuttx,uptime_open,arm,26.0,24.0,11,False
improved,O0,nuttx,nuttx,version_open,arm,26.0,24.0,11,False
improved,O0,openssh-portable,scp,_ssh__compat_glob,x86-64,11.0,7.0,27,False
improved,O0,openssh-portable,sftp,_ssh__compat_glob,x86-64,11.0,7.0,27,False
improved,O0,openssh-portable,ssh,_ssh__compat_glob,x86-64,11.0,7.0,27,False
improved,O0,openssh-portable,ssh-keysign,_ssh__compat_glob,x86-64,11.0,7.0,27,False
improved,O0,openssh-portable,sshd,_ssh__compat_glob,x86-64,11.0,7.0,27,False
improved,O0,openssh-portable,ssh-keyscan,_ssh_exchange_banner,x86-64,5.0,3.0,27,False
improved,O0,openssh-portable,scp,addr_and,x86-64,9.0,5.0,15,False
improved,O0,openssh-portable,sftp,addr_and,x86-64,9.0,5.0,15,False
improved,O0,openssh-portable,sftp-server,addr_and,x86-64,9.0,5.0,15,False
improved,O0,openssh-portable,ssh,addr_and,x86-64,9.0,5.0,15,False
improved,O0,openssh-portable,ssh-add,addr_and,x86-64,9.0,5.0,15,False
improved,O0,openssh-portable,ssh-agent,addr_and,x86-64,9.0,5.0,15,False
improved,O0,openssh-portable,ssh-keygen,addr_and,x86-64,9.0,5.0,15,False
improved,O0,openssh-portable,ssh-keyscan,addr_and,x86-64,9.0,5.0,15,False
improved,O0,openssh-portable,ssh-keysign,addr_and,x86-64,9.0,5.0,15,False
improved,O0,openssh-portable,ssh-pkcs11-helper,addr_and,x86-64,9.0,5.0,15,False
improved,O0,openssh-portable,ssh-sk-helper,addr_and,x86-64,9.0,5.0,15,False
improved,O0,openssh-portable,sshd,addr_and,x86-64,9.0,5.0,15,False
to_perfect,O0,openssh-portable,scp,addr_hostmask,x86-64,2.0,0.0,5,False
to_perfect,O0,openssh-portable,sftp,addr_hostmask,x86-64,2.0,0.0,5,False
to_perfect,O0,openssh-portable,sftp-server,addr_hostmask,x86-64,2.0,0.0,5,False
to_perfect,O0,openssh-portable,ssh,addr_hostmask,x86-64,2.0,0.0,5,False
to_perfect,O0,openssh-portable,ssh-add,addr_hostmask,x86-64,2.0,0.0,5,False
to_perfect,O0,openssh-portable,ssh-agent,addr_hostmask,x86-64,2.0,0.0,5,False
to_perfect,O0,openssh-portable,ssh-keygen,addr_hostmask,x86-64,2.0,0.0,5,False
to_perfect,O0,openssh-portable,ssh-keyscan,addr_hostmask,x86-64,2.0,0.0,5,False
to_perfect,O0,openssh-portable,ssh-keysign,addr_hostmask,x86-64,2.0,0.0,5,False
to_perfect,O0,openssh-portable,ssh-pkcs11-helper,addr_hostmask,x86-64,2.0,0.0,5,False
to_perfect,O0,openssh-portable,ssh-sk-helper,addr_hostmask,x86-64,2.0,0.0,5,False
to_perfect,O0,openssh-portable,sshd,addr_hostmask,x86-64,2.0,0.0,5,False
improved,O0,openssh-portable,scp,addr_netmask,x86-64,9.0,5.0,19,False
improved,O0,openssh-portable,sftp,addr_netmask,x86-64,9.0,5.0,19,False
improved,O0,openssh-portable,sftp-server,addr_netmask,x86-64,9.0,5.0,19,False
improved,O0,openssh-portable,ssh,addr_netmask,x86-64,9.0,5.0,19,False
improved,O0,openssh-portable,ssh-add,addr_netmask,x86-64,9.0,5.0,19,False
improved,O0,openssh-portable,ssh-agent,addr_netmask,x86-64,9.0,5.0,19,False
improved,O0,openssh-portable,ssh-keygen,addr_netmask,x86-64,9.0,5.0,19,False
improved,O0,openssh-portable,ssh-keyscan,addr_netmask,x86-64,9.0,5.0,19,False
improved,O0,openssh-portable,ssh-keysign,addr_netmask,x86-64,9.0,5.0,19,False
improved,O0,openssh-portable,ssh-pkcs11-helper,addr_netmask,x86-64,9.0,5.0,19,False
improved,O0,openssh-portable,ssh-sk-helper,addr_netmask,x86-64,9.0,5.0,19,False
improved,O0,openssh-portable,sshd,addr_netmask,x86-64,9.0,5.0,19,False
worsened,O0,openssh-portable,scp,addr_ntop,x86-64,2.0,8.0,9,False
worsened,O0,openssh-portable,sftp,addr_ntop,x86-64,2.0,8.0,9,False
worsened,O0,openssh-portable,sftp-server,addr_ntop,x86-64,2.0,8.0,9,False
worsened,O0,openssh-portable,ssh,addr_ntop,x86-64,2.0,8.0,9,False
worsened,O0,openssh-portable,ssh-add,addr_ntop,x86-64,2.0,8.0,9,False
worsened,O0,openssh-portable,ssh-agent,addr_ntop,x86-64,2.0,8.0,9,False
worsened,O0,openssh-portable,ssh-keygen,addr_ntop,x86-64,2.0,8.0,9,False
worsened,O0,openssh-portable,ssh-keyscan,addr_ntop,x86-64,2.0,8.0,9,False
worsened,O0,openssh-portable,ssh-keysign,addr_ntop,x86-64,2.0,8.0,9,False
worsened,O0,openssh-portable,ssh-pkcs11-helper,addr_ntop,x86-64,2.0,8.0,9,False
worsened,O0,openssh-portable,ssh-sk-helper,addr_ntop,x86-64,2.0,8.0,9,False
worsened,O0,openssh-portable,sshd,addr_ntop,x86-64,2.0,8.0,9,False
improved,O0,openssh-portable,scp,addr_pton,x86-64,7.0,5.0,13,False
improved,O0,openssh-portable,sftp,addr_pton,x86-64,7.0,5.0,13,False
improved,O0,openssh-portable,sftp-server,addr_pton,x86-64,7.0,5.0,13,False
improved,O0,openssh-portable,ssh,addr_pton,x86-64,7.0,5.0,13,False
improved,O0,openssh-portable,ssh-add,addr_pton,x86-64,7.0,5.0,13,False
improved,O0,openssh-portable,ssh-agent,addr_pton,x86-64,7.0,5.0,13,False
improved,O0,openssh-portable,ssh-keygen,addr_pton,x86-64,7.0,5.0,13,False
improved,O0,openssh-portable,ssh-keyscan,addr_pton,x86-64,7.0,5.0,13,False
improved,O0,openssh-portable,ssh-keysign,addr_pton,x86-64,7.0,5.0,13,False
improved,O0,openssh-portable,ssh-pkcs11-helper,addr_pton,x86-64,7.0,5.0,13,False
improved,O0,openssh-portable,ssh-sk-helper,addr_pton,x86-64,7.0,5.0,13,False
improved,O0,openssh-portable,sshd,addr_pton,x86-64,7.0,5.0,13,False
to_perfect,O0,openssh-portable,scp,addr_pton_cidr,x86-64,10.0,0.0,26,False
to_perfect,O0,openssh-portable,sftp,addr_pton_cidr,x86-64,10.0,0.0,26,False
to_perfect,O0,openssh-portable,sftp-server,addr_pton_cidr,x86-64,10.0,0.0,26,False
to_perfect,O0,openssh-portable,ssh,addr_pton_cidr,x86-64,10.0,0.0,26,False
to_perfect,O0,openssh-portable,ssh-add,addr_pton_cidr,x86-64,10.0,0.0,26,False
to_perfect,O0,openssh-portable,ssh-agent,addr_pton_cidr,x86-64,10.0,0.0,26,False
to_perfect,O0,openssh-portable,ssh-keygen,addr_pton_cidr,x86-64,10.0,0.0,26,False
to_perfect,O0,openssh-portable,ssh-keyscan,addr_pton_cidr,x86-64,10.0,0.0,26,False
to_perfect,O0,openssh-portable,ssh-keysign,addr_pton_cidr,x86-64,10.0,0.0,26,False
to_perfect,O0,openssh-portable,ssh-pkcs11-helper,addr_pton_cidr,x86-64,10.0,0.0,26,False
to_perfect,O0,openssh-portable,ssh-sk-helper,addr_pton_cidr,x86-64,10.0,0.0,26,False
to_perfect,O0,openssh-portable,sshd,addr_pton_cidr,x86-64,10.0,0.0,26,False
to_perfect,O0,openssh-portable,scp,addr_sa_pton,x86-64,2.0,0.0,13,False
to_perfect,O0,openssh-portable,sftp,addr_sa_pton,x86-64,2.0,0.0,13,False
to_perfect,O0,openssh-portable,sftp-server,addr_sa_pton,x86-64,2.0,0.0,13,False
to_perfect,O0,openssh-portable,ssh,addr_sa_pton,x86-64,2.0,0.0,13,False
to_perfect,O0,openssh-portable,ssh-add,addr_sa_pton,x86-64,2.0,0.0,13,False
to_perfect,O0,openssh-portable,ssh-agent,addr_sa_pton,x86-64,2.0,0.0,13,False
to_perfect,O0,openssh-portable,ssh-keygen,addr_sa_pton,x86-64,2.0,0.0,13,False
to_perfect,O0,openssh-portable,ssh-keyscan,addr_sa_pton,x86-64,2.0,0.0,13,False
to_perfect,O0,openssh-portable,ssh-keysign,addr_sa_pton,x86-64,2.0,0.0,13,False
to_perfect,O0,openssh-portable,ssh-pkcs11-helper,addr_sa_pton,x86-64,2.0,0.0,13,False
to_perfect,O0,openssh-portable,ssh-sk-helper,addr_sa_pton,x86-64,2.0,0.0,13,False
to_perfect,O0,openssh-portable,sshd,addr_sa_pton,x86-64,2.0,0.0,13,False
improved,O0,openssh-portable,scp,addr_xaddr_to_sa,x86-64,8.0,5.0,15,False
improved,O0,openssh-portable,sftp,addr_xaddr_to_sa,x86-64,8.0,5.0,15,False
improved,O0,openssh-portable,sftp-server,addr_xaddr_to_sa,x86-64,8.0,5.0,15,False
improved,O0,openssh-portable,ssh,addr_xaddr_to_sa,x86-64,8.0,5.0,15,False
improved,O0,openssh-portable,ssh-add,addr_xaddr_to_sa,x86-64,8.0,5.0,15,False
improved,O0,openssh-portable,ssh-agent,addr_xaddr_to_sa,x86-64,8.0,5.0,15,False
improved,O0,openssh-portable,ssh-keygen,addr_xaddr_to_sa,x86-64,8.0,5.0,15,False
improved,O0,openssh-portable,ssh-keyscan,addr_xaddr_to_sa,x86-64,8.0,5.0,15,False
improved,O0,openssh-portable,ssh-keysign,addr_xaddr_to_sa,x86-64,8.0,5.0,15,False
improved,O0,openssh-portable,ssh-pkcs11-helper,addr_xaddr_to_sa,x86-64,8.0,5.0,15,False
improved,O0,openssh-portable,ssh-sk-helper,addr_xaddr_to_sa,x86-64,8.0,5.0,15,False
improved,O0,openssh-portable,sshd,addr_xaddr_to_sa,x86-64,8.0,5.0,15,False
to_perfect,O0,openssh-portable,ssh,agent_encode_alg,x86-64,9.0,0.0,12,False
to_perfect,O0,openssh-portable,ssh-add,agent_encode_alg,x86-64,9.0,0.0,12,False
to_perfect,O0,openssh-portable,ssh-keygen,agent_encode_alg,x86-64,9.0,0.0,12,False
to_perfect,O0,openssh-portable,sshd,agent_encode_alg,x86-64,9.0,0.0,12,False
worsened,O0,openssh-portable,sshd,allowed_user,x86-64,29.0,33.0,58,False
worsened,O0,openssh-portable,scp,argv_split,x86-64,19.0,23.0,51,False
worsened,O0,openssh-portable,sftp,argv_split,x86-64,19.0,23.0,51,False
worsened,O0,openssh-portable,sftp-server,argv_split,x86-64,19.0,23.0,51,False
worsened,O0,openssh-portable,ssh,argv_split,x86-64,19.0,23.0,51,False
worsened,O0,openssh-portable,ssh-add,argv_split,x86-64,19.0,23.0,51,False
worsened,O0,openssh-portable,ssh-agent,argv_split,x86-64,19.0,23.0,51,False
worsened,O0,openssh-portable,ssh-keygen,argv_split,x86-64,19.0,23.0,51,False
worsened,O0,openssh-portable,ssh-keyscan,argv_split,x86-64,19.0,23.0,51,False
worsened,O0,openssh-portable,ssh-keysign,argv_split,x86-64,19.0,23.0,51,False
worsened,O0,openssh-portable,ssh-pkcs11-helper,argv_split,x86-64,19.0,23.0,51,False
worsened,O0,openssh-portable,ssh-sk-helper,argv_split,x86-64,19.0,23.0,51,False
worsened,O0,openssh-portable,sshd,argv_split,x86-64,19.0,23.0,51,False
improved,O0,openssh-portable,sshd,auth2_challenge,x86-64,12.0,6.0,9,False
worsened,O0,openssh-portable,sshd,auth_log,x86-64,59.0,66.0,31,False
improved,O0,openssh-portable,sshd,auth_password,x86-64,12.0,6.0,16,False
to_perfect,O0,openssh-portable,sshd,auth_root_allowed,x86-64,4.0,0.0,11,False
to_perfect,O0,openssh-portable,ssh,authmethod_is_enabled,x86-64,4.0,0.0,11,False
worsened,O0,openssh-portable,sshd,bind_permitted,x86-64,2.0,8.0,7,False
worsened,O0,openssh-portable,ssh,bitmap_clear_bit,x86-64,2.0,8.0,7,False
worsened,O0,openssh-portable,ssh-add,bitmap_clear_bit,x86-64,2.0,8.0,7,False
worsened,O0,openssh-portable,ssh-keygen,bitmap_clear_bit,x86-64,2.0,8.0,7,False
worsened,O0,openssh-portable,ssh-keysign,bitmap_clear_bit,x86-64,2.0,8.0,7,False
worsened,O0,openssh-portable,sshd,bitmap_clear_bit,x86-64,2.0,8.0,7,False
to_perfect,O0,openssh-portable,ssh,bitmap_nbits,x86-64,2.0,0.0,12,False
to_perfect,O0,openssh-portable,ssh-add,bitmap_nbits,x86-64,2.0,0.0,12,False
to_perfect,O0,openssh-portable,ssh-keygen,bitmap_nbits,x86-64,2.0,0.0,12,False
to_perfect,O0,openssh-portable,ssh-keysign,bitmap_nbits,x86-64,2.0,0.0,12,False
to_perfect,O0,openssh-portable,sshd,bitmap_nbits,x86-64,2.0,0.0,12,False
to_perfect,O0,openssh-portable,ssh,bitmap_test_bit,x86-64,2.0,0.0,7,False
to_perfect,O0,openssh-portable,ssh-add,bitmap_test_bit,x86-64,2.0,0.0,7,False
to_perfect,O0,openssh-portable,ssh-keygen,bitmap_test_bit,x86-64,2.0,0.0,7,False
to_perfect,O0,openssh-portable,ssh-keysign,bitmap_test_bit,x86-64,2.0,0.0,7,False
to_perfect,O0,openssh-portable,sshd,bitmap_test_bit,x86-64,2.0,0.0,7,False
worsened,O0,openssh-portable,ssh,bitmap_to_string,x86-64,3.0,5.0,14,False
worsened,O0,openssh-portable,ssh-add,bitmap_to_string,x86-64,3.0,5.0,14,False
worsened,O0,openssh-portable,ssh-keygen,bitmap_to_string,x86-64,3.0,5.0,14,False
worsened,O0,openssh-portable,ssh-keysign,bitmap_to_string,x86-64,3.0,5.0,14,False
worsened,O0,openssh-portable,sshd,bitmap_to_string,x86-64,3.0,5.0,14,False
to_perfect,O0,openssh-portable,ssh-agent,buf_equal,x86-64,2.0,0.0,9,False
worsened,O0,openssh-portable,ssh,cert_compare,x86-64,2.0,8.0,13,False
worsened,O0,openssh-portable,ssh-add,cert_compare,x86-64,2.0,8.0,13,False
worsened,O0,openssh-portable,ssh-agent,cert_compare,x86-64,2.0,8.0,13,False
worsened,O0,openssh-portable,ssh-keygen,cert_compare,x86-64,2.0,8.0,13,False
worsened,O0,openssh-portable,ssh-keyscan,cert_compare,x86-64,2.0,8.0,13,False
worsened,O0,openssh-portable,ssh-keysign,cert_compare,x86-64,2.0,8.0,13,False
worsened,O0,openssh-portable,ssh-pkcs11-helper,cert_compare,x86-64,2.0,8.0,13,False
worsened,O0,openssh-portable,ssh-sk-helper,cert_compare,x86-64,2.0,8.0,13,False
worsened,O0,openssh-portable,sshd,cert_compare,x86-64,2.0,8.0,13,False
improved,O0,openssh-portable,ssh-keygen,cert_ext_cmp,x86-64,6.0,4.0,15,False
to_perfect,O0,openssh-portable,ssh,chan_is_dead,x86-64,4.0,0.0,26,False
to_perfect,O0,openssh-portable,sshd,chan_is_dead,x86-64,4.0,0.0,26,False
improved,O0,openssh-portable,ssh,chan_rcvd_ieof,x86-64,8.0,4.0,14,False
improved,O0,openssh-portable,sshd,chan_rcvd_ieof,x86-64,8.0,4.0,14,False
worsened,O0,openssh-portable,ssh,chan_shutdown_extended_read,x86-64,5.0,10.0,10,False
worsened,O0,openssh-portable,sshd,chan_shutdown_extended_read,x86-64,5.0,10.0,10,False
worsened,O0,openssh-portable,ssh,chan_shutdown_read,x86-64,8.0,15.0,9,False
worsened,O0,openssh-portable,sshd,chan_shutdown_read,x86-64,8.0,15.0,9,False
worsened,O0,openssh-portable,ssh,channel_before_prepare_io_rdynamic,x86-64,13.0,17.0,29,False
worsened,O0,openssh-portable,sshd,channel_before_prepare_io_rdynamic,x86-64,13.0,17.0,29,False
improved,O0,openssh-portable,ssh,channel_check_window,x86-64,14.0,8.0,21,False
improved,O0,openssh-portable,sshd,channel_check_window,x86-64,14.0,8.0,21,False
improved,O0,openssh-portable,ssh,channel_close_fds,x86-64,7.0,5.0,12,False
improved,O0,openssh-portable,sshd,channel_close_fds,x86-64,7.0,5.0,12,False
worsened,O0,openssh-portable,ssh,channel_handle_efd_read,x86-64,12.0,20.0,25,False
worsened,O0,openssh-portable,sshd,channel_handle_efd_read,x86-64,12.0,20.0,25,False
improved,O0,openssh-portable,ssh,channel_handle_rfd,x86-64,27.0,21.0,69,True
improved,O0,openssh-portable,sshd,channel_handle_rfd,x86-64,27.0,21.0,69,True
improved,O0,openssh-portable,ssh,channel_handle_wfd,x86-64,24.0,7.0,54,False
improved,O0,openssh-portable,sshd,channel_handle_wfd,x86-64,24.0,7.0,54,False
worsened,O0,openssh-portable,ssh,channel_handler,x86-64,8.0,11.0,28,False
worsened,O0,openssh-portable,sshd,channel_handler,x86-64,8.0,11.0,28,False
worsened,O0,openssh-portable,ssh,channel_input_data,x86-64,7.0,19.0,28,False
worsened,O0,openssh-portable,sshd,channel_input_data,x86-64,7.0,19.0,28,False
to_perfect,O0,openssh-portable,ssh,channel_input_ieof,x86-64,7.0,0.0,10,False
to_perfect,O0,openssh-portable,sshd,channel_input_ieof,x86-64,7.0,0.0,10,False
worsened,O0,openssh-portable,ssh,channel_output_poll_input_open,x86-64,14.0,19.0,45,False
worsened,O0,openssh-portable,sshd,channel_output_poll_input_open,x86-64,14.0,19.0,45,False
worsened,O0,openssh-portable,ssh,channel_post_connecting,x86-64,7.0,14.0,37,False
worsened,O0,openssh-portable,sshd,channel_post_connecting,x86-64,7.0,14.0,37,False
worsened,O0,openssh-portable,ssh,channel_post_mux_client_read,x86-64,3.0,18.0,16,False
worsened,O0,openssh-portable,sshd,channel_post_mux_client_read,x86-64,3.0,18.0,16,False
worsened,O0,openssh-portable,ssh,channel_post_mux_client_write,x86-64,4.0,15.0,14,False
worsened,O0,openssh-portable,sshd,channel_post_mux_client_write,x86-64,4.0,15.0,14,False
worsened,O0,openssh-portable,ssh,channel_post_mux_listener,x86-64,7.0,18.0,15,False
worsened,O0,openssh-portable,sshd,channel_post_mux_listener,x86-64,7.0,18.0,15,False
improved,O0,openssh-portable,ssh,channel_pre_open,x86-64,14.0,7.0,42,False
improved,O0,openssh-portable,sshd,channel_pre_open,x86-64,14.0,7.0,42,False
worsened,O0,openssh-portable,ssh,channel_register_fds,x86-64,16.0,34.0,48,False
worsened,O0,openssh-portable,sshd,channel_register_fds,x86-64,16.0,34.0,48,False
to_perfect,O0,openssh-portable,ssh,channel_rfwd_bind_host,x86-64,2.0,0.0,7,False
to_perfect,O0,openssh-portable,sshd,channel_rfwd_bind_host,x86-64,2.0,0.0,7,False
worsened,O0,openssh-portable,ssh,check_agent_present,x86-64,9.0,12.0,4,False
improved,O0,openssh-portable,ssh,check_follow_cname,x86-64,7.0,5.0,20,False
worsened,O0,openssh-portable,sshd,check_ip_options,x86-64,4.0,10.0,12,False
improved,O0,openssh-portable,ssh,check_load,x86-64,28.0,25.0,11,False
worsened,O0,openssh-portable,ssh-agent,check_parent_exists,x86-64,5.0,8.0,4,False
improved,O0,openssh-portable,ssh,check_rfwd_permission,x86-64,20.0,14.0,13,False
improved,O0,openssh-portable,sshd,check_rfwd_permission,x86-64,20.0,14.0,13,False
improved,O0,openssh-portable,ssh,cipher_crypt,x86-64,6.0,5.0,33,False
improved,O0,openssh-portable,ssh-add,cipher_crypt,x86-64,6.0,5.0,33,False
improved,O0,openssh-portable,ssh-agent,cipher_crypt,x86-64,6.0,5.0,33,False
improved,O0,openssh-portable,ssh-keygen,cipher_crypt,x86-64,6.0,5.0,33,False
improved,O0,openssh-portable,ssh-keyscan,cipher_crypt,x86-64,6.0,5.0,33,False
improved,O0,openssh-portable,ssh-keysign,cipher_crypt,x86-64,6.0,5.0,33,False
improved,O0,openssh-portable,ssh-pkcs11-helper,cipher_crypt,x86-64,6.0,5.0,33,False
improved,O0,openssh-portable,ssh-sk-helper,cipher_crypt,x86-64,6.0,5.0,33,False
improved,O0,openssh-portable,sshd,cipher_crypt,x86-64,6.0,5.0,33,False
worsened,O0,openssh-portable,ssh,ciphers_valid,x86-64,8.0,10.0,15,False
worsened,O0,openssh-portable,ssh-add,ciphers_valid,x86-64,8.0,10.0,15,False
worsened,O0,openssh-portable,ssh-agent,ciphers_valid,x86-64,8.0,10.0,15,False
worsened,O0,openssh-portable,ssh-keygen,ciphers_valid,x86-64,8.0,10.0,15,False
worsened,O0,openssh-portable,ssh-keyscan,ciphers_valid,x86-64,8.0,10.0,15,False
worsened,O0,openssh-portable,ssh-keysign,ciphers_valid,x86-64,8.0,10.0,15,False
worsened,O0,openssh-portable,ssh-pkcs11-helper,ciphers_valid,x86-64,8.0,10.0,15,False
worsened,O0,openssh-portable,ssh-sk-helper,ciphers_valid,x86-64,8.0,10.0,15,False
worsened,O0,openssh-portable,sshd,ciphers_valid,x86-64,8.0,10.0,15,False
worsened,O0,openssh-portable,ssh,client_wait_until_can_do_something,x86-64,8.0,18.0,47,False
improved,O0,openssh-portable,sshd,collect_children,x86-64,5.0,3.0,10,False
worsened,O0,openssh-portable,ssh,compare_host,x86-64,2.0,8.0,9,False
worsened,O0,openssh-portable,ssh,compat_init_setproctitle,x86-64,2.0,8.0,25,False
worsened,O0,openssh-portable,sshd,compat_init_setproctitle,x86-64,2.0,8.0,25,False
to_perfect,O0,openssh-portable,ssh-keygen,confirm_overwrite,x86-64,2.0,0.0,9,False
worsened,O0,openssh-portable,ssh-keygen,confirm_sk_overwrite,x86-64,17.0,19.0,7,False
worsened,O0,openssh-portable,scp,convtime,x86-64,21.0,23.0,30,False
worsened,O0,openssh-portable,sftp,convtime,x86-64,21.0,23.0,30,False
worsened,O0,openssh-portable,sftp-server,convtime,x86-64,21.0,23.0,30,False
worsened,O0,openssh-portable,ssh,convtime,x86-64,21.0,23.0,30,False
worsened,O0,openssh-portable,ssh-add,convtime,x86-64,21.0,23.0,30,False
worsened,O0,openssh-portable,ssh-agent,convtime,x86-64,21.0,23.0,30,False
worsened,O0,openssh-portable,ssh-keygen,convtime,x86-64,21.0,23.0,30,False
worsened,O0,openssh-portable,ssh-keyscan,convtime,x86-64,21.0,23.0,30,False
worsened,O0,openssh-portable,ssh-keysign,convtime,x86-64,21.0,23.0,30,False
worsened,O0,openssh-portable,ssh-pkcs11-helper,convtime,x86-64,21.0,23.0,30,False
worsened,O0,openssh-portable,ssh-sk-helper,convtime,x86-64,21.0,23.0,30,False
worsened,O0,openssh-portable,sshd,convtime,x86-64,21.0,23.0,30,False
improved,O0,openssh-portable,scp,dangerous_locale,x86-64,18.0,12.0,11,False
improved,O0,openssh-portable,sftp,dangerous_locale,x86-64,18.0,12.0,11,False
improved,O0,openssh-portable,ssh,dangerous_locale,x86-64,18.0,12.0,11,False
improved,O0,openssh-portable,ssh-add,dangerous_locale,x86-64,18.0,12.0,11,False
improved,O0,openssh-portable,ssh-keygen,dangerous_locale,x86-64,18.0,12.0,11,False
improved,O0,openssh-portable,ssh-keysign,dangerous_locale,x86-64,18.0,12.0,11,False
improved,O0,openssh-portable,sshd,dangerous_locale,x86-64,18.0,12.0,11,False
to_perfect,O0,openssh-portable,ssh,decode_reply,x86-64,4.0,0.0,9,False
to_perfect,O0,openssh-portable,ssh-add,decode_reply,x86-64,4.0,0.0,9,False
to_perfect,O0,openssh-portable,ssh-keygen,decode_reply,x86-64,4.0,0.0,9,False
to_perfect,O0,openssh-portable,sshd,decode_reply,x86-64,4.0,0.0,9,False
improved,O0,openssh-portable,ssh,dh_gen_key,x86-64,11.0,5.0,22,False
improved,O0,openssh-portable,ssh-keyscan,dh_gen_key,x86-64,11.0,5.0,22,False
improved,O0,openssh-portable,sshd,dh_gen_key,x86-64,11.0,5.0,22,False
worsened,O0,openssh-portable,sshd,do_cleanup,x86-64,8.0,14.0,14,False
to_perfect,O0,openssh-portable,scp,do_local_cmd,x86-64,2.0,0.0,20,False
worsened,O0,openssh-portable,sshd,do_motd,x86-64,6.0,10.0,5,False
off_perfect,O0,openssh-portable,sshd,do_nologin,x86-64,0.0,8.0,9,False
worsened,O0,openssh-portable,sshd,drop_connection,x86-64,4.0,5.0,13,False
worsened,O0,openssh-portable,ssh,ecdsa_generate_private_key,x86-64,2.0,8.0,12,False
worsened,O0,openssh-portable,ssh-add,ecdsa_generate_private_key,x86-64,2.0,8.0,12,False
worsened,O0,openssh-portable,ssh-agent,ecdsa_generate_private_key,x86-64,2.0,8.0,12,False
worsened,O0,openssh-portable,ssh-keygen,ecdsa_generate_private_key,x86-64,2.0,8.0,12,False
worsened,O0,openssh-portable,ssh-keyscan,ecdsa_generate_private_key,x86-64,2.0,8.0,12,False
worsened,O0,openssh-portable,ssh-keysign,ecdsa_generate_private_key,x86-64,2.0,8.0,12,False
worsened,O0,openssh-portable,ssh-pkcs11-helper,ecdsa_generate_private_key,x86-64,2.0,8.0,12,False
worsened,O0,openssh-portable,ssh-sk-helper,ecdsa_generate_private_key,x86-64,2.0,8.0,12,False
worsened,O0,openssh-portable,sshd,ecdsa_generate_private_key,x86-64,2.0,8.0,12,False
worsened,O0,openssh-portable,scp,encode_attrib,x86-64,12.0,14.0,19,False
worsened,O0,openssh-portable,sftp,encode_attrib,x86-64,12.0,14.0,19,False
worsened,O0,openssh-portable,sftp-server,encode_attrib,x86-64,12.0,14.0,19,False
worsened,O0,openssh-portable,sshd,encode_attrib,x86-64,12.0,14.0,19,False
improved,O0,openssh-portable,sshd,fill_default_server_options,x86-64,27.0,25.0,174,True
to_perfect,O0,openssh-portable,scp,find_brace,x86-64,6.0,0.0,28,False
to_perfect,O0,openssh-portable,ssh,fingerprint_b64,x86-64,2.0,0.0,9,False
to_perfect,O0,openssh-portable,ssh-add,fingerprint_b64,x86-64,2.0,0.0,9,False
to_perfect,O0,openssh-portable,ssh-agent,fingerprint_b64,x86-64,2.0,0.0,9,False
to_perfect,O0,openssh-portable,ssh-keygen,fingerprint_b64,x86-64,2.0,0.0,9,False
to_perfect,O0,openssh-portable,ssh-keyscan,fingerprint_b64,x86-64,2.0,0.0,9,False
to_perfect,O0,openssh-portable,ssh-keysign,fingerprint_b64,x86-64,2.0,0.0,9,False
to_perfect,O0,openssh-portable,ssh-pkcs11-helper,fingerprint_b64,x86-64,2.0,0.0,9,False
to_perfect,O0,openssh-portable,ssh-sk-helper,fingerprint_b64,x86-64,2.0,0.0,9,False
to_perfect,O0,openssh-portable,sshd,fingerprint_b64,x86-64,2.0,0.0,9,False
to_perfect,O0,openssh-portable,ssh,fingerprint_hex,x86-64,2.0,0.0,8,False
to_perfect,O0,openssh-portable,ssh-add,fingerprint_hex,x86-64,2.0,0.0,8,False
to_perfect,O0,openssh-portable,ssh-agent,fingerprint_hex,x86-64,2.0,0.0,8,False
to_perfect,O0,openssh-portable,ssh-keygen,fingerprint_hex,x86-64,2.0,0.0,8,False
to_perfect,O0,openssh-portable,ssh-keyscan,fingerprint_hex,x86-64,2.0,0.0,8,False
to_perfect,O0,openssh-portable,ssh-keysign,fingerprint_hex,x86-64,2.0,0.0,8,False
to_perfect,O0,openssh-portable,ssh-pkcs11-helper,fingerprint_hex,x86-64,2.0,0.0,8,False
to_perfect,O0,openssh-portable,ssh-sk-helper,fingerprint_hex,x86-64,2.0,0.0,8,False
to_perfect,O0,openssh-portable,sshd,fingerprint_hex,x86-64,2.0,0.0,8,False
worsened,O0,openssh-portable,sshd,get_connection_info,x86-64,2.0,12.0,5,False
worsened,O0,openssh-portable,ssh,get_ec,x86-64,4.0,5.0,11,False
worsened,O0,openssh-portable,ssh-add,get_ec,x86-64,4.0,5.0,11,False
worsened,O0,openssh-portable,ssh-agent,get_ec,x86-64,4.0,5.0,11,False
worsened,O0,openssh-portable,ssh-keygen,get_ec,x86-64,4.0,5.0,11,False
worsened,O0,openssh-portable,ssh-keyscan,get_ec,x86-64,4.0,5.0,11,False
worsened,O0,openssh-portable,ssh-keysign,get_ec,x86-64,4.0,5.0,11,False
worsened,O0,openssh-portable,ssh-pkcs11-helper,get_ec,x86-64,4.0,5.0,11,False
worsened,O0,openssh-portable,ssh-sk-helper,get_ec,x86-64,4.0,5.0,11,False
worsened,O0,openssh-portable,sshd,get_ec,x86-64,4.0,5.0,11,False
to_perfect,O0,openssh-portable,sshd,get_hostkey_by_index,x86-64,2.0,0.0,5,False
to_perfect,O0,openssh-portable,sshd,get_hostkey_public_by_index,x86-64,2.0,0.0,5,False
improved,O0,openssh-portable,scp,getopt_internal,x86-64,11.0,9.0,118,True
improved,O0,openssh-portable,sftp,getopt_internal,x86-64,11.0,9.0,118,True
improved,O0,openssh-portable,sftp-server,getopt_internal,x86-64,11.0,9.0,118,True
improved,O0,openssh-portable,ssh,getopt_internal,x86-64,11.0,9.0,118,True
improved,O0,openssh-portable,ssh-add,getopt_internal,x86-64,11.0,9.0,118,True
improved,O0,openssh-portable,ssh-agent,getopt_internal,x86-64,11.0,9.0,118,True
improved,O0,openssh-portable,ssh-keygen,getopt_internal,x86-64,11.0,9.0,118,True
improved,O0,openssh-portable,ssh-keyscan,getopt_internal,x86-64,11.0,9.0,118,True
improved,O0,openssh-portable,ssh-pkcs11-helper,getopt_internal,x86-64,11.0,9.0,118,True
improved,O0,openssh-portable,ssh-sk-helper,getopt_internal,x86-64,11.0,9.0,118,True
improved,O0,openssh-portable,sshd,getopt_internal,x86-64,11.0,9.0,118,True
worsened,O0,openssh-portable,scp,glob0,x86-64,8.0,15.0,60,True
worsened,O0,openssh-portable,sftp,glob0,x86-64,8.0,15.0,60,True
worsened,O0,openssh-portable,ssh,glob0,x86-64,8.0,15.0,60,True
worsened,O0,openssh-portable,ssh-keysign,glob0,x86-64,8.0,15.0,60,True
worsened,O0,openssh-portable,sshd,glob0,x86-64,8.0,15.0,60,True
improved,O0,openssh-portable,scp,glob3,x86-64,9.0,8.0,33,False
improved,O0,openssh-portable,sftp,glob3,x86-64,9.0,8.0,33,False
improved,O0,openssh-portable,ssh,glob3,x86-64,9.0,8.0,33,False
improved,O0,openssh-portable,ssh-keysign,glob3,x86-64,9.0,8.0,33,False
improved,O0,openssh-portable,sshd,glob3,x86-64,9.0,8.0,33,False
worsened,O0,openssh-portable,scp,globpath_is_dir,x86-64,10.0,12.0,3,False
worsened,O0,openssh-portable,sftp,globpath_is_dir,x86-64,10.0,12.0,3,False
to_perfect,O0,openssh-portable,ssh-agent,handle_conn_read,x86-64,4.0,0.0,15,False
improved,O0,openssh-portable,ssh-agent,handle_conn_write,x86-64,4.0,2.0,13,False
worsened,O0,openssh-portable,sftp-server,handle_to_string,x86-64,2.0,8.0,5,False
worsened,O0,openssh-portable,sshd,handle_to_string,x86-64,2.0,8.0,5,False
to_perfect,O0,openssh-portable,scp,hexchar,x86-64,2.0,0.0,17,False
to_perfect,O0,openssh-portable,sftp,hexchar,x86-64,2.0,0.0,17,False
to_perfect,O0,openssh-portable,sftp-server,hexchar,x86-64,2.0,0.0,17,False
to_perfect,O0,openssh-portable,ssh,hexchar,x86-64,2.0,0.0,17,False
to_perfect,O0,openssh-portable,ssh-add,hexchar,x86-64,2.0,0.0,17,False
to_perfect,O0,openssh-portable,ssh-agent,hexchar,x86-64,2.0,0.0,17,False
to_perfect,O0,openssh-portable,ssh-keygen,hexchar,x86-64,2.0,0.0,17,False
to_perfect,O0,openssh-portable,ssh-keyscan,hexchar,x86-64,2.0,0.0,17,False
to_perfect,O0,openssh-portable,ssh-keysign,hexchar,x86-64,2.0,0.0,17,False
to_perfect,O0,openssh-portable,ssh-pkcs11-helper,hexchar,x86-64,2.0,0.0,17,False
to_perfect,O0,openssh-portable,ssh-sk-helper,hexchar,x86-64,2.0,0.0,17,False
to_perfect,O0,openssh-portable,sshd,hexchar,x86-64,2.0,0.0,17,False
improved,O0,openssh-portable,ssh,hostkeys_check_old,x86-64,6.0,2.0,12,False
improved,O0,openssh-portable,ssh,hostkeys_find_by_key,x86-64,5.0,2.0,17,False
worsened,O0,openssh-portable,ssh,hostkeys_find_by_key_cb,x86-64,3.0,9.0,11,False
to_perfect,O0,openssh-portable,ssh,hostspec_is_complex,x86-64,2.0,0.0,9,False
improved,O0,openssh-portable,ssh,insert_serial_range,x86-64,8.0,5.0,27,False
improved,O0,openssh-portable,ssh-add,insert_serial_range,x86-64,8.0,5.0,27,False
improved,O0,openssh-portable,ssh-keygen,insert_serial_range,x86-64,8.0,5.0,27,False
improved,O0,openssh-portable,ssh-keysign,insert_serial_range,x86-64,8.0,5.0,27,False
improved,O0,openssh-portable,sshd,insert_serial_range,x86-64,8.0,5.0,27,False
improved,O0,openssh-portable,ssh,is_addr_fast,x86-64,12.0,9.0,5,False
worsened,O0,openssh-portable,ssh,is_key_revoked,x86-64,12.0,13.0,25,False
worsened,O0,openssh-portable,ssh-add,is_key_revoked,x86-64,12.0,13.0,25,False
worsened,O0,openssh-portable,ssh-keygen,is_key_revoked,x86-64,12.0,13.0,25,False
worsened,O0,openssh-portable,ssh-keysign,is_key_revoked,x86-64,12.0,13.0,25,False
worsened,O0,openssh-portable,sshd,is_key_revoked,x86-64,12.0,13.0,25,False
improved,O0,openssh-portable,ssh,kex_assemble_names,x86-64,9.0,5.0,40,False
improved,O0,openssh-portable,ssh-keyscan,kex_assemble_names,x86-64,9.0,5.0,40,False
improved,O0,openssh-portable,ssh-keysign,kex_assemble_names,x86-64,9.0,5.0,40,False
improved,O0,openssh-portable,sshd,kex_assemble_names,x86-64,9.0,5.0,40,False
to_perfect,O0,openssh-portable,ssh,kex_names_valid,x86-64,2.0,0.0,13,False
to_perfect,O0,openssh-portable,ssh-keyscan,kex_names_valid,x86-64,2.0,0.0,13,False
to_perfect,O0,openssh-portable,ssh-keysign,kex_names_valid,x86-64,2.0,0.0,13,False
to_perfect,O0,openssh-portable,sshd,kex_names_valid,x86-64,2.0,0.0,13,False
to_perfect,O0,openssh-portable,ssh,kex_verify_host_key,x86-64,2.0,0.0,11,False
to_perfect,O0,openssh-portable,ssh-keyscan,kex_verify_host_key,x86-64,2.0,0.0,11,False
to_perfect,O0,openssh-portable,ssh-keysign,kex_verify_host_key,x86-64,2.0,0.0,11,False
to_perfect,O0,openssh-portable,sshd,kex_verify_host_key,x86-64,2.0,0.0,11,False
to_perfect,O0,openssh-portable,ssh,key_accepted_by_hostkeyalgs,x86-64,7.0,0.0,11,False
worsened,O0,openssh-portable,ssh,key_type_is_ecdsa_variant,x86-64,6.0,8.0,3,False
worsened,O0,openssh-portable,ssh-add,key_type_is_ecdsa_variant,x86-64,6.0,8.0,3,False
worsened,O0,openssh-portable,ssh-agent,key_type_is_ecdsa_variant,x86-64,6.0,8.0,3,False
worsened,O0,openssh-portable,ssh-keygen,key_type_is_ecdsa_variant,x86-64,6.0,8.0,3,False
worsened,O0,openssh-portable,ssh-keyscan,key_type_is_ecdsa_variant,x86-64,6.0,8.0,3,False
worsened,O0,openssh-portable,ssh-keysign,key_type_is_ecdsa_variant,x86-64,6.0,8.0,3,False
worsened,O0,openssh-portable,ssh-pkcs11-helper,key_type_is_ecdsa_variant,x86-64,6.0,8.0,3,False
worsened,O0,openssh-portable,ssh-sk-helper,key_type_is_ecdsa_variant,x86-64,6.0,8.0,3,False
worsened,O0,openssh-portable,sshd,key_type_is_ecdsa_variant,x86-64,6.0,8.0,3,False
worsened,O0,openssh-portable,sshd,lastlog_openseek,x86-64,3.0,5.0,13,False
to_perfect,O0,openssh-portable,sshd,list_starts_with,x86-64,2.0,0.0,13,False
worsened,O0,openssh-portable,scp,log_is_on_stderr,x86-64,10.0,12.0,3,False
worsened,O0,openssh-portable,sftp,log_is_on_stderr,x86-64,10.0,12.0,3,False
worsened,O0,openssh-portable,sftp-server,log_is_on_stderr,x86-64,10.0,12.0,3,False
worsened,O0,openssh-portable,ssh,log_is_on_stderr,x86-64,10.0,12.0,3,False
worsened,O0,openssh-portable,ssh-add,log_is_on_stderr,x86-64,10.0,12.0,3,False
worsened,O0,openssh-portable,ssh-agent,log_is_on_stderr,x86-64,10.0,12.0,3,False
worsened,O0,openssh-portable,ssh-keygen,log_is_on_stderr,x86-64,10.0,12.0,3,False
worsened,O0,openssh-portable,ssh-keyscan,log_is_on_stderr,x86-64,10.0,12.0,3,False
worsened,O0,openssh-portable,ssh-keysign,log_is_on_stderr,x86-64,10.0,12.0,3,False
worsened,O0,openssh-portable,ssh-pkcs11-helper,log_is_on_stderr,x86-64,10.0,12.0,3,False
worsened,O0,openssh-portable,ssh-sk-helper,log_is_on_stderr,x86-64,10.0,12.0,3,False
worsened,O0,openssh-portable,sshd,log_is_on_stderr,x86-64,10.0,12.0,3,False
improved,O0,openssh-portable,ssh,mac_compute,x86-64,17.0,13.0,20,False
improved,O0,openssh-portable,ssh-keyscan,mac_compute,x86-64,17.0,13.0,20,False
improved,O0,openssh-portable,ssh-keysign,mac_compute,x86-64,17.0,13.0,20,False
improved,O0,openssh-portable,sshd,mac_compute,x86-64,17.0,13.0,20,False
improved,O0,openssh-portable,ssh,mac_init,x86-64,16.0,15.0,15,False
improved,O0,openssh-portable,ssh-keyscan,mac_init,x86-64,16.0,15.0,15,False
improved,O0,openssh-portable,ssh-keysign,mac_init,x86-64,16.0,15.0,15,False
improved,O0,openssh-portable,sshd,mac_init,x86-64,16.0,15.0,15,False
to_perfect,O0,openssh-portable,ssh,mac_valid,x86-64,2.0,0.0,13,False
to_perfect,O0,openssh-portable,ssh-keyscan,mac_valid,x86-64,2.0,0.0,13,False
to_perfect,O0,openssh-portable,ssh-keysign,mac_valid,x86-64,2.0,0.0,13,False
to_perfect,O0,openssh-portable,sshd,mac_valid,x86-64,2.0,0.0,13,False
to_perfect,O0,openssh-portable,scp,match_host_and_ip,x86-64,6.0,0.0,15,False
to_perfect,O0,openssh-portable,sftp,match_host_and_ip,x86-64,6.0,0.0,15,False
to_perfect,O0,openssh-portable,sftp-server,match_host_and_ip,x86-64,6.0,0.0,15,False
to_perfect,O0,openssh-portable,ssh,match_host_and_ip,x86-64,6.0,0.0,15,False
to_perfect,O0,openssh-portable,ssh-add,match_host_and_ip,x86-64,6.0,0.0,15,False
to_perfect,O0,openssh-portable,ssh-agent,match_host_and_ip,x86-64,6.0,0.0,15,False
to_perfect,O0,openssh-portable,ssh-keygen,match_host_and_ip,x86-64,6.0,0.0,15,False
to_perfect,O0,openssh-portable,ssh-keyscan,match_host_and_ip,x86-64,6.0,0.0,15,False
to_perfect,O0,openssh-portable,ssh-keysign,match_host_and_ip,x86-64,6.0,0.0,15,False
to_perfect,O0,openssh-portable,ssh-pkcs11-helper,match_host_and_ip,x86-64,6.0,0.0,15,False
to_perfect,O0,openssh-portable,ssh-sk-helper,match_host_and_ip,x86-64,6.0,0.0,15,False
to_perfect,O0,openssh-portable,sshd,match_host_and_ip,x86-64,6.0,0.0,15,False
worsened,O0,openssh-portable,ssh-agent,match_key_hop,x86-64,3.0,8.0,28,False
improved,O0,openssh-portable,scp,match_user,x86-64,13.0,5.0,15,False
improved,O0,openssh-portable,sftp,match_user,x86-64,13.0,5.0,15,False
improved,O0,openssh-portable,sftp-server,match_user,x86-64,13.0,5.0,15,False
improved,O0,openssh-portable,ssh,match_user,x86-64,13.0,5.0,15,False
improved,O0,openssh-portable,ssh-add,match_user,x86-64,13.0,5.0,15,False
improved,O0,openssh-portable,ssh-agent,match_user,x86-64,13.0,5.0,15,False
improved,O0,openssh-portable,ssh-keygen,match_user,x86-64,13.0,5.0,15,False
improved,O0,openssh-portable,ssh-keyscan,match_user,x86-64,13.0,5.0,15,False
improved,O0,openssh-portable,ssh-keysign,match_user,x86-64,13.0,5.0,15,False
improved,O0,openssh-portable,ssh-pkcs11-helper,match_user,x86-64,13.0,5.0,15,False
improved,O0,openssh-portable,ssh-sk-helper,match_user,x86-64,13.0,5.0,15,False
improved,O0,openssh-portable,sshd,match_user,x86-64,13.0,5.0,15,False
worsened,O0,openssh-portable,sshd,mm_is_monitor,x86-64,10.0,12.0,3,False
to_perfect,O0,openssh-portable,sshd,monitor_allowed_key,x86-64,4.0,0.0,7,False
improved,O0,openssh-portable,ssh,mux_client_request_stdio_fwd,x86-64,7.0,2.0,53,False
worsened,O0,openssh-portable,ssh,muxserver_listen,x86-64,7.0,11.0,27,False
worsened,O0,openssh-portable,ssh-sk-helper,null_empty,x86-64,4.0,6.0,7,False
worsened,O0,openssh-portable,sshd,oom_adjust_restore,x86-64,4.0,17.0,10,False
to_perfect,O0,openssh-portable,ssh,open_listen_match_streamlocal,x86-64,2.0,0.0,9,False
to_perfect,O0,openssh-portable,sshd,open_listen_match_streamlocal,x86-64,2.0,0.0,9,False
improved,O0,openssh-portable,ssh,open_listen_match_tcpip,x86-64,7.0,5.0,19,False
improved,O0,openssh-portable,sshd,open_listen_match_tcpip,x86-64,7.0,5.0,19,False
to_perfect,O0,openssh-portable,ssh,open_match,x86-64,2.0,0.0,11,False
to_perfect,O0,openssh-portable,sshd,open_match,x86-64,2.0,0.0,11,False
to_perfect,O0,openssh-portable,scp,opt_match,x86-64,2.0,0.0,5,False
to_perfect,O0,openssh-portable,sftp,opt_match,x86-64,2.0,0.0,5,False
to_perfect,O0,openssh-portable,sftp-server,opt_match,x86-64,2.0,0.0,5,False
to_perfect,O0,openssh-portable,ssh,opt_match,x86-64,2.0,0.0,5,False
to_perfect,O0,openssh-portable,ssh-add,opt_match,x86-64,2.0,0.0,5,False
to_perfect,O0,openssh-portable,ssh-agent,opt_match,x86-64,2.0,0.0,5,False
to_perfect,O0,openssh-portable,ssh-keygen,opt_match,x86-64,2.0,0.0,5,False
to_perfect,O0,openssh-portable,ssh-keyscan,opt_match,x86-64,2.0,0.0,5,False
to_perfect,O0,openssh-portable,ssh-keysign,opt_match,x86-64,2.0,0.0,5,False
to_perfect,O0,openssh-portable,ssh-pkcs11-helper,opt_match,x86-64,2.0,0.0,5,False
to_perfect,O0,openssh-portable,ssh-sk-helper,opt_match,x86-64,2.0,0.0,5,False
to_perfect,O0,openssh-portable,sshd,opt_match,x86-64,2.0,0.0,5,False
worsened,O0,openssh-portable,ssh,option_clear_or_none,x86-64,10.0,12.0,3,False
worsened,O0,openssh-portable,ssh-keysign,option_clear_or_none,x86-64,10.0,12.0,3,False
worsened,O0,openssh-portable,sshd,option_clear_or_none,x86-64,10.0,12.0,3,False
to_perfect,O0,openssh-portable,scp,parse_absolute_time,x86-64,2.0,0.0,23,False
to_perfect,O0,openssh-portable,sftp,parse_absolute_time,x86-64,2.0,0.0,23,False
to_perfect,O0,openssh-portable,sftp-server,parse_absolute_time,x86-64,2.0,0.0,23,False
to_perfect,O0,openssh-portable,ssh,parse_absolute_time,x86-64,2.0,0.0,23,False
to_perfect,O0,openssh-portable,ssh-add,parse_absolute_time,x86-64,2.0,0.0,23,False
to_perfect,O0,openssh-portable,ssh-agent,parse_absolute_time,x86-64,2.0,0.0,23,False
to_perfect,O0,openssh-portable,ssh-keygen,parse_absolute_time,x86-64,2.0,0.0,23,False
to_perfect,O0,openssh-portable,ssh-keyscan,parse_absolute_time,x86-64,2.0,0.0,23,False
to_perfect,O0,openssh-portable,ssh-keysign,parse_absolute_time,x86-64,2.0,0.0,23,False
to_perfect,O0,openssh-portable,ssh-pkcs11-helper,parse_absolute_time,x86-64,2.0,0.0,23,False
to_perfect,O0,openssh-portable,ssh-sk-helper,parse_absolute_time,x86-64,2.0,0.0,23,False
to_perfect,O0,openssh-portable,sshd,parse_absolute_time,x86-64,2.0,0.0,23,False
worsened,O0,openssh-portable,sftp,parse_args,x86-64,1.0,2.0,85,True
worsened,O0,openssh-portable,ssh,parse_forward,x86-64,9.0,10.0,65,True
worsened,O0,openssh-portable,ssh-keysign,parse_forward,x86-64,9.0,10.0,65,True
to_perfect,O0,openssh-portable,scp,parse_ipqos,x86-64,6.0,0.0,16,False
to_perfect,O0,openssh-portable,sftp,parse_ipqos,x86-64,6.0,0.0,16,False
to_perfect,O0,openssh-portable,sftp-server,parse_ipqos,x86-64,6.0,0.0,16,False
to_perfect,O0,openssh-portable,ssh,parse_ipqos,x86-64,6.0,0.0,16,False
to_perfect,O0,openssh-portable,ssh-add,parse_ipqos,x86-64,6.0,0.0,16,False
to_perfect,O0,openssh-portable,ssh-agent,parse_ipqos,x86-64,6.0,0.0,16,False
to_perfect,O0,openssh-portable,ssh-keygen,parse_ipqos,x86-64,6.0,0.0,16,False
to_perfect,O0,openssh-portable,ssh-keyscan,parse_ipqos,x86-64,6.0,0.0,16,False
to_perfect,O0,openssh-portable,ssh-keysign,parse_ipqos,x86-64,6.0,0.0,16,False
to_perfect,O0,openssh-portable,ssh-pkcs11-helper,parse_ipqos,x86-64,6.0,0.0,16,False
to_perfect,O0,openssh-portable,ssh-sk-helper,parse_ipqos,x86-64,6.0,0.0,16,False
to_perfect,O0,openssh-portable,sshd,parse_ipqos,x86-64,6.0,0.0,16,False
improved,O0,openssh-portable,scp,parse_long_options,x86-64,23.0,9.0,60,False
improved,O0,openssh-portable,sftp,parse_long_options,x86-64,23.0,9.0,60,False
improved,O0,openssh-portable,sftp-server,parse_long_options,x86-64,23.0,9.0,60,False
improved,O0,openssh-portable,ssh,parse_long_options,x86-64,23.0,9.0,60,False
improved,O0,openssh-portable,ssh-add,parse_long_options,x86-64,23.0,9.0,60,False
improved,O0,openssh-portable,ssh-agent,parse_long_options,x86-64,23.0,9.0,60,False
improved,O0,openssh-portable,ssh-keygen,parse_long_options,x86-64,23.0,9.0,60,False
improved,O0,openssh-portable,ssh-keyscan,parse_long_options,x86-64,23.0,9.0,60,False
improved,O0,openssh-portable,ssh-pkcs11-helper,parse_long_options,x86-64,23.0,9.0,60,False
improved,O0,openssh-portable,ssh-sk-helper,parse_long_options,x86-64,23.0,9.0,60,False
improved,O0,openssh-portable,sshd,parse_long_options,x86-64,23.0,9.0,60,False
worsened,O0,openssh-portable,ssh,parse_prime,x86-64,1.0,3.0,63,True
worsened,O0,openssh-portable,ssh-keyscan,parse_prime,x86-64,1.0,3.0,63,True
worsened,O0,openssh-portable,sshd,parse_prime,x86-64,1.0,3.0,63,True
worsened,O0,openssh-portable,sshd,parse_server_match_testspec,x86-64,31.0,33.0,19,False
to_perfect,O0,openssh-portable,ssh,pem_passphrase_cb,x86-64,4.0,0.0,9,False
to_perfect,O0,openssh-portable,ssh-add,pem_passphrase_cb,x86-64,4.0,0.0,9,False
to_perfect,O0,openssh-portable,ssh-agent,pem_passphrase_cb,x86-64,4.0,0.0,9,False
to_perfect,O0,openssh-portable,ssh-keygen,pem_passphrase_cb,x86-64,4.0,0.0,9,False
to_perfect,O0,openssh-portable,ssh-keyscan,pem_passphrase_cb,x86-64,4.0,0.0,9,False
to_perfect,O0,openssh-portable,ssh-keysign,pem_passphrase_cb,x86-64,4.0,0.0,9,False
to_perfect,O0,openssh-portable,ssh-pkcs11-helper,pem_passphrase_cb,x86-64,4.0,0.0,9,False
to_perfect,O0,openssh-portable,ssh-sk-helper,pem_passphrase_cb,x86-64,4.0,0.0,9,False
to_perfect,O0,openssh-portable,sshd,pem_passphrase_cb,x86-64,4.0,0.0,9,False
to_perfect,O0,openssh-portable,ssh,pkcs11_get_key,x86-64,5.0,0.0,22,False
to_perfect,O0,openssh-portable,ssh-keygen,pkcs11_get_key,x86-64,5.0,0.0,22,False
to_perfect,O0,openssh-portable,ssh-pkcs11-helper,pkcs11_get_key,x86-64,5.0,0.0,22,False
improved,O0,openssh-portable,sftp-server,platform_disable_tracing,x86-64,9.0,5.0,2,False
improved,O0,openssh-portable,ssh-agent,platform_disable_tracing,x86-64,9.0,5.0,2,False
improved,O0,openssh-portable,sshd,platform_disable_tracing,x86-64,9.0,5.0,2,False
to_perfect,O0,openssh-portable,sshd,platform_locked_account,x86-64,10.0,0.0,11,False
worsened,O0,openssh-portable,sshd,platform_privileged_uidswap,x86-64,10.0,12.0,3,False
worsened,O0,openssh-portable,sshd,prepare_auth_info_file,x86-64,2.0,12.0,16,False
improved,O0,openssh-portable,ssh,private2_decrypt,x86-64,8.0,6.0,74,True
improved,O0,openssh-portable,ssh-add,private2_decrypt,x86-64,8.0,6.0,74,True
improved,O0,openssh-portable,ssh-agent,private2_decrypt,x86-64,8.0,6.0,74,True
improved,O0,openssh-portable,ssh-keygen,private2_decrypt,x86-64,8.0,6.0,74,True
improved,O0,openssh-portable,ssh-keyscan,private2_decrypt,x86-64,8.0,6.0,74,True
improved,O0,openssh-portable,ssh-keysign,private2_decrypt,x86-64,8.0,6.0,74,True
improved,O0,openssh-portable,ssh-pkcs11-helper,private2_decrypt,x86-64,8.0,6.0,74,True
improved,O0,openssh-portable,ssh-sk-helper,private2_decrypt,x86-64,8.0,6.0,74,True
improved,O0,openssh-portable,sshd,private2_decrypt,x86-64,8.0,6.0,74,True
improved,O0,openssh-portable,ssh,private2_uudecode,x86-64,10.0,8.0,32,False
improved,O0,openssh-portable,ssh-add,private2_uudecode,x86-64,10.0,8.0,32,False
improved,O0,openssh-portable,ssh-agent,private2_uudecode,x86-64,10.0,8.0,32,False
improved,O0,openssh-portable,ssh-keygen,private2_uudecode,x86-64,10.0,8.0,32,False
improved,O0,openssh-portable,ssh-keyscan,private2_uudecode,x86-64,10.0,8.0,32,False
improved,O0,openssh-portable,ssh-keysign,private2_uudecode,x86-64,10.0,8.0,32,False
improved,O0,openssh-portable,ssh-pkcs11-helper,private2_uudecode,x86-64,10.0,8.0,32,False
improved,O0,openssh-portable,ssh-sk-helper,private2_uudecode,x86-64,10.0,8.0,32,False
improved,O0,openssh-portable,sshd,private2_uudecode,x86-64,10.0,8.0,32,False
worsened,O0,openssh-portable,sftp-server,process,x86-64,8.0,12.0,38,False
worsened,O0,openssh-portable,ssh-pkcs11-helper,process,x86-64,21.0,23.0,22,False
worsened,O0,openssh-portable,sshd,process,x86-64,8.0,12.0,38,False
improved,O0,openssh-portable,ssh,process_config_line_depth,x86-64,70.0,67.0,590,True
improved,O0,openssh-portable,ssh-keysign,process_config_line_depth,x86-64,70.0,67.0,590,True
to_perfect,O0,openssh-portable,sshd,process_input,x86-64,4.0,0.0,13,False
worsened,O0,openssh-portable,sshd,process_permitopen_list,x86-64,4.0,10.0,21,False
worsened,O0,openssh-portable,sshd,process_server_config_line_depth,x86-64,25.0,27.0,663,True
worsened,O0,openssh-portable,sshd,pty_setowner,x86-64,9.0,11.0,25,False
worsened,O0,openssh-portable,ssh-agent,reaper,x86-64,27.0,30.0,22,False
to_perfect,O0,openssh-portable,ssh,remote_open_match,x86-64,2.0,0.0,11,False
to_perfect,O0,openssh-portable,sshd,remote_open_match,x86-64,2.0,0.0,11,False
to_perfect,O0,openssh-portable,ssh,reserve,x86-64,4.0,0.0,9,False
to_perfect,O0,openssh-portable,ssh-add,reserve,x86-64,4.0,0.0,9,False
to_perfect,O0,openssh-portable,ssh-keygen,reserve,x86-64,4.0,0.0,9,False
to_perfect,O0,openssh-portable,ssh-keysign,reserve,x86-64,4.0,0.0,9,False
to_perfect,O0,openssh-portable,sshd,reserve,x86-64,4.0,0.0,9,False
improved,O0,openssh-portable,ssh,retop,x86-64,8.0,6.0,6,False
improved,O0,openssh-portable,ssh-add,retop,x86-64,8.0,6.0,6,False
improved,O0,openssh-portable,ssh-keygen,retop,x86-64,8.0,6.0,6,False
improved,O0,openssh-portable,ssh-keysign,retop,x86-64,8.0,6.0,6,False
improved,O0,openssh-portable,sshd,retop,x86-64,8.0,6.0,6,False
to_perfect,O0,openssh-portable,ssh,rsa_generate_private_key,x86-64,2.0,0.0,16,False
to_perfect,O0,openssh-portable,ssh-add,rsa_generate_private_key,x86-64,2.0,0.0,16,False
to_perfect,O0,openssh-portable,ssh-agent,rsa_generate_private_key,x86-64,2.0,0.0,16,False
to_perfect,O0,openssh-portable,ssh-keygen,rsa_generate_private_key,x86-64,2.0,0.0,16,False
to_perfect,O0,openssh-portable,ssh-keyscan,rsa_generate_private_key,x86-64,2.0,0.0,16,False
to_perfect,O0,openssh-portable,ssh-keysign,rsa_generate_private_key,x86-64,2.0,0.0,16,False
to_perfect,O0,openssh-portable,ssh-pkcs11-helper,rsa_generate_private_key,x86-64,2.0,0.0,16,False
to_perfect,O0,openssh-portable,ssh-sk-helper,rsa_generate_private_key,x86-64,2.0,0.0,16,False
to_perfect,O0,openssh-portable,sshd,rsa_generate_private_key,x86-64,2.0,0.0,16,False
improved,O0,openssh-portable,scp,safe_path,x86-64,6.0,5.0,30,False
improved,O0,openssh-portable,sftp,safe_path,x86-64,6.0,5.0,30,False
improved,O0,openssh-portable,sftp-server,safe_path,x86-64,6.0,5.0,30,False
improved,O0,openssh-portable,ssh,safe_path,x86-64,6.0,5.0,30,False
improved,O0,openssh-portable,ssh-add,safe_path,x86-64,6.0,5.0,30,False
improved,O0,openssh-portable,ssh-agent,safe_path,x86-64,6.0,5.0,30,False
improved,O0,openssh-portable,ssh-keygen,safe_path,x86-64,6.0,5.0,30,False
improved,O0,openssh-portable,ssh-keyscan,safe_path,x86-64,6.0,5.0,30,False
improved,O0,openssh-portable,ssh-keysign,safe_path,x86-64,6.0,5.0,30,False
improved,O0,openssh-portable,ssh-pkcs11-helper,safe_path,x86-64,6.0,5.0,30,False
improved,O0,openssh-portable,ssh-sk-helper,safe_path,x86-64,6.0,5.0,30,False
improved,O0,openssh-portable,sshd,safe_path,x86-64,6.0,5.0,30,False
to_perfect,O0,openssh-portable,sshd,session_break_req,x86-64,2.0,0.0,9,False
improved,O0,openssh-portable,ssh,set_control_persist_exit_time,x86-64,9.0,3.0,12,False
improved,O0,openssh-portable,ssh-keygen,sig_process_opts,x86-64,7.0,2.0,29,False
improved,O0,openssh-portable,ssh,sockaddr_is_local,x86-64,13.0,11.0,10,False
worsened,O0,openssh-portable,ssh,ssh_agent_bind_hostkey,x86-64,9.0,13.0,22,False
worsened,O0,openssh-portable,ssh-add,ssh_agent_bind_hostkey,x86-64,9.0,13.0,22,False
worsened,O0,openssh-portable,ssh-keygen,ssh_agent_bind_hostkey,x86-64,9.0,13.0,22,False
worsened,O0,openssh-portable,sshd,ssh_agent_bind_hostkey,x86-64,9.0,13.0,22,False
to_perfect,O0,openssh-portable,ssh,ssh_compatible_openssl,x86-64,2.0,0.0,9,False
to_perfect,O0,openssh-portable,ssh-add,ssh_compatible_openssl,x86-64,2.0,0.0,9,False
to_perfect,O0,openssh-portable,ssh-agent,ssh_compatible_openssl,x86-64,2.0,0.0,9,False
to_perfect,O0,openssh-portable,ssh-keygen,ssh_compatible_openssl,x86-64,2.0,0.0,9,False
to_perfect,O0,openssh-portable,ssh-keyscan,ssh_compatible_openssl,x86-64,2.0,0.0,9,False
to_perfect,O0,openssh-portable,ssh-keysign,ssh_compatible_openssl,x86-64,2.0,0.0,9,False
to_perfect,O0,openssh-portable,ssh-pkcs11-helper,ssh_compatible_openssl,x86-64,2.0,0.0,9,False
to_perfect,O0,openssh-portable,sshd,ssh_compatible_openssl,x86-64,2.0,0.0,9,False
to_perfect,O0,openssh-portable,ssh,ssh_digest_by_alg,x86-64,2.0,0.0,9,False
to_perfect,O0,openssh-portable,ssh-add,ssh_digest_by_alg,x86-64,2.0,0.0,9,False
to_perfect,O0,openssh-portable,ssh-agent,ssh_digest_by_alg,x86-64,2.0,0.0,9,False
to_perfect,O0,openssh-portable,ssh-keygen,ssh_digest_by_alg,x86-64,2.0,0.0,9,False
to_perfect,O0,openssh-portable,ssh-keyscan,ssh_digest_by_alg,x86-64,2.0,0.0,9,False
to_perfect,O0,openssh-portable,ssh-keysign,ssh_digest_by_alg,x86-64,2.0,0.0,9,False
to_perfect,O0,openssh-portable,ssh-pkcs11-helper,ssh_digest_by_alg,x86-64,2.0,0.0,9,False
to_perfect,O0,openssh-portable,ssh-sk-helper,ssh_digest_by_alg,x86-64,2.0,0.0,9,False
to_perfect,O0,openssh-portable,sshd,ssh_digest_by_alg,x86-64,2.0,0.0,9,False
to_perfect,O0,openssh-portable,ssh,ssh_digest_final,x86-64,2.0,0.0,11,False
to_perfect,O0,openssh-portable,ssh-add,ssh_digest_final,x86-64,2.0,0.0,11,False
to_perfect,O0,openssh-portable,ssh-agent,ssh_digest_final,x86-64,2.0,0.0,11,False
to_perfect,O0,openssh-portable,ssh-keygen,ssh_digest_final,x86-64,2.0,0.0,11,False
to_perfect,O0,openssh-portable,ssh-keyscan,ssh_digest_final,x86-64,2.0,0.0,11,False
to_perfect,O0,openssh-portable,ssh-keysign,ssh_digest_final,x86-64,2.0,0.0,11,False
to_perfect,O0,openssh-portable,ssh-pkcs11-helper,ssh_digest_final,x86-64,2.0,0.0,11,False
to_perfect,O0,openssh-portable,ssh-sk-helper,ssh_digest_final,x86-64,2.0,0.0,11,False
to_perfect,O0,openssh-portable,sshd,ssh_digest_final,x86-64,2.0,0.0,11,False
to_perfect,O0,openssh-portable,ssh,ssh_digest_start,x86-64,2.0,0.0,9,False
to_perfect,O0,openssh-portable,ssh-add,ssh_digest_start,x86-64,2.0,0.0,9,False
to_perfect,O0,openssh-portable,ssh-agent,ssh_digest_start,x86-64,2.0,0.0,9,False
to_perfect,O0,openssh-portable,ssh-keygen,ssh_digest_start,x86-64,2.0,0.0,9,False
to_perfect,O0,openssh-portable,ssh-keyscan,ssh_digest_start,x86-64,2.0,0.0,9,False
to_perfect,O0,openssh-portable,ssh-keysign,ssh_digest_start,x86-64,2.0,0.0,9,False
to_perfect,O0,openssh-portable,ssh-pkcs11-helper,ssh_digest_start,x86-64,2.0,0.0,9,False
to_perfect,O0,openssh-portable,ssh-sk-helper,ssh_digest_start,x86-64,2.0,0.0,9,False
to_perfect,O0,openssh-portable,sshd,ssh_digest_start,x86-64,2.0,0.0,9,False
improved,O0,openssh-portable,ssh,ssh_dispatch_range,x86-64,11.0,8.0,4,False
improved,O0,openssh-portable,ssh-keyscan,ssh_dispatch_range,x86-64,11.0,8.0,4,False
improved,O0,openssh-portable,ssh-keysign,ssh_dispatch_range,x86-64,11.0,8.0,4,False
improved,O0,openssh-portable,sshd,ssh_dispatch_range,x86-64,11.0,8.0,4,False
worsened,O0,openssh-portable,ssh,ssh_dss_sign,x86-64,12.0,16.0,32,False
worsened,O0,openssh-portable,ssh-add,ssh_dss_sign,x86-64,12.0,16.0,32,False
worsened,O0,openssh-portable,ssh-agent,ssh_dss_sign,x86-64,12.0,16.0,32,False
worsened,O0,openssh-portable,ssh-keygen,ssh_dss_sign,x86-64,12.0,16.0,32,False
worsened,O0,openssh-portable,ssh-keyscan,ssh_dss_sign,x86-64,12.0,16.0,32,False
worsened,O0,openssh-portable,ssh-keysign,ssh_dss_sign,x86-64,12.0,16.0,32,False
worsened,O0,openssh-portable,ssh-pkcs11-helper,ssh_dss_sign,x86-64,12.0,16.0,32,False
worsened,O0,openssh-portable,ssh-sk-helper,ssh_dss_sign,x86-64,12.0,16.0,32,False
worsened,O0,openssh-portable,sshd,ssh_dss_sign,x86-64,12.0,16.0,32,False
improved,O0,openssh-portable,ssh,ssh_dss_verify,x86-64,13.0,9.0,44,False
improved,O0,openssh-portable,ssh-add,ssh_dss_verify,x86-64,13.0,9.0,44,False
improved,O0,openssh-portable,ssh-agent,ssh_dss_verify,x86-64,13.0,9.0,44,False
improved,O0,openssh-portable,ssh-keygen,ssh_dss_verify,x86-64,13.0,9.0,44,False
improved,O0,openssh-portable,ssh-keyscan,ssh_dss_verify,x86-64,13.0,9.0,44,False
improved,O0,openssh-portable,ssh-keysign,ssh_dss_verify,x86-64,13.0,9.0,44,False
improved,O0,openssh-portable,ssh-pkcs11-helper,ssh_dss_verify,x86-64,13.0,9.0,44,False
improved,O0,openssh-portable,ssh-sk-helper,ssh_dss_verify,x86-64,13.0,9.0,44,False
improved,O0,openssh-portable,sshd,ssh_dss_verify,x86-64,13.0,9.0,44,False
to_perfect,O0,openssh-portable,ssh,ssh_ecdsa_sign,x86-64,6.0,0.0,35,False
to_perfect,O0,openssh-portable,ssh-add,ssh_ecdsa_sign,x86-64,6.0,0.0,35,False
to_perfect,O0,openssh-portable,ssh-agent,ssh_ecdsa_sign,x86-64,6.0,0.0,35,False
to_perfect,O0,openssh-portable,ssh-keygen,ssh_ecdsa_sign,x86-64,6.0,0.0,35,False
to_perfect,O0,openssh-portable,ssh-keyscan,ssh_ecdsa_sign,x86-64,6.0,0.0,35,False
to_perfect,O0,openssh-portable,ssh-keysign,ssh_ecdsa_sign,x86-64,6.0,0.0,35,False
to_perfect,O0,openssh-portable,ssh-pkcs11-helper,ssh_ecdsa_sign,x86-64,6.0,0.0,35,False
to_perfect,O0,openssh-portable,ssh-sk-helper,ssh_ecdsa_sign,x86-64,6.0,0.0,35,False
to_perfect,O0,openssh-portable,sshd,ssh_ecdsa_sign,x86-64,6.0,0.0,35,False
worsened,O0,openssh-portable,ssh,ssh_ecdsa_sk_verify,x86-64,5.0,7.0,71,True
worsened,O0,openssh-portable,ssh-add,ssh_ecdsa_sk_verify,x86-64,5.0,7.0,71,True
worsened,O0,openssh-portable,ssh-agent,ssh_ecdsa_sk_verify,x86-64,5.0,7.0,71,True
worsened,O0,openssh-portable,ssh-keygen,ssh_ecdsa_sk_verify,x86-64,5.0,7.0,71,True
worsened,O0,openssh-portable,ssh-keyscan,ssh_ecdsa_sk_verify,x86-64,5.0,7.0,71,True
worsened,O0,openssh-portable,ssh-keysign,ssh_ecdsa_sk_verify,x86-64,5.0,7.0,71,True
worsened,O0,openssh-portable,ssh-pkcs11-helper,ssh_ecdsa_sk_verify,x86-64,5.0,7.0,71,True
worsened,O0,openssh-portable,ssh-sk-helper,ssh_ecdsa_sk_verify,x86-64,5.0,7.0,71,True
worsened,O0,openssh-portable,sshd,ssh_ecdsa_sk_verify,x86-64,5.0,7.0,71,True
improved,O0,openssh-portable,ssh,ssh_ecdsa_verify,x86-64,15.0,7.0,40,False
improved,O0,openssh-portable,ssh-add,ssh_ecdsa_verify,x86-64,15.0,7.0,40,False
improved,O0,openssh-portable,ssh-agent,ssh_ecdsa_verify,x86-64,15.0,7.0,40,False
improved,O0,openssh-portable,ssh-keygen,ssh_ecdsa_verify,x86-64,15.0,7.0,40,False
improved,O0,openssh-portable,ssh-keyscan,ssh_ecdsa_verify,x86-64,15.0,7.0,40,False
improved,O0,openssh-portable,ssh-keysign,ssh_ecdsa_verify,x86-64,15.0,7.0,40,False
improved,O0,openssh-portable,ssh-pkcs11-helper,ssh_ecdsa_verify,x86-64,15.0,7.0,40,False
improved,O0,openssh-portable,ssh-sk-helper,ssh_ecdsa_verify,x86-64,15.0,7.0,40,False
improved,O0,openssh-portable,sshd,ssh_ecdsa_verify,x86-64,15.0,7.0,40,False
to_perfect,O0,openssh-portable,ssh,ssh_ed25519_sign,x86-64,6.0,0.0,33,False
to_perfect,O0,openssh-portable,ssh-add,ssh_ed25519_sign,x86-64,6.0,0.0,33,False
to_perfect,O0,openssh-portable,ssh-agent,ssh_ed25519_sign,x86-64,6.0,0.0,33,False
to_perfect,O0,openssh-portable,ssh-keygen,ssh_ed25519_sign,x86-64,6.0,0.0,33,False
to_perfect,O0,openssh-portable,ssh-keyscan,ssh_ed25519_sign,x86-64,6.0,0.0,33,False
to_perfect,O0,openssh-portable,ssh-keysign,ssh_ed25519_sign,x86-64,6.0,0.0,33,False
to_perfect,O0,openssh-portable,ssh-pkcs11-helper,ssh_ed25519_sign,x86-64,6.0,0.0,33,False
to_perfect,O0,openssh-portable,ssh-sk-helper,ssh_ed25519_sign,x86-64,6.0,0.0,33,False
to_perfect,O0,openssh-portable,sshd,ssh_ed25519_sign,x86-64,6.0,0.0,33,False
worsened,O0,openssh-portable,ssh,ssh_ed25519_sk_verify,x86-64,19.0,24.0,59,False
worsened,O0,openssh-portable,ssh-add,ssh_ed25519_sk_verify,x86-64,19.0,24.0,59,False
worsened,O0,openssh-portable,ssh-agent,ssh_ed25519_sk_verify,x86-64,19.0,24.0,59,False
worsened,O0,openssh-portable,ssh-keygen,ssh_ed25519_sk_verify,x86-64,19.0,24.0,59,False
worsened,O0,openssh-portable,ssh-keyscan,ssh_ed25519_sk_verify,x86-64,19.0,24.0,59,False
worsened,O0,openssh-portable,ssh-keysign,ssh_ed25519_sk_verify,x86-64,19.0,24.0,59,False
worsened,O0,openssh-portable,ssh-pkcs11-helper,ssh_ed25519_sk_verify,x86-64,19.0,24.0,59,False
worsened,O0,openssh-portable,ssh-sk-helper,ssh_ed25519_sk_verify,x86-64,19.0,24.0,59,False
worsened,O0,openssh-portable,sshd,ssh_ed25519_sk_verify,x86-64,19.0,24.0,59,False
improved,O0,openssh-portable,ssh,ssh_ed25519_verify,x86-64,18.0,10.0,41,False
improved,O0,openssh-portable,ssh-add,ssh_ed25519_verify,x86-64,18.0,10.0,41,False
improved,O0,openssh-portable,ssh-agent,ssh_ed25519_verify,x86-64,18.0,10.0,41,False
improved,O0,openssh-portable,ssh-keygen,ssh_ed25519_verify,x86-64,18.0,10.0,41,False
improved,O0,openssh-portable,ssh-keyscan,ssh_ed25519_verify,x86-64,18.0,10.0,41,False
improved,O0,openssh-portable,ssh-keysign,ssh_ed25519_verify,x86-64,18.0,10.0,41,False
improved,O0,openssh-portable,ssh-pkcs11-helper,ssh_ed25519_verify,x86-64,18.0,10.0,41,False
improved,O0,openssh-portable,ssh-sk-helper,ssh_ed25519_verify,x86-64,18.0,10.0,41,False
improved,O0,openssh-portable,sshd,ssh_ed25519_verify,x86-64,18.0,10.0,41,False
to_perfect,O0,openssh-portable,ssh,ssh_get_authentication_socket,x86-64,2.0,0.0,7,False
to_perfect,O0,openssh-portable,ssh-add,ssh_get_authentication_socket,x86-64,2.0,0.0,7,False
to_perfect,O0,openssh-portable,ssh-keygen,ssh_get_authentication_socket,x86-64,2.0,0.0,7,False
to_perfect,O0,openssh-portable,sshd,ssh_get_authentication_socket,x86-64,2.0,0.0,7,False
improved,O0,openssh-portable,ssh,ssh_hmac_final,x86-64,6.0,2.0,11,False
improved,O0,openssh-portable,ssh-add,ssh_hmac_final,x86-64,6.0,2.0,11,False
improved,O0,openssh-portable,ssh-keygen,ssh_hmac_final,x86-64,6.0,2.0,11,False
improved,O0,openssh-portable,ssh-keyscan,ssh_hmac_final,x86-64,6.0,2.0,11,False
improved,O0,openssh-portable,ssh-keysign,ssh_hmac_final,x86-64,6.0,2.0,11,False
improved,O0,openssh-portable,sshd,ssh_hmac_final,x86-64,6.0,2.0,11,False
worsened,O0,openssh-portable,ssh,ssh_init_forward_permissions,x86-64,8.0,10.0,19,False
improved,O0,openssh-portable,ssh,ssh_local_cmd,x86-64,4.0,2.0,20,False
to_perfect,O0,openssh-portable,ssh,ssh_packet_connection_is_on_socket,x86-64,8.0,0.0,23,False
to_perfect,O0,openssh-portable,ssh-keyscan,ssh_packet_connection_is_on_socket,x86-64,8.0,0.0,23,False
to_perfect,O0,openssh-portable,ssh-keysign,ssh_packet_connection_is_on_socket,x86-64,8.0,0.0,23,False
to_perfect,O0,openssh-portable,sshd,ssh_packet_connection_is_on_socket,x86-64,8.0,0.0,23,False
improved,O0,openssh-portable,ssh,ssh_packet_need_rekeying,x86-64,9.0,5.0,25,False
improved,O0,openssh-portable,ssh-keyscan,ssh_packet_need_rekeying,x86-64,9.0,5.0,25,False
improved,O0,openssh-portable,ssh-keysign,ssh_packet_need_rekeying,x86-64,9.0,5.0,25,False
improved,O0,openssh-portable,sshd,ssh_packet_need_rekeying,x86-64,9.0,5.0,25,False
to_perfect,O0,openssh-portable,ssh,ssh_packet_read_poll2_mux,x86-64,2.0,0.0,22,False
to_perfect,O0,openssh-portable,ssh-keyscan,ssh_packet_read_poll2_mux,x86-64,2.0,0.0,22,False
to_perfect,O0,openssh-portable,ssh-keysign,ssh_packet_read_poll2_mux,x86-64,2.0,0.0,22,False
to_perfect,O0,openssh-portable,sshd,ssh_packet_read_poll2_mux,x86-64,2.0,0.0,22,False
worsened,O0,openssh-portable,ssh,ssh_packet_set_log_preamble,x86-64,6.0,8.0,7,False
worsened,O0,openssh-portable,ssh-keyscan,ssh_packet_set_log_preamble,x86-64,6.0,8.0,7,False
worsened,O0,openssh-portable,ssh-keysign,ssh_packet_set_log_preamble,x86-64,6.0,8.0,7,False
worsened,O0,openssh-portable,sshd,ssh_packet_set_log_preamble,x86-64,6.0,8.0,7,False
worsened,O0,openssh-portable,ssh,ssh_packet_set_tos,x86-64,2.0,6.0,5,False
worsened,O0,openssh-portable,ssh-keyscan,ssh_packet_set_tos,x86-64,2.0,6.0,5,False
worsened,O0,openssh-portable,ssh-keysign,ssh_packet_set_tos,x86-64,2.0,6.0,5,False
worsened,O0,openssh-portable,sshd,ssh_packet_set_tos,x86-64,2.0,6.0,5,False
improved,O0,openssh-portable,ssh,ssh_packet_type_is_kex,x86-64,16.0,12.0,9,False
improved,O0,openssh-portable,ssh-keyscan,ssh_packet_type_is_kex,x86-64,16.0,12.0,9,False
improved,O0,openssh-portable,ssh-keysign,ssh_packet_type_is_kex,x86-64,16.0,12.0,9,False
improved,O0,openssh-portable,sshd,ssh_packet_type_is_kex,x86-64,16.0,12.0,9,False
to_perfect,O0,openssh-portable,ssh,ssh_packet_write_poll,x86-64,7.0,0.0,14,False
to_perfect,O0,openssh-portable,ssh-keyscan,ssh_packet_write_poll,x86-64,7.0,0.0,14,False
to_perfect,O0,openssh-portable,ssh-keysign,ssh_packet_write_poll,x86-64,7.0,0.0,14,False
to_perfect,O0,openssh-portable,sshd,ssh_packet_write_poll,x86-64,7.0,0.0,14,False
improved,O0,openssh-portable,ssh,ssh_rsa_complete_crt_parameters,x86-64,13.0,5.0,30,False
improved,O0,openssh-portable,ssh-add,ssh_rsa_complete_crt_parameters,x86-64,13.0,5.0,30,False
improved,O0,openssh-portable,ssh-agent,ssh_rsa_complete_crt_parameters,x86-64,13.0,5.0,30,False
improved,O0,openssh-portable,ssh-keygen,ssh_rsa_complete_crt_parameters,x86-64,13.0,5.0,30,False
improved,O0,openssh-portable,ssh-keyscan,ssh_rsa_complete_crt_parameters,x86-64,13.0,5.0,30,False
improved,O0,openssh-portable,ssh-keysign,ssh_rsa_complete_crt_parameters,x86-64,13.0,5.0,30,False
improved,O0,openssh-portable,ssh-pkcs11-helper,ssh_rsa_complete_crt_parameters,x86-64,13.0,5.0,30,False
improved,O0,openssh-portable,ssh-sk-helper,ssh_rsa_complete_crt_parameters,x86-64,13.0,5.0,30,False
improved,O0,openssh-portable,sshd,ssh_rsa_complete_crt_parameters,x86-64,13.0,5.0,30,False
improved,O0,openssh-portable,ssh,ssh_rsa_sign,x86-64,17.0,9.0,47,False
improved,O0,openssh-portable,ssh-add,ssh_rsa_sign,x86-64,17.0,9.0,47,False
improved,O0,openssh-portable,ssh-agent,ssh_rsa_sign,x86-64,17.0,9.0,47,False
improved,O0,openssh-portable,ssh-keygen,ssh_rsa_sign,x86-64,17.0,9.0,47,False
improved,O0,openssh-portable,ssh-keyscan,ssh_rsa_sign,x86-64,17.0,9.0,47,False
improved,O0,openssh-portable,ssh-keysign,ssh_rsa_sign,x86-64,17.0,9.0,47,False
improved,O0,openssh-portable,ssh-pkcs11-helper,ssh_rsa_sign,x86-64,17.0,9.0,47,False
improved,O0,openssh-portable,ssh-sk-helper,ssh_rsa_sign,x86-64,17.0,9.0,47,False
improved,O0,openssh-portable,sshd,ssh_rsa_sign,x86-64,17.0,9.0,47,False
improved,O0,openssh-portable,ssh,ssh_rsa_verify,x86-64,13.0,5.0,40,False
improved,O0,openssh-portable,ssh-add,ssh_rsa_verify,x86-64,13.0,5.0,40,False
improved,O0,openssh-portable,ssh-agent,ssh_rsa_verify,x86-64,13.0,5.0,40,False
improved,O0,openssh-portable,ssh-keygen,ssh_rsa_verify,x86-64,13.0,5.0,40,False
improved,O0,openssh-portable,ssh-keyscan,ssh_rsa_verify,x86-64,13.0,5.0,40,False
improved,O0,openssh-portable,ssh-keysign,ssh_rsa_verify,x86-64,13.0,5.0,40,False
improved,O0,openssh-portable,ssh-pkcs11-helper,ssh_rsa_verify,x86-64,13.0,5.0,40,False
improved,O0,openssh-portable,ssh-sk-helper,ssh_rsa_verify,x86-64,13.0,5.0,40,False
improved,O0,openssh-portable,sshd,ssh_rsa_verify,x86-64,13.0,5.0,40,False
to_perfect,O0,openssh-portable,ssh-keyscan,ssh_set_verify_host_key_callback,x86-64,2.0,0.0,5,False
worsened,O0,openssh-portable,ssh,ssh_tty_parse_modes,x86-64,2.0,5.0,258,True
worsened,O0,openssh-portable,sshd,ssh_tty_parse_modes,x86-64,2.0,5.0,258,True
to_perfect,O0,openssh-portable,sshd,sshauthopt_from_cert,x86-64,6.0,0.0,15,False
to_perfect,O0,openssh-portable,scp,sshbuf_avail,x86-64,4.0,0.0,7,False
to_perfect,O0,openssh-portable,sftp,sshbuf_avail,x86-64,4.0,0.0,7,False
to_perfect,O0,openssh-portable,sftp-server,sshbuf_avail,x86-64,4.0,0.0,7,False
to_perfect,O0,openssh-portable,ssh,sshbuf_avail,x86-64,4.0,0.0,7,False
to_perfect,O0,openssh-portable,ssh-add,sshbuf_avail,x86-64,4.0,0.0,7,False
to_perfect,O0,openssh-portable,ssh-agent,sshbuf_avail,x86-64,4.0,0.0,7,False
to_perfect,O0,openssh-portable,ssh-keygen,sshbuf_avail,x86-64,4.0,0.0,7,False
to_perfect,O0,openssh-portable,ssh-keyscan,sshbuf_avail,x86-64,4.0,0.0,7,False
to_perfect,O0,openssh-portable,ssh-keysign,sshbuf_avail,x86-64,4.0,0.0,7,False
to_perfect,O0,openssh-portable,ssh-pkcs11-helper,sshbuf_avail,x86-64,4.0,0.0,7,False
to_perfect,O0,openssh-portable,ssh-sk-helper,sshbuf_avail,x86-64,4.0,0.0,7,False
to_perfect,O0,openssh-portable,sshd,sshbuf_avail,x86-64,4.0,0.0,7,False
to_perfect,O0,openssh-portable,scp,sshbuf_check_reserve,x86-64,4.0,0.0,11,False
to_perfect,O0,openssh-portable,sftp,sshbuf_check_reserve,x86-64,4.0,0.0,11,False
to_perfect,O0,openssh-portable,sftp-server,sshbuf_check_reserve,x86-64,4.0,0.0,11,False
to_perfect,O0,openssh-portable,ssh,sshbuf_check_reserve,x86-64,4.0,0.0,11,False
to_perfect,O0,openssh-portable,ssh-add,sshbuf_check_reserve,x86-64,4.0,0.0,11,False
to_perfect,O0,openssh-portable,ssh-agent,sshbuf_check_reserve,x86-64,4.0,0.0,11,False
to_perfect,O0,openssh-portable,ssh-keygen,sshbuf_check_reserve,x86-64,4.0,0.0,11,False
to_perfect,O0,openssh-portable,ssh-keyscan,sshbuf_check_reserve,x86-64,4.0,0.0,11,False
to_perfect,O0,openssh-portable,ssh-keysign,sshbuf_check_reserve,x86-64,4.0,0.0,11,False
to_perfect,O0,openssh-portable,ssh-pkcs11-helper,sshbuf_check_reserve,x86-64,4.0,0.0,11,False
to_perfect,O0,openssh-portable,ssh-sk-helper,sshbuf_check_reserve,x86-64,4.0,0.0,11,False
to_perfect,O0,openssh-portable,sshd,sshbuf_check_reserve,x86-64,4.0,0.0,11,False
to_perfect,O0,openssh-portable,scp,sshbuf_cmp,x86-64,4.0,0.0,13,False
to_perfect,O0,openssh-portable,sftp,sshbuf_cmp,x86-64,4.0,0.0,13,False
to_perfect,O0,openssh-portable,sftp-server,sshbuf_cmp,x86-64,4.0,0.0,13,False
to_perfect,O0,openssh-portable,ssh,sshbuf_cmp,x86-64,4.0,0.0,13,False
to_perfect,O0,openssh-portable,ssh-add,sshbuf_cmp,x86-64,4.0,0.0,13,False
to_perfect,O0,openssh-portable,ssh-agent,sshbuf_cmp,x86-64,4.0,0.0,13,False
to_perfect,O0,openssh-portable,ssh-keygen,sshbuf_cmp,x86-64,4.0,0.0,13,False
to_perfect,O0,openssh-portable,ssh-keyscan,sshbuf_cmp,x86-64,4.0,0.0,13,False
to_perfect,O0,openssh-portable,ssh-keysign,sshbuf_cmp,x86-64,4.0,0.0,13,False
to_perfect,O0,openssh-portable,ssh-pkcs11-helper,sshbuf_cmp,x86-64,4.0,0.0,13,False
to_perfect,O0,openssh-portable,ssh-sk-helper,sshbuf_cmp,x86-64,4.0,0.0,13,False
to_perfect,O0,openssh-portable,sshd,sshbuf_cmp,x86-64,4.0,0.0,13,False
improved,O0,openssh-portable,scp,sshbuf_dtob64,x86-64,14.0,10.0,26,False
improved,O0,openssh-portable,sftp,sshbuf_dtob64,x86-64,14.0,10.0,26,False
improved,O0,openssh-portable,sftp-server,sshbuf_dtob64,x86-64,14.0,10.0,26,False
improved,O0,openssh-portable,ssh,sshbuf_dtob64,x86-64,14.0,10.0,26,False
improved,O0,openssh-portable,ssh-add,sshbuf_dtob64,x86-64,14.0,10.0,26,False
improved,O0,openssh-portable,ssh-agent,sshbuf_dtob64,x86-64,14.0,10.0,26,False
improved,O0,openssh-portable,ssh-keygen,sshbuf_dtob64,x86-64,14.0,10.0,26,False
improved,O0,openssh-portable,ssh-keyscan,sshbuf_dtob64,x86-64,14.0,10.0,26,False
improved,O0,openssh-portable,ssh-keysign,sshbuf_dtob64,x86-64,14.0,10.0,26,False
improved,O0,openssh-portable,ssh-pkcs11-helper,sshbuf_dtob64,x86-64,14.0,10.0,26,False
improved,O0,openssh-portable,ssh-sk-helper,sshbuf_dtob64,x86-64,14.0,10.0,26,False
improved,O0,openssh-portable,sshd,sshbuf_dtob64,x86-64,14.0,10.0,26,False
off_perfect,O0,openssh-portable,scp,sshbuf_free,x86-64,0.0,10.0,9,False
off_perfect,O0,openssh-portable,sftp,sshbuf_free,x86-64,0.0,10.0,9,False
off_perfect,O0,openssh-portable,sftp-server,sshbuf_free,x86-64,0.0,10.0,9,False
off_perfect,O0,openssh-portable,ssh,sshbuf_free,x86-64,0.0,10.0,9,False
off_perfect,O0,openssh-portable,ssh-add,sshbuf_free,x86-64,0.0,10.0,9,False
off_perfect,O0,openssh-portable,ssh-agent,sshbuf_free,x86-64,0.0,10.0,9,False
off_perfect,O0,openssh-portable,ssh-keygen,sshbuf_free,x86-64,0.0,10.0,9,False
off_perfect,O0,openssh-portable,ssh-keyscan,sshbuf_free,x86-64,0.0,10.0,9,False
off_perfect,O0,openssh-portable,ssh-keysign,sshbuf_free,x86-64,0.0,10.0,9,False
off_perfect,O0,openssh-portable,ssh-pkcs11-helper,sshbuf_free,x86-64,0.0,10.0,9,False
off_perfect,O0,openssh-portable,ssh-sk-helper,sshbuf_free,x86-64,0.0,10.0,9,False
off_perfect,O0,openssh-portable,sshd,sshbuf_free,x86-64,0.0,10.0,9,False
to_perfect,O0,openssh-portable,scp,sshbuf_from,x86-64,4.0,0.0,7,False
to_perfect,O0,openssh-portable,sftp,sshbuf_from,x86-64,4.0,0.0,7,False
to_perfect,O0,openssh-portable,sftp-server,sshbuf_from,x86-64,4.0,0.0,7,False
to_perfect,O0,openssh-portable,ssh,sshbuf_from,x86-64,4.0,0.0,7,False
to_perfect,O0,openssh-portable,ssh-add,sshbuf_from,x86-64,4.0,0.0,7,False
to_perfect,O0,openssh-portable,ssh-agent,sshbuf_from,x86-64,4.0,0.0,7,False
to_perfect,O0,openssh-portable,ssh-keygen,sshbuf_from,x86-64,4.0,0.0,7,False
to_perfect,O0,openssh-portable,ssh-keyscan,sshbuf_from,x86-64,4.0,0.0,7,False
to_perfect,O0,openssh-portable,ssh-keysign,sshbuf_from,x86-64,4.0,0.0,7,False
to_perfect,O0,openssh-portable,ssh-pkcs11-helper,sshbuf_from,x86-64,4.0,0.0,7,False
to_perfect,O0,openssh-portable,ssh-sk-helper,sshbuf_from,x86-64,4.0,0.0,7,False
to_perfect,O0,openssh-portable,sshd,sshbuf_from,x86-64,4.0,0.0,7,False
worsened,O0,openssh-portable,scp,sshbuf_froms,x86-64,7.0,11.0,13,False
worsened,O0,openssh-portable,sftp,sshbuf_froms,x86-64,7.0,11.0,13,False
worsened,O0,openssh-portable,sftp-server,sshbuf_froms,x86-64,7.0,11.0,13,False
worsened,O0,openssh-portable,ssh,sshbuf_froms,x86-64,7.0,11.0,13,False
worsened,O0,openssh-portable,ssh-add,sshbuf_froms,x86-64,7.0,11.0,13,False
worsened,O0,openssh-portable,ssh-agent,sshbuf_froms,x86-64,7.0,11.0,13,False
worsened,O0,openssh-portable,ssh-keygen,sshbuf_froms,x86-64,7.0,11.0,13,False
worsened,O0,openssh-portable,ssh-keyscan,sshbuf_froms,x86-64,7.0,11.0,13,False
worsened,O0,openssh-portable,ssh-keysign,sshbuf_froms,x86-64,7.0,11.0,13,False
worsened,O0,openssh-portable,ssh-pkcs11-helper,sshbuf_froms,x86-64,7.0,11.0,13,False
worsened,O0,openssh-portable,ssh-sk-helper,sshbuf_froms,x86-64,7.0,11.0,13,False
worsened,O0,openssh-portable,sshd,sshbuf_froms,x86-64,7.0,11.0,13,False
worsened,O0,openssh-portable,scp,sshbuf_get,x86-64,4.0,8.0,7,False
worsened,O0,openssh-portable,sftp,sshbuf_get,x86-64,4.0,8.0,7,False
worsened,O0,openssh-portable,sftp-server,sshbuf_get,x86-64,4.0,8.0,7,False
worsened,O0,openssh-portable,ssh,sshbuf_get,x86-64,4.0,8.0,7,False
worsened,O0,openssh-portable,ssh-add,sshbuf_get,x86-64,4.0,8.0,7,False
worsened,O0,openssh-portable,ssh-agent,sshbuf_get,x86-64,4.0,8.0,7,False
worsened,O0,openssh-portable,ssh-keygen,sshbuf_get,x86-64,4.0,8.0,7,False
worsened,O0,openssh-portable,ssh-keyscan,sshbuf_get,x86-64,4.0,8.0,7,False
worsened,O0,openssh-portable,ssh-keysign,sshbuf_get,x86-64,4.0,8.0,7,False
worsened,O0,openssh-portable,ssh-pkcs11-helper,sshbuf_get,x86-64,4.0,8.0,7,False
worsened,O0,openssh-portable,ssh-sk-helper,sshbuf_get,x86-64,4.0,8.0,7,False
worsened,O0,openssh-portable,sshd,sshbuf_get,x86-64,4.0,8.0,7,False
improved,O0,openssh-portable,scp,sshbuf_maybe_pack,x86-64,11.0,7.0,11,False
improved,O0,openssh-portable,sftp,sshbuf_maybe_pack,x86-64,11.0,7.0,11,False
improved,O0,openssh-portable,sftp-server,sshbuf_maybe_pack,x86-64,11.0,7.0,11,False
improved,O0,openssh-portable,ssh,sshbuf_maybe_pack,x86-64,11.0,7.0,11,False
improved,O0,openssh-portable,ssh-add,sshbuf_maybe_pack,x86-64,11.0,7.0,11,False
improved,O0,openssh-portable,ssh-agent,sshbuf_maybe_pack,x86-64,11.0,7.0,11,False
improved,O0,openssh-portable,ssh-keygen,sshbuf_maybe_pack,x86-64,11.0,7.0,11,False
improved,O0,openssh-portable,ssh-keyscan,sshbuf_maybe_pack,x86-64,11.0,7.0,11,False
improved,O0,openssh-portable,ssh-keysign,sshbuf_maybe_pack,x86-64,11.0,7.0,11,False
improved,O0,openssh-portable,ssh-pkcs11-helper,sshbuf_maybe_pack,x86-64,11.0,7.0,11,False
improved,O0,openssh-portable,ssh-sk-helper,sshbuf_maybe_pack,x86-64,11.0,7.0,11,False
improved,O0,openssh-portable,sshd,sshbuf_maybe_pack,x86-64,11.0,7.0,11,False
to_perfect,O0,openssh-portable,scp,sshbuf_mutable_ptr,x86-64,4.0,0.0,7,False
to_perfect,O0,openssh-portable,sftp,sshbuf_mutable_ptr,x86-64,4.0,0.0,7,False
to_perfect,O0,openssh-portable,sftp-server,sshbuf_mutable_ptr,x86-64,4.0,0.0,7,False
to_perfect,O0,openssh-portable,ssh,sshbuf_mutable_ptr,x86-64,4.0,0.0,7,False
to_perfect,O0,openssh-portable,ssh-add,sshbuf_mutable_ptr,x86-64,4.0,0.0,7,False
to_perfect,O0,openssh-portable,ssh-agent,sshbuf_mutable_ptr,x86-64,4.0,0.0,7,False
to_perfect,O0,openssh-portable,ssh-keygen,sshbuf_mutable_ptr,x86-64,4.0,0.0,7,False
to_perfect,O0,openssh-portable,ssh-keyscan,sshbuf_mutable_ptr,x86-64,4.0,0.0,7,False
to_perfect,O0,openssh-portable,ssh-keysign,sshbuf_mutable_ptr,x86-64,4.0,0.0,7,False
to_perfect,O0,openssh-portable,ssh-pkcs11-helper,sshbuf_mutable_ptr,x86-64,4.0,0.0,7,False
to_perfect,O0,openssh-portable,ssh-sk-helper,sshbuf_mutable_ptr,x86-64,4.0,0.0,7,False
to_perfect,O0,openssh-portable,sshd,sshbuf_mutable_ptr,x86-64,4.0,0.0,7,False
worsened,O0,openssh-portable,ssh,sshbuf_put_bignum2,x86-64,6.0,8.0,13,False
worsened,O0,openssh-portable,ssh-add,sshbuf_put_bignum2,x86-64,6.0,8.0,13,False
worsened,O0,openssh-portable,ssh-agent,sshbuf_put_bignum2,x86-64,6.0,8.0,13,False
worsened,O0,openssh-portable,ssh-keygen,sshbuf_put_bignum2,x86-64,6.0,8.0,13,False
worsened,O0,openssh-portable,ssh-keyscan,sshbuf_put_bignum2,x86-64,6.0,8.0,13,False
worsened,O0,openssh-portable,ssh-keysign,sshbuf_put_bignum2,x86-64,6.0,8.0,13,False
worsened,O0,openssh-portable,ssh-pkcs11-helper,sshbuf_put_bignum2,x86-64,6.0,8.0,13,False
worsened,O0,openssh-portable,ssh-sk-helper,sshbuf_put_bignum2,x86-64,6.0,8.0,13,False
worsened,O0,openssh-portable,sshd,sshbuf_put_bignum2,x86-64,6.0,8.0,13,False
worsened,O0,openssh-portable,scp,sshbuf_reset,x86-64,5.0,8.0,10,False
worsened,O0,openssh-portable,sftp,sshbuf_reset,x86-64,5.0,8.0,10,False
worsened,O0,openssh-portable,sftp-server,sshbuf_reset,x86-64,5.0,8.0,10,False
worsened,O0,openssh-portable,ssh,sshbuf_reset,x86-64,5.0,8.0,10,False
worsened,O0,openssh-portable,ssh-add,sshbuf_reset,x86-64,5.0,8.0,10,False
worsened,O0,openssh-portable,ssh-agent,sshbuf_reset,x86-64,5.0,8.0,10,False
worsened,O0,openssh-portable,ssh-keygen,sshbuf_reset,x86-64,5.0,8.0,10,False
worsened,O0,openssh-portable,ssh-keyscan,sshbuf_reset,x86-64,5.0,8.0,10,False
worsened,O0,openssh-portable,ssh-keysign,sshbuf_reset,x86-64,5.0,8.0,10,False
worsened,O0,openssh-portable,ssh-pkcs11-helper,sshbuf_reset,x86-64,5.0,8.0,10,False
worsened,O0,openssh-portable,ssh-sk-helper,sshbuf_reset,x86-64,5.0,8.0,10,False
worsened,O0,openssh-portable,sshd,sshbuf_reset,x86-64,5.0,8.0,10,False
to_perfect,O0,openssh-portable,scp,sshbuf_set_max_size,x86-64,2.0,0.0,24,False
to_perfect,O0,openssh-portable,sftp,sshbuf_set_max_size,x86-64,2.0,0.0,24,False
to_perfect,O0,openssh-portable,sftp-server,sshbuf_set_max_size,x86-64,2.0,0.0,24,False
to_perfect,O0,openssh-portable,ssh,sshbuf_set_max_size,x86-64,2.0,0.0,24,False
to_perfect,O0,openssh-portable,ssh-add,sshbuf_set_max_size,x86-64,2.0,0.0,24,False
to_perfect,O0,openssh-portable,ssh-agent,sshbuf_set_max_size,x86-64,2.0,0.0,24,False
to_perfect,O0,openssh-portable,ssh-keygen,sshbuf_set_max_size,x86-64,2.0,0.0,24,False
to_perfect,O0,openssh-portable,ssh-keyscan,sshbuf_set_max_size,x86-64,2.0,0.0,24,False
to_perfect,O0,openssh-portable,ssh-keysign,sshbuf_set_max_size,x86-64,2.0,0.0,24,False
to_perfect,O0,openssh-portable,ssh-pkcs11-helper,sshbuf_set_max_size,x86-64,2.0,0.0,24,False
to_perfect,O0,openssh-portable,ssh-sk-helper,sshbuf_set_max_size,x86-64,2.0,0.0,24,False
to_perfect,O0,openssh-portable,sshd,sshbuf_set_max_size,x86-64,2.0,0.0,24,False
improved,O0,openssh-portable,ssh,sshkey_advance_past_options,x86-64,10.0,6.0,17,False
improved,O0,openssh-portable,ssh-add,sshkey_advance_past_options,x86-64,10.0,6.0,17,False
improved,O0,openssh-portable,ssh-keygen,sshkey_advance_past_options,x86-64,10.0,6.0,17,False
improved,O0,openssh-portable,ssh-keysign,sshkey_advance_past_options,x86-64,10.0,6.0,17,False
improved,O0,openssh-portable,sshd,sshkey_advance_past_options,x86-64,10.0,6.0,17,False
worsened,O0,openssh-portable,ssh,sshkey_cert_check_host,x86-64,2.0,5.0,9,False
worsened,O0,openssh-portable,ssh-add,sshkey_cert_check_host,x86-64,2.0,5.0,9,False
worsened,O0,openssh-portable,ssh-agent,sshkey_cert_check_host,x86-64,2.0,5.0,9,False
worsened,O0,openssh-portable,ssh-keygen,sshkey_cert_check_host,x86-64,2.0,5.0,9,False
worsened,O0,openssh-portable,ssh-keyscan,sshkey_cert_check_host,x86-64,2.0,5.0,9,False
worsened,O0,openssh-portable,ssh-keysign,sshkey_cert_check_host,x86-64,2.0,5.0,9,False
worsened,O0,openssh-portable,ssh-pkcs11-helper,sshkey_cert_check_host,x86-64,2.0,5.0,9,False
worsened,O0,openssh-portable,ssh-sk-helper,sshkey_cert_check_host,x86-64,2.0,5.0,9,False
worsened,O0,openssh-portable,sshd,sshkey_cert_check_host,x86-64,2.0,5.0,9,False
improved,O0,openssh-portable,ssh,sshkey_cert_copy,x86-64,12.0,10.0,34,False
improved,O0,openssh-portable,ssh-add,sshkey_cert_copy,x86-64,12.0,10.0,34,False
improved,O0,openssh-portable,ssh-agent,sshkey_cert_copy,x86-64,12.0,10.0,34,False
improved,O0,openssh-portable,ssh-keygen,sshkey_cert_copy,x86-64,12.0,10.0,34,False
improved,O0,openssh-portable,ssh-keyscan,sshkey_cert_copy,x86-64,12.0,10.0,34,False
improved,O0,openssh-portable,ssh-keysign,sshkey_cert_copy,x86-64,12.0,10.0,34,False
improved,O0,openssh-portable,ssh-pkcs11-helper,sshkey_cert_copy,x86-64,12.0,10.0,34,False
improved,O0,openssh-portable,ssh-sk-helper,sshkey_cert_copy,x86-64,12.0,10.0,34,False
improved,O0,openssh-portable,sshd,sshkey_cert_copy,x86-64,12.0,10.0,34,False
improved,O0,openssh-portable,ssh,sshkey_certify_custom,x86-64,4.0,1.0,83,True
improved,O0,openssh-portable,ssh-add,sshkey_certify_custom,x86-64,4.0,1.0,83,True
improved,O0,openssh-portable,ssh-agent,sshkey_certify_custom,x86-64,4.0,1.0,83,True
improved,O0,openssh-portable,ssh-keygen,sshkey_certify_custom,x86-64,4.0,1.0,83,True
improved,O0,openssh-portable,ssh-keyscan,sshkey_certify_custom,x86-64,4.0,1.0,83,True
improved,O0,openssh-portable,ssh-keysign,sshkey_certify_custom,x86-64,4.0,1.0,83,True
improved,O0,openssh-portable,ssh-pkcs11-helper,sshkey_certify_custom,x86-64,4.0,1.0,83,True
improved,O0,openssh-portable,ssh-sk-helper,sshkey_certify_custom,x86-64,4.0,1.0,83,True
improved,O0,openssh-portable,sshd,sshkey_certify_custom,x86-64,4.0,1.0,83,True
to_perfect,O0,openssh-portable,ssh,sshkey_check_cert_sigtype,x86-64,4.0,0.0,13,False
to_perfect,O0,openssh-portable,ssh-add,sshkey_check_cert_sigtype,x86-64,4.0,0.0,13,False
to_perfect,O0,openssh-portable,ssh-agent,sshkey_check_cert_sigtype,x86-64,4.0,0.0,13,False
to_perfect,O0,openssh-portable,ssh-keygen,sshkey_check_cert_sigtype,x86-64,4.0,0.0,13,False
to_perfect,O0,openssh-portable,ssh-keyscan,sshkey_check_cert_sigtype,x86-64,4.0,0.0,13,False
to_perfect,O0,openssh-portable,ssh-keysign,sshkey_check_cert_sigtype,x86-64,4.0,0.0,13,False
to_perfect,O0,openssh-portable,ssh-pkcs11-helper,sshkey_check_cert_sigtype,x86-64,4.0,0.0,13,False
to_perfect,O0,openssh-portable,ssh-sk-helper,sshkey_check_cert_sigtype,x86-64,4.0,0.0,13,False
to_perfect,O0,openssh-portable,sshd,sshkey_check_cert_sigtype,x86-64,4.0,0.0,13,False
to_perfect,O0,openssh-portable,ssh,sshkey_check_rsa_length,x86-64,8.0,0.0,15,False
to_perfect,O0,openssh-portable,ssh-add,sshkey_check_rsa_length,x86-64,8.0,0.0,15,False
to_perfect,O0,openssh-portable,ssh-agent,sshkey_check_rsa_length,x86-64,8.0,0.0,15,False
to_perfect,O0,openssh-portable,ssh-keygen,sshkey_check_rsa_length,x86-64,8.0,0.0,15,False
to_perfect,O0,openssh-portable,ssh-keyscan,sshkey_check_rsa_length,x86-64,8.0,0.0,15,False
to_perfect,O0,openssh-portable,ssh-keysign,sshkey_check_rsa_length,x86-64,8.0,0.0,15,False
to_perfect,O0,openssh-portable,ssh-pkcs11-helper,sshkey_check_rsa_length,x86-64,8.0,0.0,15,False
to_perfect,O0,openssh-portable,ssh-sk-helper,sshkey_check_rsa_length,x86-64,8.0,0.0,15,False
to_perfect,O0,openssh-portable,sshd,sshkey_check_rsa_length,x86-64,8.0,0.0,15,False
improved,O0,openssh-portable,ssh,sshkey_equal_public,x86-64,16.0,10.0,56,True
improved,O0,openssh-portable,ssh-add,sshkey_equal_public,x86-64,16.0,10.0,56,True
improved,O0,openssh-portable,ssh-agent,sshkey_equal_public,x86-64,16.0,10.0,56,True
improved,O0,openssh-portable,ssh-keygen,sshkey_equal_public,x86-64,16.0,10.0,56,True
improved,O0,openssh-portable,ssh-keyscan,sshkey_equal_public,x86-64,16.0,10.0,56,True
improved,O0,openssh-portable,ssh-keysign,sshkey_equal_public,x86-64,16.0,10.0,56,True
improved,O0,openssh-portable,ssh-pkcs11-helper,sshkey_equal_public,x86-64,16.0,10.0,56,True
improved,O0,openssh-portable,ssh-sk-helper,sshkey_equal_public,x86-64,16.0,10.0,56,True
improved,O0,openssh-portable,sshd,sshkey_equal_public,x86-64,16.0,10.0,56,True
worsened,O0,openssh-portable,ssh,sshkey_is_shielded,x86-64,10.0,12.0,3,False
worsened,O0,openssh-portable,ssh-add,sshkey_is_shielded,x86-64,10.0,12.0,3,False
worsened,O0,openssh-portable,ssh-agent,sshkey_is_shielded,x86-64,10.0,12.0,3,False
worsened,O0,openssh-portable,ssh-keygen,sshkey_is_shielded,x86-64,10.0,12.0,3,False
worsened,O0,openssh-portable,ssh-keyscan,sshkey_is_shielded,x86-64,10.0,12.0,3,False
worsened,O0,openssh-portable,ssh-keysign,sshkey_is_shielded,x86-64,10.0,12.0,3,False
worsened,O0,openssh-portable,ssh-pkcs11-helper,sshkey_is_shielded,x86-64,10.0,12.0,3,False
worsened,O0,openssh-portable,ssh-sk-helper,sshkey_is_shielded,x86-64,10.0,12.0,3,False
worsened,O0,openssh-portable,sshd,sshkey_is_shielded,x86-64,10.0,12.0,3,False
worsened,O0,openssh-portable,ssh,sshkey_is_sk,x86-64,6.0,8.0,5,False
worsened,O0,openssh-portable,ssh-add,sshkey_is_sk,x86-64,6.0,8.0,5,False
worsened,O0,openssh-portable,ssh-agent,sshkey_is_sk,x86-64,6.0,8.0,5,False
worsened,O0,openssh-portable,ssh-keygen,sshkey_is_sk,x86-64,6.0,8.0,5,False
worsened,O0,openssh-portable,ssh-keyscan,sshkey_is_sk,x86-64,6.0,8.0,5,False
worsened,O0,openssh-portable,ssh-keysign,sshkey_is_sk,x86-64,6.0,8.0,5,False
worsened,O0,openssh-portable,ssh-pkcs11-helper,sshkey_is_sk,x86-64,6.0,8.0,5,False
worsened,O0,openssh-portable,ssh-sk-helper,sshkey_is_sk,x86-64,6.0,8.0,5,False
worsened,O0,openssh-portable,sshd,sshkey_is_sk,x86-64,6.0,8.0,5,False
worsened,O0,openssh-portable,ssh,sshkey_load_private_cert,x86-64,11.0,13.0,15,False
worsened,O0,openssh-portable,ssh-add,sshkey_load_private_cert,x86-64,11.0,13.0,15,False
worsened,O0,openssh-portable,ssh-keygen,sshkey_load_private_cert,x86-64,11.0,13.0,15,False
worsened,O0,openssh-portable,ssh-keysign,sshkey_load_private_cert,x86-64,11.0,13.0,15,False
worsened,O0,openssh-portable,sshd,sshkey_load_private_cert,x86-64,11.0,13.0,15,False
improved,O0,openssh-portable,ssh,sshkey_match_keyname_to_sigalgs,x86-64,20.0,12.0,19,False
improved,O0,openssh-portable,ssh-add,sshkey_match_keyname_to_sigalgs,x86-64,20.0,12.0,19,False
improved,O0,openssh-portable,ssh-agent,sshkey_match_keyname_to_sigalgs,x86-64,20.0,12.0,19,False
improved,O0,openssh-portable,ssh-keygen,sshkey_match_keyname_to_sigalgs,x86-64,20.0,12.0,19,False
improved,O0,openssh-portable,ssh-keyscan,sshkey_match_keyname_to_sigalgs,x86-64,20.0,12.0,19,False
improved,O0,openssh-portable,ssh-keysign,sshkey_match_keyname_to_sigalgs,x86-64,20.0,12.0,19,False
improved,O0,openssh-portable,ssh-pkcs11-helper,sshkey_match_keyname_to_sigalgs,x86-64,20.0,12.0,19,False
improved,O0,openssh-portable,ssh-sk-helper,sshkey_match_keyname_to_sigalgs,x86-64,20.0,12.0,19,False
improved,O0,openssh-portable,sshd,sshkey_match_keyname_to_sigalgs,x86-64,20.0,12.0,19,False
improved,O0,openssh-portable,ssh,sshkey_parse_private_pem_fileblob,x86-64,18.0,16.0,51,False
improved,O0,openssh-portable,ssh-add,sshkey_parse_private_pem_fileblob,x86-64,18.0,16.0,51,False
improved,O0,openssh-portable,ssh-agent,sshkey_parse_private_pem_fileblob,x86-64,18.0,16.0,51,False
improved,O0,openssh-portable,ssh-keygen,sshkey_parse_private_pem_fileblob,x86-64,18.0,16.0,51,False
improved,O0,openssh-portable,ssh-keyscan,sshkey_parse_private_pem_fileblob,x86-64,18.0,16.0,51,False
improved,O0,openssh-portable,ssh-keysign,sshkey_parse_private_pem_fileblob,x86-64,18.0,16.0,51,False
improved,O0,openssh-portable,ssh-pkcs11-helper,sshkey_parse_private_pem_fileblob,x86-64,18.0,16.0,51,False
improved,O0,openssh-portable,ssh-sk-helper,sshkey_parse_private_pem_fileblob,x86-64,18.0,16.0,51,False
improved,O0,openssh-portable,sshd,sshkey_parse_private_pem_fileblob,x86-64,18.0,16.0,51,False
to_perfect,O0,openssh-portable,ssh,sshkey_perm_ok,x86-64,2.0,0.0,7,False
to_perfect,O0,openssh-portable,ssh-add,sshkey_perm_ok,x86-64,2.0,0.0,7,False
to_perfect,O0,openssh-portable,ssh-keygen,sshkey_perm_ok,x86-64,2.0,0.0,7,False
to_perfect,O0,openssh-portable,ssh-keysign,sshkey_perm_ok,x86-64,2.0,0.0,7,False
to_perfect,O0,openssh-portable,sshd,sshkey_perm_ok,x86-64,2.0,0.0,7,False
worsened,O0,openssh-portable,ssh,sshkey_private_to_fileblob,x86-64,44.0,46.0,7,False
worsened,O0,openssh-portable,ssh-add,sshkey_private_to_fileblob,x86-64,44.0,46.0,7,False
worsened,O0,openssh-portable,ssh-agent,sshkey_private_to_fileblob,x86-64,44.0,46.0,7,False
worsened,O0,openssh-portable,ssh-keygen,sshkey_private_to_fileblob,x86-64,44.0,46.0,7,False
worsened,O0,openssh-portable,ssh-keyscan,sshkey_private_to_fileblob,x86-64,44.0,46.0,7,False
worsened,O0,openssh-portable,ssh-keysign,sshkey_private_to_fileblob,x86-64,44.0,46.0,7,False
worsened,O0,openssh-portable,ssh-pkcs11-helper,sshkey_private_to_fileblob,x86-64,44.0,46.0,7,False
worsened,O0,openssh-portable,ssh-sk-helper,sshkey_private_to_fileblob,x86-64,44.0,46.0,7,False
worsened,O0,openssh-portable,sshd,sshkey_private_to_fileblob,x86-64,44.0,46.0,7,False
worsened,O0,openssh-portable,ssh,sshkey_type_is_valid_ca,x86-64,6.0,8.0,3,False
worsened,O0,openssh-portable,ssh-add,sshkey_type_is_valid_ca,x86-64,6.0,8.0,3,False
worsened,O0,openssh-portable,ssh-agent,sshkey_type_is_valid_ca,x86-64,6.0,8.0,3,False
worsened,O0,openssh-portable,ssh-keygen,sshkey_type_is_valid_ca,x86-64,6.0,8.0,3,False
worsened,O0,openssh-portable,ssh-keyscan,sshkey_type_is_valid_ca,x86-64,6.0,8.0,3,False
worsened,O0,openssh-portable,ssh-keysign,sshkey_type_is_valid_ca,x86-64,6.0,8.0,3,False
worsened,O0,openssh-portable,ssh-pkcs11-helper,sshkey_type_is_valid_ca,x86-64,6.0,8.0,3,False
worsened,O0,openssh-portable,ssh-sk-helper,sshkey_type_is_valid_ca,x86-64,6.0,8.0,3,False
worsened,O0,openssh-portable,sshd,sshkey_type_is_valid_ca,x86-64,6.0,8.0,3,False
worsened,O0,openssh-portable,ssh,sshkey_verify,x86-64,13.0,14.0,14,False
worsened,O0,openssh-portable,ssh-add,sshkey_verify,x86-64,13.0,14.0,14,False
worsened,O0,openssh-portable,ssh-agent,sshkey_verify,x86-64,13.0,14.0,14,False
worsened,O0,openssh-portable,ssh-keygen,sshkey_verify,x86-64,13.0,14.0,14,False
worsened,O0,openssh-portable,ssh-keyscan,sshkey_verify,x86-64,13.0,14.0,14,False
worsened,O0,openssh-portable,ssh-keysign,sshkey_verify,x86-64,13.0,14.0,14,False
worsened,O0,openssh-portable,ssh-pkcs11-helper,sshkey_verify,x86-64,13.0,14.0,14,False
worsened,O0,openssh-portable,ssh-sk-helper,sshkey_verify,x86-64,13.0,14.0,14,False
worsened,O0,openssh-portable,sshd,sshkey_verify,x86-64,13.0,14.0,14,False
to_perfect,O0,openssh-portable,ssh-keygen,sshsig_check_hashalg,x86-64,2.0,0.0,5,False
worsened,O0,openssh-portable,ssh,sshsk_free_resident_keys,x86-64,2.0,12.0,8,False
worsened,O0,openssh-portable,ssh-add,sshsk_free_resident_keys,x86-64,2.0,12.0,8,False
worsened,O0,openssh-portable,ssh-agent,sshsk_free_resident_keys,x86-64,2.0,12.0,8,False
worsened,O0,openssh-portable,ssh-keygen,sshsk_free_resident_keys,x86-64,2.0,12.0,8,False
worsened,O0,openssh-portable,ssh-keyscan,sshsk_free_resident_keys,x86-64,2.0,12.0,8,False
worsened,O0,openssh-portable,ssh-keysign,sshsk_free_resident_keys,x86-64,2.0,12.0,8,False
worsened,O0,openssh-portable,ssh-pkcs11-helper,sshsk_free_resident_keys,x86-64,2.0,12.0,8,False
worsened,O0,openssh-portable,ssh-sk-helper,sshsk_free_resident_keys,x86-64,2.0,12.0,8,False
worsened,O0,openssh-portable,sshd,sshsk_free_resident_keys,x86-64,2.0,12.0,8,False
worsened,O0,openssh-portable,ssh-sk-helper,sshsk_free_sk_resident_keys,x86-64,2.0,12.0,8,False
worsened,O0,openssh-portable,sshd,store_lastlog_message,x86-64,6.0,9.0,8,False
improved,O0,openssh-portable,scp,strcmp_maybe_null,x86-64,17.0,13.0,13,False
improved,O0,openssh-portable,sftp,strcmp_maybe_null,x86-64,17.0,13.0,13,False
improved,O0,openssh-portable,sftp-server,strcmp_maybe_null,x86-64,17.0,13.0,13,False
improved,O0,openssh-portable,ssh,strcmp_maybe_null,x86-64,17.0,13.0,13,False
improved,O0,openssh-portable,ssh-add,strcmp_maybe_null,x86-64,17.0,13.0,13,False
improved,O0,openssh-portable,ssh-agent,strcmp_maybe_null,x86-64,17.0,13.0,13,False
improved,O0,openssh-portable,ssh-keygen,strcmp_maybe_null,x86-64,17.0,13.0,13,False
improved,O0,openssh-portable,ssh-keyscan,strcmp_maybe_null,x86-64,17.0,13.0,13,False
improved,O0,openssh-portable,ssh-keysign,strcmp_maybe_null,x86-64,17.0,13.0,13,False
improved,O0,openssh-portable,ssh-pkcs11-helper,strcmp_maybe_null,x86-64,17.0,13.0,13,False
improved,O0,openssh-portable,ssh-sk-helper,strcmp_maybe_null,x86-64,17.0,13.0,13,False
improved,O0,openssh-portable,sshd,strcmp_maybe_null,x86-64,17.0,13.0,13,False
improved,O0,openssh-portable,scp,sys_tun_infilter,x86-64,10.0,8.0,11,False
improved,O0,openssh-portable,sftp,sys_tun_infilter,x86-64,10.0,8.0,11,False
improved,O0,openssh-portable,sftp-server,sys_tun_infilter,x86-64,10.0,8.0,11,False
improved,O0,openssh-portable,ssh,sys_tun_infilter,x86-64,10.0,8.0,11,False
improved,O0,openssh-portable,ssh-add,sys_tun_infilter,x86-64,10.0,8.0,11,False
improved,O0,openssh-portable,ssh-agent,sys_tun_infilter,x86-64,10.0,8.0,11,False
improved,O0,openssh-portable,ssh-keygen,sys_tun_infilter,x86-64,10.0,8.0,11,False
improved,O0,openssh-portable,ssh-keyscan,sys_tun_infilter,x86-64,10.0,8.0,11,False
improved,O0,openssh-portable,ssh-keysign,sys_tun_infilter,x86-64,10.0,8.0,11,False
improved,O0,openssh-portable,ssh-pkcs11-helper,sys_tun_infilter,x86-64,10.0,8.0,11,False
improved,O0,openssh-portable,ssh-sk-helper,sys_tun_infilter,x86-64,10.0,8.0,11,False
improved,O0,openssh-portable,sshd,sys_tun_infilter,x86-64,10.0,8.0,11,False
improved,O0,openssh-portable,ssh,to_blob_buf,x86-64,21.0,19.0,54,True
improved,O0,openssh-portable,ssh-add,to_blob_buf,x86-64,21.0,19.0,54,True
improved,O0,openssh-portable,ssh-agent,to_blob_buf,x86-64,21.0,19.0,54,True
improved,O0,openssh-portable,ssh-keygen,to_blob_buf,x86-64,21.0,19.0,54,True
improved,O0,openssh-portable,ssh-keyscan,to_blob_buf,x86-64,21.0,19.0,54,True
improved,O0,openssh-portable,ssh-keysign,to_blob_buf,x86-64,21.0,19.0,54,True
improved,O0,openssh-portable,ssh-pkcs11-helper,to_blob_buf,x86-64,21.0,19.0,54,True
improved,O0,openssh-portable,ssh-sk-helper,to_blob_buf,x86-64,21.0,19.0,54,True
improved,O0,openssh-portable,sshd,to_blob_buf,x86-64,21.0,19.0,54,True
worsened,O0,openssh-portable,ssh,translate_libcrypto_error,x86-64,19.0,20.0,10,False
worsened,O0,openssh-portable,ssh-add,translate_libcrypto_error,x86-64,19.0,20.0,10,False
worsened,O0,openssh-portable,ssh-agent,translate_libcrypto_error,x86-64,19.0,20.0,10,False
worsened,O0,openssh-portable,ssh-keygen,translate_libcrypto_error,x86-64,19.0,20.0,10,False
worsened,O0,openssh-portable,ssh-keyscan,translate_libcrypto_error,x86-64,19.0,20.0,10,False
worsened,O0,openssh-portable,ssh-keysign,translate_libcrypto_error,x86-64,19.0,20.0,10,False
worsened,O0,openssh-portable,ssh-pkcs11-helper,translate_libcrypto_error,x86-64,19.0,20.0,10,False
worsened,O0,openssh-portable,ssh-sk-helper,translate_libcrypto_error,x86-64,19.0,20.0,10,False
worsened,O0,openssh-portable,sshd,translate_libcrypto_error,x86-64,19.0,20.0,10,False
to_perfect,O0,openssh-portable,ssh,try_identity,x86-64,2.0,0.0,7,False
worsened,O0,openssh-portable,ssh-keygen,type_bits_valid,x86-64,42.0,43.0,21,False
worsened,O0,openssh-portable,sshd,user_cert_trusted_ca,x86-64,16.0,18.0,41,False
worsened,O0,openssh-portable,sshd,userauth_none,x86-64,9.0,15.0,11,False
off_perfect,O0,openssh-portable,ssh-keygen,write_checkpoint,x86-64,0.0,11.0,15,False
worsened,O0,rsyslog,rsyslogd,clearPidFile,x86-64,6.0,7.0,3,False
to_perfect,O0,rsyslog,rsyslogd,msgConsumer,x86-64,9.0,0.0,6,False
to_perfect,O0,rsyslog,rsyslogd,parseRFCStructuredData,x86-64,2.0,0.0,30,False
improved,O0,rsyslog,rsyslogd,populateUsers,x86-64,28.0,24.0,38,False
worsened,O0,rsyslog,rsyslogd,queryEtryPt,x86-64,9.0,13.0,54,False
to_perfect,O0,rsyslog,rsyslogd,returnToOriginalNs,x86-64,10.0,0.0,7,False
improved,O0,rsyslog,rsyslogd,tryResume,x86-64,21.0,8.0,17,False
worsened,O0,rsyslog,rsyslogd,writePipe,x86-64,12.0,13.0,10,False
to_perfect,O0,shadow,newusers,add_passwd,x86-64,2.0,0.0,7,False
improved,O0,shadow,chage,check_flags,x86-64,46.0,13.0,5,False
worsened,O0,shadow,groupadd,check_flags,x86-64,11.0,12.0,14,False
worsened,O0,shadow,groupmod,check_new_gid,x86-64,5.0,12.0,6,False
worsened,O0,shadow,gpasswd,check_perms,x86-64,6.0,12.0,11,False
improved,O0,shadow,newgrp,check_perms,x86-64,12.0,10.0,32,False
improved,O0,shadow,pwck,close_files,x86-64,31.0,18.0,40,False
worsened,O0,shadow,useradd,close_group_files,x86-64,15.0,21.0,20,False
worsened,O0,shadow,useradd,faillog_reset,x86-64,19.0,30.0,33,False
worsened,O0,shadow,chfn,get_old_fields,x86-64,22.0,27.0,17,False
improved,O0,shadow,chpasswd,get_salt,x86-64,21.0,16.0,18,False
improved,O0,shadow,groupadd,grp_update,x86-64,14.0,13.0,15,False
improved,O0,shadow,groupmod,grp_update,x86-64,13.0,7.0,35,False
to_perfect,O0,shadow,userdel,is_owner,x86-64,2.0,0.0,7,False
worsened,O0,shadow,useradd,lastlog_reset,x86-64,19.0,28.0,35,False
improved,O0,shadow,passwd,main,x86-64,9.0,7.0,112,True
to_perfect,O0,shadow,chage,new_fields,x86-64,10.0,0.0,35,False
worsened,O0,shadow,groupadd,open_files,x86-64,14.0,17.0,25,False
worsened,O0,shadow,groupdel,open_files,x86-64,14.0,17.0,25,False
worsened,O0,shadow,groupmod,open_files,x86-64,12.0,22.0,30,False
worsened,O0,shadow,newusers,open_files,x86-64,8.0,11.0,36,False
off_perfect,O0,shadow,faillog,print_one,x86-64,0.0,11.0,27,False
off_perfect,O0,shadow,lastlog,print_one,x86-64,0.0,13.0,22,False
worsened,O0,shadow,groupmems,process_flags,x86-64,16.0,17.0,18,False
improved,O0,shadow,login,process_flags,x86-64,13.0,12.0,25,False
worsened,O0,shadow,usermod,process_flags,x86-64,82.0,88.0,163,True
worsened,O0,shadow,gpasswd,update_group,x86-64,8.0,9.0,5,False
off_perfect,O0,shadow,usermod,update_lastlog,x86-64,0.0,10.0,25,False
improved,O0,shadow,usermod,usr_update,x86-64,68.0,47.0,24,False
to_perfect,O0,shadow,newgidmap,verify_range,x86-64,2.0,0.0,9,False
to_perfect,O0,shadow,newuidmap,verify_range,x86-64,2.0,0.0,9,False
worsened,O0,shadow,groupmems,whoami,x86-64,4.0,8.0,7,False
improved,O0,sysvinit,shutdown,file_isatty,x86-64,26.0,10.0,33,False
improved,O0,sysvinit,wall,file_isatty,x86-64,26.0,10.0,33,False
worsened,O0,sysvinit,halt,flush_cache_ext,x86-64,13.0,15.0,19,False
worsened,O0,sysvinit,init,get_record,x86-64,7.0,8.0,77,True
worsened,O0,sysvinit,init,get_string,x86-64,10.0,12.0,9,False
improved,O0,sysvinit,shutdown,hardsleep,x86-64,8.0,3.0,5,False
worsened,O0,sysvinit,killall5,init_nfs,x86-64,5.0,12.0,21,False
worsened,O0,sysvinit,init,initcmd_setenv,x86-64,17.0,19.0,24,False
improved,O0,sysvinit,last,list,x86-64,4.0,3.0,73,True
improved,O0,sysvinit,last,parsetm,x86-64,13.0,4.0,17,False
improved,O0,sysvinit,init,start_if_needed,x86-64,14.0,10.0,26,False
to_perfect,O0,sysvinit,utmpdump,strtotime,x86-64,2.0,0.0,7,False
improved,O0,sysvinit,sulogin,valid,x86-64,14.0,5.0,64,True
worsened,O0,sysvinit,halt,write_wtmp,x86-64,48.0,50.0,19,False
off_perfect,O0,sysvinit,init,write_wtmp,x86-64,0.0,8.0,19,False
worsened,O0,sysvinit,shutdown,write_wtmp,x86-64,48.0,50.0,19,False
improved,O0,sysvinit,utmpdump,xcleanse,x86-64,8.0,3.0,11,False
worsened,O0,tar,tar,acls_one_line,x86-64,38.0,48.0,33,False
worsened,O0,tar,tar,all_names_found,x86-64,10.0,12.0,21,False
worsened,O0,tar,tar,bzr_addfn,x86-64,2.0,7.0,14,False
worsened,O0,tar,tar,cachedir_file_p,x86-64,10.0,12.0,3,False
worsened,O0,tar,tar,check_tty,x86-64,7.0,10.0,9,False
worsened,O0,tar,tar,checkpoint_finish,x86-64,6.0,7.0,3,False
worsened,O0,tar,tar,checkpoint_run,x86-64,5.0,8.0,4,False
improved,O0,tar,tar,chopslash,x86-64,8.0,3.0,5,False
worsened,O0,tar,tar,compare_directory_meta,x86-64,10.0,12.0,3,False
improved,O0,tar,tar,contains_dot_dot,x86-64,7.0,2.0,13,False
to_perfect,O0,tar,tar,decode_num,x86-64,4.0,0.0,9,False
worsened,O0,tar,tar,decx,x86-64,9.0,15.0,10,False
improved,O0,tar,tar,diff_link,x86-64,7.0,5.0,6,False
to_perfect,O0,tar,tar,drop_volume_label_suffix,x86-64,5.0,0.0,13,False
improved,O0,tar,tar,dump_dir0,x86-64,20.0,17.0,41,False
improved,O0,tar,tar,dump_file0,x86-64,23.0,22.0,137,True
to_perfect,O0,tar,tar,dump_hard_link,x86-64,9.0,0.0,14,False
improved,O0,tar,tar,dumpdir_ok,x86-64,40.0,39.0,49,False
improved,O0,tar,tar,fd_chmod,x86-64,11.0,10.0,23,False
worsened,O0,tar,tar,file_count_links,x86-64,7.0,9.0,14,False
improved,O0,tar,tar,file_dumpable_p,x86-64,24.0,17.0,13,False
worsened,O0,tar,tar,from_header,x86-64,31.0,33.0,107,True
worsened,O0,tar,tar,getwidth,x86-64,3.0,5.0,8,False
worsened,O0,tar,tar,git_addfn,x86-64,2.0,7.0,12,False
to_perfect,O0,tar,tar,guess_seekable_archive,x86-64,4.0,0.0,11,False
worsened,O0,tar,tar,hg_addfn,x86-64,6.0,13.0,22,False
improved,O0,tar,tar,implemented,x86-64,12.0,10.0,7,False
improved,O0,tar,tar,mark_after_links,x86-64,8.0,3.0,7,False
improved,O0,tar,tar,maybe_backup_file,x86-64,12.0,8.0,32,False
improved,O0,tar,tar,must_be_dot_or_slash,x86-64,10.0,4.0,19,False
worsened,O0,tar,tar,name_match,x86-64,16.0,18.0,23,False
worsened,O0,tar,tar,name_scan,x86-64,11.0,13.0,9,False
improved,O0,tar,tar,oldgnu_add_sparse,x86-64,8.0,2.0,13,False
worsened,O0,tar,tar,oldgnu_store_sparse_info,x86-64,8.0,9.0,5,False
to_perfect,O0,tar,tar,open_failure_recover,x86-64,9.0,0.0,14,False
worsened,O0,tar,tar,pax_sparse_member_p,x86-64,10.0,12.0,3,False
improved,O0,tar,tar,remove_any_file,x86-64,35.0,31.0,24,False
worsened,O0,tar,tar,replace_prefix,x86-64,7.0,8.0,8,False
worsened,O0,tar,tar,restore_parent_fd,x86-64,6.0,10.0,21,False
worsened,O0,tar,tar,set_mode,x86-64,9.0,12.0,8,False
improved,O0,tar,tar,set_old_files_option,x86-64,10.0,5.0,7,False
improved,O0,tar,tar,set_subcommand_option,x86-64,10.0,2.0,7,False
improved,O0,tar,tar,set_use_compress_program_option,x86-64,12.0,7.0,9,False
worsened,O0,tar,tar,set_xattr,x86-64,16.0,18.0,10,False
improved,O0,tar,tar,sparse_dump_file,x86-64,17.0,11.0,11,False
improved,O0,tar,tar,sparse_extract_file,x86-64,12.0,6.0,7,False
improved,O0,tar,tar,sparse_extract_region,x86-64,9.0,5.0,16,False
improved,O0,tar,tar,sparse_skip_file,x86-64,12.0,6.0,3,False
improved,O0,tar,tar,start_header,x86-64,31.0,28.0,133,True
worsened,O0,tar,tar,sys_compare_links,x86-64,10.0,12.0,3,False
improved,O0,tar,tar,sys_detect_dev_null_output,x86-64,18.0,2.0,11,False
to_perfect,O0,tar,tar,sys_save_archive_dev_ino,x86-64,2.0,0.0,5,False
improved,O0,tar,tar,sys_wait_command,x86-64,14.0,6.0,21,False
to_perfect,O0,tar,tar,tar_checksum,x86-64,2.0,0.0,15,False
improved,O0,tar,tar,tar_copy_str,x86-64,11.0,8.0,4,False
improved,O0,tar,tar,write_record,x86-64,9.0,5.0,7,False
improved,O0,tar,tar,xattrs__fd_set,x86-64,11.0,10.0,9,False
improved,O0,tar,tar,xattrs_acls_set,x86-64,7.0,5.0,8,False
worsened,O0,tar,tar,xattrs_kw_excluded,x86-64,10.0,12.0,3,False
worsened,O0,tar,tar,xattrs_masked_out,x86-64,10.0,12.0,3,False
worsened,O0,tar,tar,xattrs_print_char,x86-64,5.0,7.0,26,False
improved,O0,tar,tar,xattrs_selinux_get,x86-64,20.0,17.0,9,False
improved,O0,tar,tar,xattrs_selinux_set,x86-64,11.0,10.0,11,False
worsened,O0,tar,tar,xattrs_xattrs_set,x86-64,11.0,12.0,10,False
worsened,O0,tar,tar,xheader_store,x86-64,5.0,12.0,10,False
worsened,O0,x0r-usb,x0r-usb,IRC_ParseAllCommands,pe-x86,6.0,8.0,13,False
improved,O0,x0r-usb,x0r-usb,WinMainCRTStartup,pe-x86,14.0,13.0,63,True
improved,O0,zlib,example,deflate,x86-64,17.0,14.0,176,True
improved,O0,zlib,example64,deflate,x86-64,17.0,14.0,176,True
improved,O0,zlib,libz.so.1.2,deflate,x86-64,17.0,14.0,176,True
improved,O0,zlib,minigzip,deflate,x86-64,17.0,14.0,176,True
improved,O0,zlib,minigzip64,deflate,x86-64,17.0,14.0,176,True
to_perfect,O0,zlib,example,deflateCopy,x86-64,2.0,0.0,15,False
to_perfect,O0,zlib,example64,deflateCopy,x86-64,2.0,0.0,15,False
to_perfect,O0,zlib,libz.so.1.2,deflateCopy,x86-64,2.0,0.0,15,False
to_perfect,O0,zlib,minigzip,deflateCopy,x86-64,2.0,0.0,15,False
to_perfect,O0,zlib,minigzip64,deflateCopy,x86-64,2.0,0.0,15,False
improved,O0,zlib,example,deflateInit2_,x86-64,26.0,14.0,55,False
improved,O0,zlib,example64,deflateInit2_,x86-64,26.0,14.0,55,False
improved,O0,zlib,libz.so.1.2,deflateInit2_,x86-64,26.0,14.0,55,False
improved,O0,zlib,minigzip,deflateInit2_,x86-64,26.0,14.0,55,False
improved,O0,zlib,minigzip64,deflateInit2_,x86-64,26.0,14.0,55,False
improved,O0,zlib,example,deflateParams,x86-64,10.0,2.0,33,False
improved,O0,zlib,example64,deflateParams,x86-64,10.0,2.0,33,False
improved,O0,zlib,libz.so.1.2,deflateParams,x86-64,10.0,2.0,33,False
improved,O0,zlib,minigzip,deflateParams,x86-64,10.0,2.0,33,False
improved,O0,zlib,minigzip64,deflateParams,x86-64,10.0,2.0,33,False
to_perfect,O0,zlib,example,deflatePrime,x86-64,4.0,0.0,12,False
to_perfect,O0,zlib,example64,deflatePrime,x86-64,4.0,0.0,12,False
to_perfect,O0,zlib,libz.so.1.2,deflatePrime,x86-64,4.0,0.0,12,False
to_perfect,O0,zlib,minigzip,deflatePrime,x86-64,4.0,0.0,12,False
to_perfect,O0,zlib,minigzip64,deflatePrime,x86-64,4.0,0.0,12,False
improved,O0,zlib,example,deflateSetDictionary,x86-64,11.0,5.0,25,False
improved,O0,zlib,example64,deflateSetDictionary,x86-64,11.0,5.0,25,False
improved,O0,zlib,libz.so.1.2,deflateSetDictionary,x86-64,11.0,5.0,25,False
improved,O0,zlib,minigzip,deflateSetDictionary,x86-64,11.0,5.0,25,False
improved,O0,zlib,minigzip64,deflateSetDictionary,x86-64,11.0,5.0,25,False
to_perfect,O0,zlib,example,deflateSetHeader,x86-64,2.0,0.0,5,False
to_perfect,O0,zlib,example64,deflateSetHeader,x86-64,2.0,0.0,5,False
to_perfect,O0,zlib,libz.so.1.2,deflateSetHeader,x86-64,2.0,0.0,5,False
to_perfect,O0,zlib,minigzip,deflateSetHeader,x86-64,2.0,0.0,5,False
to_perfect,O0,zlib,minigzip64,deflateSetHeader,x86-64,2.0,0.0,5,False
improved,O0,zlib,example,deflateStateCheck,x86-64,22.0,6.0,27,False
improved,O0,zlib,example64,deflateStateCheck,x86-64,22.0,6.0,27,False
improved,O0,zlib,libz.so.1.2,deflateStateCheck,x86-64,22.0,6.0,27,False
improved,O0,zlib,minigzip,deflateStateCheck,x86-64,22.0,6.0,27,False
improved,O0,zlib,minigzip64,deflateStateCheck,x86-64,22.0,6.0,27,False
improved,O0,zlib,example,detect_data_type,x86-64,7.0,5.0,19,False
improved,O0,zlib,example64,detect_data_type,x86-64,7.0,5.0,19,False
improved,O0,zlib,libz.so.1.2,detect_data_type,x86-64,7.0,5.0,19,False
improved,O0,zlib,minigzip,detect_data_type,x86-64,7.0,5.0,19,False
improved,O0,zlib,minigzip64,detect_data_type,x86-64,7.0,5.0,19,False
worsened,O0,zlib,example,gz_error,x86-64,5.0,13.0,15,False
worsened,O0,zlib,example64,gz_error,x86-64,5.0,13.0,15,False
worsened,O0,zlib,libz.so.1.2,gz_error,x86-64,5.0,13.0,15,False
worsened,O0,zlib,minigzip,gz_error,x86-64,5.0,13.0,15,False
worsened,O0,zlib,minigzip64,gz_error,x86-64,5.0,13.0,15,False
worsened,O0,zlib,example,gz_fetch,x86-64,13.0,18.0,17,False
worsened,O0,zlib,example64,gz_fetch,x86-64,13.0,18.0,17,False
worsened,O0,zlib,libz.so.1.2,gz_fetch,x86-64,13.0,18.0,17,False
worsened,O0,zlib,minigzip,gz_fetch,x86-64,13.0,18.0,17,False
worsened,O0,zlib,minigzip64,gz_fetch,x86-64,13.0,18.0,17,False
off_perfect,O0,zlib,example,gzclearerr,x86-64,0.0,8.0,9,False
off_perfect,O0,zlib,example64,gzclearerr,x86-64,0.0,8.0,9,False
off_perfect,O0,zlib,libz.so.1.2,gzclearerr,x86-64,0.0,8.0,9,False
off_perfect,O0,zlib,minigzip,gzclearerr,x86-64,0.0,8.0,9,False
off_perfect,O0,zlib,minigzip64,gzclearerr,x86-64,0.0,8.0,9,False
to_perfect,O0,zlib,example,gzdopen,x86-64,2.0,0.0,5,False
to_perfect,O0,zlib,example64,gzdopen,x86-64,2.0,0.0,5,False
to_perfect,O0,zlib,libz.so.1.2,gzdopen,x86-64,2.0,0.0,5,False
to_perfect,O0,zlib,minigzip,gzdopen,x86-64,2.0,0.0,5,False
to_perfect,O0,zlib,minigzip64,gzdopen,x86-64,2.0,0.0,5,False
to_perfect,O0,zlib,example,gzflush,x86-64,4.0,0.0,14,False
to_perfect,O0,zlib,example64,gzflush,x86-64,4.0,0.0,14,False
to_perfect,O0,zlib,libz.so.1.2,gzflush,x86-64,4.0,0.0,14,False
to_perfect,O0,zlib,minigzip,gzflush,x86-64,4.0,0.0,14,False
to_perfect,O0,zlib,minigzip64,gzflush,x86-64,4.0,0.0,14,False
improved,O0,zlib,example,gzfread,x86-64,7.0,5.0,14,False
improved,O0,zlib,example64,gzfread,x86-64,7.0,5.0,14,False
improved,O0,zlib,libz.so.1.2,gzfread,x86-64,7.0,5.0,14,False
improved,O0,zlib,minigzip,gzfread,x86-64,7.0,5.0,14,False
improved,O0,zlib,minigzip64,gzfread,x86-64,7.0,5.0,14,False
improved,O0,zlib,example,gzfwrite,x86-64,7.0,5.0,12,False
improved,O0,zlib,example64,gzfwrite,x86-64,7.0,5.0,12,False
improved,O0,zlib,libz.so.1.2,gzfwrite,x86-64,7.0,5.0,12,False
improved,O0,zlib,minigzip,gzfwrite,x86-64,7.0,5.0,12,False
improved,O0,zlib,minigzip64,gzfwrite,x86-64,7.0,5.0,12,False
improved,O0,zlib,example,gzgetc,x86-64,5.0,3.0,14,False
improved,O0,zlib,example64,gzgetc,x86-64,5.0,3.0,14,False
improved,O0,zlib,libz.so.1.2,gzgetc,x86-64,5.0,3.0,14,False
improved,O0,zlib,minigzip,gzgetc,x86-64,5.0,3.0,14,False
improved,O0,zlib,minigzip64,gzgetc,x86-64,5.0,3.0,14,False
improved,O0,zlib,example,gzgets,x86-64,9.0,5.0,32,False
improved,O0,zlib,example64,gzgets,x86-64,9.0,5.0,32,False
improved,O0,zlib,libz.so.1.2,gzgets,x86-64,9.0,5.0,32,False
improved,O0,zlib,minigzip,gzgets,x86-64,9.0,5.0,32,False
improved,O0,zlib,minigzip64,gzgets,x86-64,9.0,5.0,32,False
to_perfect,O0,zlib,example,gzputc,x86-64,2.0,0.0,17,False
to_perfect,O0,zlib,example64,gzputc,x86-64,2.0,0.0,17,False
to_perfect,O0,zlib,libz.so.1.2,gzputc,x86-64,2.0,0.0,17,False
to_perfect,O0,zlib,minigzip,gzputc,x86-64,2.0,0.0,17,False
to_perfect,O0,zlib,minigzip64,gzputc,x86-64,2.0,0.0,17,False
improved,O0,zlib,example,gzputs,x86-64,7.0,5.0,14,False
improved,O0,zlib,example64,gzputs,x86-64,7.0,5.0,14,False
improved,O0,zlib,libz.so.1.2,gzputs,x86-64,7.0,5.0,14,False
improved,O0,zlib,minigzip,gzputs,x86-64,7.0,5.0,14,False
improved,O0,zlib,minigzip64,gzputs,x86-64,7.0,5.0,14,False
to_perfect,O0,zlib,example,gzread,x86-64,2.0,0.0,17,False
to_perfect,O0,zlib,example64,gzread,x86-64,2.0,0.0,17,False
to_perfect,O0,zlib,libz.so.1.2,gzread,x86-64,2.0,0.0,17,False
to_perfect,O0,zlib,minigzip,gzread,x86-64,2.0,0.0,17,False
to_perfect,O0,zlib,minigzip64,gzread,x86-64,2.0,0.0,17,False
to_perfect,O0,zlib,example,gzrewind,x86-64,2.0,0.0,11,False
to_perfect,O0,zlib,example64,gzrewind,x86-64,2.0,0.0,11,False
to_perfect,O0,zlib,libz.so.1.2,gzrewind,x86-64,2.0,0.0,11,False
to_perfect,O0,zlib,minigzip,gzrewind,x86-64,2.0,0.0,11,False
to_perfect,O0,zlib,minigzip64,gzrewind,x86-64,2.0,0.0,11,False
to_perfect,O0,zlib,example,gzsetparams,x86-64,2.0,0.0,20,False
to_perfect,O0,zlib,example64,gzsetparams,x86-64,2.0,0.0,20,False
to_perfect,O0,zlib,libz.so.1.2,gzsetparams,x86-64,2.0,0.0,20,False
to_perfect,O0,zlib,minigzip,gzsetparams,x86-64,2.0,0.0,20,False
to_perfect,O0,zlib,minigzip64,gzsetparams,x86-64,2.0,0.0,20,False
worsened,O0,zlib,example,gzungetc,x86-64,3.0,5.0,23,False
worsened,O0,zlib,example64,gzungetc,x86-64,3.0,5.0,23,False
worsened,O0,zlib,libz.so.1.2,gzungetc,x86-64,3.0,5.0,23,False
worsened,O0,zlib,minigzip,gzungetc,x86-64,3.0,5.0,23,False
worsened,O0,zlib,minigzip64,gzungetc,x86-64,3.0,5.0,23,False
to_perfect,O0,zlib,example,gzvprintf,x86-64,6.0,0.0,26,False
to_perfect,O0,zlib,example64,gzvprintf,x86-64,6.0,0.0,26,False
to_perfect,O0,zlib,libz.so.1.2,gzvprintf,x86-64,6.0,0.0,26,False
to_perfect,O0,zlib,minigzip,gzvprintf,x86-64,6.0,0.0,26,False
to_perfect,O0,zlib,minigzip64,gzvprintf,x86-64,6.0,0.0,26,False
to_perfect,O0,zlib,example,gzwrite,x86-64,2.0,0.0,9,False
to_perfect,O0,zlib,example64,gzwrite,x86-64,2.0,0.0,9,False
to_perfect,O0,zlib,libz.so.1.2,gzwrite,x86-64,2.0,0.0,9,False
to_perfect,O0,zlib,minigzip,gzwrite,x86-64,2.0,0.0,9,False
to_perfect,O0,zlib,minigzip64,gzwrite,x86-64,2.0,0.0,9,False
improved,O0,zlib,example,inflate,x86-64,178.0,176.0,416,True
improved,O0,zlib,example64,inflate,x86-64,178.0,176.0,416,True
improved,O0,zlib,libz.so.1.2,inflate,x86-64,178.0,176.0,416,True
improved,O0,zlib,minigzip,inflate,x86-64,178.0,176.0,416,True
improved,O0,zlib,minigzip64,inflate,x86-64,178.0,176.0,416,True
improved,O0,zlib,libz.so.1.2,inflateBack,x86-64,95.0,94.0,213,True
to_perfect,O0,zlib,libz.so.1.2,inflateBackEnd,x86-64,4.0,0.0,7,False
improved,O0,zlib,libz.so.1.2,inflateBackInit_,x86-64,14.0,8.0,21,False
improved,O0,zlib,example,inflateInit2_,x86-64,8.0,6.0,17,False
improved,O0,zlib,example64,inflateInit2_,x86-64,8.0,6.0,17,False
improved,O0,zlib,libz.so.1.2,inflateInit2_,x86-64,8.0,6.0,17,False
improved,O0,zlib,minigzip,inflateInit2_,x86-64,8.0,6.0,17,False
improved,O0,zlib,minigzip64,inflateInit2_,x86-64,8.0,6.0,17,False
to_perfect,O0,zlib,example,inflatePrime,x86-64,2.0,0.0,9,False
to_perfect,O0,zlib,example64,inflatePrime,x86-64,2.0,0.0,9,False
to_perfect,O0,zlib,libz.so.1.2,inflatePrime,x86-64,2.0,0.0,9,False
to_perfect,O0,zlib,minigzip,inflatePrime,x86-64,2.0,0.0,9,False
to_perfect,O0,zlib,minigzip64,inflatePrime,x86-64,2.0,0.0,9,False
to_perfect,O0,zlib,example,inflateReset2,x86-64,6.0,0.0,18,False
to_perfect,O0,zlib,example64,inflateReset2,x86-64,6.0,0.0,18,False
to_perfect,O0,zlib,libz.so.1.2,inflateReset2,x86-64,6.0,0.0,18,False
to_perfect,O0,zlib,minigzip,inflateReset2,x86-64,6.0,0.0,18,False
to_perfect,O0,zlib,minigzip64,inflateReset2,x86-64,6.0,0.0,18,False
improved,O0,zlib,example,inflateStateCheck,x86-64,10.0,2.0,15,False
improved,O0,zlib,example64,inflateStateCheck,x86-64,10.0,2.0,15,False
improved,O0,zlib,libz.so.1.2,inflateStateCheck,x86-64,10.0,2.0,15,False
improved,O0,zlib,minigzip,inflateStateCheck,x86-64,10.0,2.0,15,False
improved,O0,zlib,minigzip64,inflateStateCheck,x86-64,10.0,2.0,15,False
worsened,O0,zlib,example,inflate_table,x86-64,7.0,12.0,88,True
worsened,O0,zlib,example64,inflate_table,x86-64,7.0,12.0,88,True
worsened,O0,zlib,libz.so.1.2,inflate_table,x86-64,7.0,12.0,88,True
worsened,O0,zlib,minigzip,inflate_table,x86-64,7.0,12.0,88,True
worsened,O0,zlib,minigzip64,inflate_table,x86-64,7.0,12.0,88,True
