24 51 51 99 48 90 55 98 54 98 70 97 52 53 66 120 68 51 50 57 120 53 88 66 68	33
8 54 57 52 122 69 52 88 66	694
22 51 50 53 122 120 65 122 56 48 98 56 95 122 100 70 70 51 53 99 66 67 55	325
15 51 122 98 66 66 52 97 53 120 99 69 88 95 122 56	3
25 50 90 51 99 122 48 68 70 54 95 101 95 100 95 69 56 120 99 51 52 70 67 50 56 54	2
23 50 98 67 49 101 122 50 56 51 66 90 69 49 69 90 122 101 67 54 99 67 97 52	2
9 45 102 101 57 70 97 100 101 55	0
25 51 95 122 99 122 53 88 98 48 53 57 55 102 65 101 69 95 49 122 52 120 57 65 122 100	3
19 55 67 68 120 51 50 65 90 55 122 101 67 99 90 67 67 97 56 56	7
6 55 67 51 99 67 101	7
24 55 68 69 67 88 53 70 53 56 90 98 68 120 99 69 51 68 98 50 68 120 49 97 122	7
12 56 122 49 48 50 88 102 48 70 90 53 66	8
23 51 90 48 88 95 69 50 69 98 57 120 70 53 53 54 48 51 55 122 99 66 97 90	3
16 53 52 122 98 102 120 120 120 100 100 70 48 65 99 99 54	54
14 57 70 70 120 97 95 120 57 66 90 97 51 49 122	9
8 51 97 52 68 122 57 101 53	3
1 45	0
21 55 54 49 90 95 97 55 88 52 95 48 67 52 51 52 65 122 120 98 122 56	761
21 51 68 101 70 52 90 50 51 120 88 88 70 122 100 57 69 50 55 102 101 70	3
15 48 101 66 99 122 99 55 101 100 50 120 102 65 57 98	0
8 50 67 67 97 54 122 69 69	2
1 55	7
8 52 55 120 102 57 65 52 51	47
8 52 52 67 99 68 53 53 122	44
20 56 49 65 53 67 57 55 54 102 65 54 101 48 102 98 54 101 49 97 88	81
20 54 122 101 54 66 69 56 54 54 69 52 49 49 101 70 70 70 102 101 55	6
12 54 88 97 98 95 67 97 50 52 95 90 57	6
12 54 70 66 54 67 50 54 50 88 100 67 100	6
7 45 53 49 54 99 90 67	18446744073709551100
17 52 88 102 56 90 122 55 54 54 67 98 97 122 56 49 90 52	4
6 55 49 49 53 57 95	71159
20 48 66 67 56 55 70 69 65 101 52 100 122 51 90 50 50 68 50 51 66	0
18 57 50 57 57 95 55 90 101 56 69 68 66 95 120 49 52 99 100	9299
8 55 101 66 90 53 53 98 102	7
12 50 99 88 101 100 65 65 49 99 56 65 97	2
20 56 67 97 56 97 57 95 102 51 67 52 51 90 68 54 50 57 88 53 99	8
14 45 101 102 48 66 90 99 97 67 50 53 90 70 95	0
20 55 88 98 122 54 70 69 90 97 65 65 101 99 69 69 65 69 53 99 122	7
8 54 54 97 88 54 68 51 68	66
13 51 50 88 68 95 97 99 54 101 69 68 54 57	32
18 49 56 100 69 99 67 120 54 102 65 68 70 102 95 98 122 120 70	18
8 51 50 55 70 66 49 70 54	327
8 49 65 57 56 100 50 68 97	1
23 52 70 101 52 120 57 51 55 122 120 122 100 99 66 88 90 88 53 95 48 51 90 98	4
2 54 102	6
18 50 100 67 99 69 51 54 65 48 70 56 97 95 56 66 67 65 70	2
18 54 54 120 49 88 56 70 98 67 66 70 55 122 102 55 90 122 54	66
16 53 98 100 95 49 90 70 68 54 90 95 67 97 52 98 98	5
4 51 52 102 57	34
4 57 50 50 67	922
11 50 122 67 90 90 100 102 54 98 67 97	2
25 51 49 99 56 100 48 90 68 53 95 102 97 97 99 102 57 68 88 100 120 70 49 69 102 120	31
17 53 56 68 56 122 52 102 122 53 101 67 65 97 53 48 70 70	58
6 54 49 100 53 66 120	61
19 55 57 52 102 95 100 57 66 48 88 65 70 68 57 48 99 99 57 122	794
6 49 67 55 48 120 90	1
14 45 102 102 101 101 53 90 69 69 100 69 120 66 95	0
20 48 57 56 97 101 101 56 88 55 101 68 95 55 101 120 66 48 70 98 50	0
18 50 98 48 95 120 97 97 70 98 98 52 50 69 102 53 90 101 98	2
16 52 122 99 67 48 101 102 88 57 122 98 54 90 122 50 49	4
19 54 69 102 51 54 98 54 50 52 55 51 67 122 98 65 48 54 95 69	6
24 57 90 69 48 90 98 98 57 48 100 97 55 54 66 102 101 100 88 88 95 54 70 48 101	9
21 56 100 99 52 52 54 100 97 120 65 67 88 65 67 49 56 90 56 51 120 50	8
3 55 102 100	7
9 51 51 101 122 55 120 97 97 66	33
2 57 88	9
25 49 95 99 122 88 97 57 95 66 56 68 101 68 99 122 56 57 101 50 54 56 48 100 50 98	1
5 51 52 56 57 120	3489
11 52 65 88 101 100 99 68 54 70 88 98	4
10 53 50 90 50 57 70 97 52 90 55	52
11 50 67 66 122 99 98 70 48 122 70 51	2
5 51 95 67 53 55	3
11 54 90 51 90 88 90 102 52 69 57 56	6
10 53 69 98 99 88 122 49 100 53 49	5
22 54 69 51 48 65 90 49 68 100 49 52 97 122 98 120 49 55 68 52 48 102 100	6
23 56 122 99 51 95 65 98 57 99 68 55 65 68 100 48 67 95 67 57 51 57 69 54	8
17 50 70 67 88 67 50 51 120 101 68 56 53 53 65 69 98 69	2
18 45 54 67 54 99 54 102 49 88 95 120 69 57 57 100 120 52 65	18446744073709551610
13 45 67 56 101 100 66 65 67 48 99 57 95 53	0
20 50 100 68 100 95 97 98 53 68 97 70 50 100 97 90 51 52 101 65 52	2
12 48 88 98 54 65 56 50 48 68 102 54 120	49031548406
15 56 98 57 97 49 51 50 88 57 50 101 53 48 90 52	8
7 45 52 95 54 100 70 55	18446744073709551612
5 52 68 98 66 50	4
18 52 50 101 100 56 65 51 49 54 98 99 70 54 57 90 53 54 67	42
21 50 68 88 51 90 70 56 66 49 70 50 50 66 48 95 66 101 95 69 51 49	2
20 57 68 98 57 69 122 101 53 53 98 53 55 54 49 53 57 70 48 55 49	9
24 48 69 70 55 56 120 55 56 55 49 98 53 54 69 97 90 70 120 50 69 48 48 50 51	0
7 51 101 56 48 69 51 57	3
18 55 70 52 66 98 50 69 51 122 50 55 69 88 48 122 67 102 54	7
15 48 101 56 88 99 56 56 56 54 53 56 52 90 102 67	0
25 50 101 52 48 120 101 50 67 66 53 68 53 50 48 120 53 68 55 55 66 57 57 69 95 102	2
23 57 90 97 70 100 102 51 98 102 65 55 95 48 65 69 67 90 57 50 70 97 52 57	9
25 53 66 100 49 56 69 69 54 88 122 69 68 95 120 50 95 98 99 52 101 120 49 100 95 101	5
24 48 55 52 98 50 56 99 68 120 95 95 90 50 65 53 55 67 51 65 51 95 122 102 56	60
13 53 69 100 48 50 70 120 67 52 122 65 101 55	5
5 48 69 56 68 95	0
21 50 57 99 98 99 90 51 99 69 56 102 100 98 99 49 53 65 95 100 102 69	29
3 48 52 88	4
15 56 122 120 53 100 54 90 101 98 67 90 54 120 65 48	8
18 54 48 70 55 56 99 99 100 99 101 66 50 68 54 101 100 100 90	60
12 49 101 56 97 90 54 49 57 50 50 88 51	1
4 52 66 55 51	4
7 51 95 51 88 102 101 66	3
11 53 69 48 67 52 51 65 100 65 53 48	5
13 53 95 65 54 102 97 120 65 67 97 100 67 56	5
3 57 101 56	9
20 54 100 50 90 70 99 65 50 57 53 54 88 99 101 101 66 100 50 52 120	6
7 53 67 49 66 102 70 65	5
11 57 122 68 70 66 100 52 48 70 50 56	9
18 45 66 68 88 66 56 49 54 49 99 101 97 51 69 49 50 100 95	0
3 48 69 49	0
9 52 99 95 54 97 52 95 49 101	4
1 52	4
8 49 90 50 100 48 97 70 48	1
24 56 49 90 98 68 53 69 68 90 55 122 90 98 120 102 67 70 65 49 68 55 69 50 50	81
1 51	3
9 45 50 57 102 49 99 57 120 122	18446744073709551587
23 48 68 101 70 57 53 66 67 67 55 100 56 50 101 90 98 97 57 98 98 67 102 122	0
20 56 99 48 95 120 68 90 51 65 101 101 70 120 53 51 102 100 100 51 54	8
13 45 48 70 69 65 66 99 95 88 101 120 95 120	0
14 45 56 53 56 68 95 95 68 57 50 55 98 67 97	18446744073709550758
21 53 122 120 55 70 50 88 54 52 122 88 50 120 70 50 69 97 54 52 99 49	5
14 51 65 95 56 56 120 57 66 68 120 101 90 48 56	3
2 55 50	72
2 45 102	0
13 51 70 122 88 98 120 101 49 88 56 120 102 97	3
4 57 100 122 52	9
13 54 90 48 88 54 50 88 57 102 98 69 49 100	6
1 52	4
8 45 100 120 122 97 68 49 55	0
18 48 100 66 55 65 67 49 90 67 88 65 65 56 53 54 66 57 65	0
24 54 101 101 51 50 57 50 95 122 50 100 53 53 51 120 98 55 52 95 90 99 88 53 99	6
2 57 122	9
14 48 122 70 95 49 90 97 51 57 50 69 54 122 48	0
8 55 48 52 98 52 48 48 68	704
3 52 53 100	45
5 54 98 51 102 48	6
25 57 98 53 67 66 101 69 54 99 52 122 53 56 52 69 90 120 95 50 95 90 57 54 88 50	9
13 53 49 54 67 120 98 51 122 57 52 54 49 56	516
10 57 120 51 70 95 53 56 68 55 90	9
4 56 122 49 99	8
12 45 52 65 65 122 97 120 56 55 102 102 95	18446744073709551612
17 57 57 102 101 53 53 70 52 55 56 48 97 66 98 51 67 120	99
18 48 120 49 97 100 66 67 49 69 50 99 88 52 56 55 69 102 49	7209754156
6 50 100 88 55 120 51	2
6 56 70 54 122 68 98	8
22 55 48 97 50 95 53 98 68 50 55 95 54 100 70 99 66 57 98 69 67 95 66	70
14 49 122 54 65 54 88 100 97 69 55 48 90 48 98	1
22 56 95 90 122 100 53 97 51 95 122 98 69 101 69 120 67 99 98 70 95 48 54	8
22 54 88 51 65 48 54 56 70 66 53 101 97 57 54 66 66 67 57 48 54 65 102	6
2 54 65	6
2 57 49	91
16 57 69 66 97 101 51 66 54 51 98 48 57 52 98 65 70	9
8 56 69 88 95 88 101 99 57	8
6 48 57 101 101 122 52	0
19 54 69 51 52 56 48 54 122 66 102 55 90 65 98 48 54 49 48 122	6
13 45 52 55 50 98 99 69 53 101 98 69 69 99	18446744073709551144
10 56 98 88 122 99 57 100 98 101 68	8
9 54 100 100 66 88 69 90 102 97	6
25 53 99 52 57 56 101 101 122 52 100 68 55 48 51 68 66 97 68 48 95 48 55 50 100 120	5
10 55 50 88 51 57 120 101 49 88 57	72
7 45 98 120 50 97 65 97	0
15 54 120 90 49 97 56 90 95 49 95 70 120 68 51 101	6
10 56 88 57 54 57 56 69 55 70 49	8
19 57 56 56 68 65 49 102 56 69 66 88 101 101 48 99 55 101 100 90	988
1 55	7
23 50 53 56 70 67 55 50 49 53 53 66 98 101 120 51 98 51 122 51 90 70 57 66	258
5 45 102 57 101 56	0
10 45 54 54 69 122 50 53 55 52 48	18446744073709551550
15 56 100 48 67 54 55 50 53 95 122 70 68 88 50 100	8
16 48 102 102 57 55 57 65 56 67 66 90 53 50 120 50 97	0
24 49 90 56 100 69 66 88 67 50 52 99 97 66 57 51 66 57 53 90 49 99 70 56 98	1
8 48 102 53 57 55 48 122 55	0
24 54 65 99 56 54 49 120 97 70 51 102 52 49 56 70 120 67 65 51 51 57 55 90 70	6
13 51 98 66 54 51 66 120 101 53 49 97 120 48	3
24 45 50 122 55 65 66 66 70 101 67 50 53 52 99 97 99 56 55 90 57 68 53 99 69	18446744073709551614
17 48 49 70 90 100 100 99 99 95 57 70 50 55 68 98 95 90	1
14 57 98 55 99 99 67 54 53 67 49 101 100 122 101	9
25 48 97 67 95 54 102 98 51 67 51 68 66 120 65 49 101 98 95 97 100 57 57 66 65 53	0
14 52 102 57 50 70 69 120 55 68 51 57 56 101 54	4
9 48 67 55 97 70 50 101 88 97	0
7 49 88 53 65 68 101 88	1
17 57 51 48 67 67 52 120 51 101 52 101 68 97 95 55 53 53	930
13 51 88 70 95 53 69 67 52 98 48 55 65 68	3
22 50 122 102 70 120 68 68 68 48 98 88 56 55 52 99 51 101 48 68 48 122 100	2
15 51 50 97 52 68 100 90 122 53 54 54 65 67 101 70	32
13 57 55 54 97 57 68 90 57 48 48 90 48 88	976
18 51 90 67 52 98 56 97 49 65 56 122 68 51 67 67 66 100 70	3
22 49 98 66 100 49 55 53 97 54 97 54 95 56 56 50 67 52 56 52 90 95 100	1
18 53 53 98 102 90 88 49 122 51 52 54 100 95 67 97 48 57 48	55
24 45 67 99 65 70 100 120 68 49 98 101 66 120 57 57 88 69 102 49 54 65 48 120 55	0
9 49 100 49 101 122 95 120 52 101	1
19 52 54 98 97 49 88 55 56 50 120 48 55 98 101 95 49 88 102 56	46
3 57 53 120	95
14 48 68 54 67 56 56 102 53 101 97 54 100 65 101	0
21 54 54 51 101 70 67 120 101 68 54 51 68 53 48 54 65 67 56 54 102 52	663
4 49 65 53 102	1
16 57 55 122 99 66 66 69 122 55 57 68 99 70 55 120 122	97
22 50 101 57 52 65 52 52 57 50 88 53 102 67 51 102 48 67 48 88 67 48 122	2
2 53 97	5
22 52 52 100 50 99 69 120 101 99 67 95 65 97 97 48 65 49 88 97 65 57 54	44
5 53 56 54 56 122	5868
6 57 66 54 66 51 88	9
18 50 53 65 69 51 51 66 49 68 52 90 48 65 88 55 52 48 70	25
16 45 66 102 53 99 65 56 50 88 54 70 53 56 54 51 69	0
23 52 57 97 99 95 102 48 50 100 100 95 88 48 57 67 65 70 95 68 66 49 98 122	49
22 54 101 65 67 53 49 101 51 54 122 98 48 67 50 70 122 54 95 90 98 70 120	6
1 48	0
22 48 70 49 54 50 52 99 65 101 50 90 120 70 102 69 95 50 120 56 68 122 67	0
10 51 100 68 90 48 54 90 102 50 120	3
20 51 95 95 52 90 51 90 88 53 52 55 52 122 57 99 56 49 66 102 99	3
16 53 52 67 99 68 65 97 55 55 68 102 56 56 98 67 56	54
19 52 90 101 57 90 66 56 68 57 98 51 97 70 95 56 98 53 52 67	4
17 56 56 102 101 100 52 70 49 90 90 50 68 69 68 102 56 120	88
9 56 65 52 68 57 48 54 70 66	8
20 57 99 55 90 65 67 67 97 50 120 53 67 57 56 49 100 70 67 57 90	9
2 53 50	52
13 56 53 48 50 53 48 56 51 54 48 100 56 53	8502508360
2 50 97	2
12 51 50 56 120 100 56 98 52 90 99 48 100	328
24 45 100 56 49 69 65 95 67 95 88 97 66 54 70 100 56 101 66 56 90 70 98 54 52	0
13 55 51 66 95 98 52 90 99 66 66 57 57 88	73
14 49 57 102 102 55 53 88 101 48 120 97 68 56 66	19
3 48 65 49	0
14 50 120 102 65 101 102 97 97 65 69 98 54 102 48	2
7 51 70 69 70 56 69 53	3
9 45 98 55 90 51 65 90 49 48	0
16 51 69 120 52 98 67 99 97 68 65 48 55 99 66 54 48	3
19 53 90 54 65 53 98 98 65 55 54 68 55 50 52 52 53 51 56 102	5
20 53 57 48 54 57 54 67 52 55 100 48 65 53 95 90 56 69 68 48 100	590696
6 48 52 101 101 65 99	4
11 54 68 102 90 101 50 48 56 99 97 100	6
11 49 95 66 65 50 66 48 52 68 95 88	1
24 49 95 68 99 100 95 51 99 100 102 88 70 120 88 55 70 48 88 52 53 57 55 100 100	1
11 55 67 54 49 68 56 67 98 69 95 99	7
8 56 55 54 99 100 66 99 70	876
19 51 56 98 56 99 49 98 90 55 97 70 67 100 68 100 99 49 70 98	38
4 57 67 70 100	9
7 57 51 49 51 69 67 67	9313
21 53 98 98 88 66 66 120 69 101 99 53 67 48 97 88 101 88 51 57 98 66	5
12 48 97 90 68 54 100 56 102 120 52 65 69	0
19 51 120 51 66 48 55 55 56 70 120 122 100 70 48 101 100 54 55 122	3
4 51 97 57 97	3
24 57 120 53 90 88 99 66 55 54 55 122 70 120 56 97 98 88 48 52 99 99 101 56 49	9
15 50 54 70 101 97 56 53 51 88 122 88 66 97 122 99	26
20 45 68 68 95 67 54 122 102 88 122 99 50 54 48 53 55 53 51 55 67	0
25 48 99 70 97 98 49 88 100 51 95 51 49 68 101 120 51 52 69 51 120 52 90 88 122 55	0
4 48 120 102 66	251
23 48 66 52 122 54 100 95 67 102 88 69 68 101 48 49 66 54 122 53 68 67 69 52	0
1 51	3
24 53 98 48 52 95 52 88 65 70 101 67 95 120 57 98 55 50 54 50 49 49 95 120 50	5
18 49 52 67 57 54 56 70 68 53 51 51 66 67 100 99 70 49 88	14
24 45 53 48 56 49 70 55 88 99 101 90 65 55 52 97 57 69 68 95 54 95 97 97 120	18446744073709546535
17 54 95 70 49 68 69 65 99 102 53 54 68 53 48 48 56 54	6
24 50 50 90 102 88 97 69 99 52 56 70 65 52 99 100 65 55 56 54 57 99 57 101 98	22
7 53 90 54 99 50 53 69	5
20 56 57 99 56 102 49 54 102 56 90 57 120 98 56 56 49 55 97 65 49	89
9 45 50 53 50 50 102 102 67 50	18446744073709549094
13 52 67 50 120 66 102 52 99 50 88 97 68 67	4
7 55 52 49 70 95 88 57	741
2 51 98	3
8 51 66 101 68 55 57 120 88	3
10 53 100 49 54 50 97 69 48 54 57	5
13 48 101 51 66 49 68 49 70 50 48 51 120 52	0
8 52 98 97 65 67 53 65 54	4
10 53 55 57 49 98 98 52 57 99 69	5791
21 49 56 66 49 52 97 50 48 68 88 66 100 49 49 67 99 56 65 120 53 101	18
7 51 68 98 99 70 99 100	3
10 54 99 99 49 68 122 48 65 50 65	6
12 57 69 65 57 95 95 68 50 69 49 95 68	9
18 53 65 100 70 49 50 68 50 100 57 70 54 56 122 51 49 69 90	5
9 57 56 120 90 55 101 99 49 68	98
22 57 65 68 68 95 56 57 120 56 55 50 68 70 56 50 65 68 50 51 57 70 102	9
2 57 69	9
25 52 66 69 51 88 88 69 57 54 120 48 122 50 48 101 120 102 56 68 48 122 54 56 70 101	4
16 50 53 95 88 101 122 68 70 122 56 70 49 56 55 53 55	25
23 52 56 102 53 55 120 95 99 101 66 49 67 51 122 53 70 56 66 90 54 69 66 52	48
15 49 51 97 65 53 98 50 52 54 97 51 48 50 122 67	13
24 52 101 102 99 65 70 102 98 55 88 122 50 97 49 70 122 120 55 97 53 56 57 55 120	4
3 53 48 100	50
1 52	4
3 51 68 101	3
19 51 52 68 55 57 120 53 97 57 90 65 100 69 101 97 48 95 70 52	34
11 51 49 101 68 95 70 69 52 55 102 70	31
13 45 95 55 50 98 97 51 53 122 56 48 95 70	0
4 52 49 57 49	4191
5 53 95 57 66 88	5
17 54 122 69 51 101 53 95 101 88 88 88 70 102 122 69 51 99	6
15 52 56 98 54 53 95 55 122 98 56 57 66 67 57 88	48
25 56 66 53 100 49 55 55 69 122 98 66 51 51 56 50 90 100 57 88 49 54 52 50 57 51	8
1 45	0
12 55 48 56 65 54 65 66 120 99 55 53 101	708
24 54 56 95 122 54 120 69 50 65 90 65 95 48 50 55 69 67 65 90 102 50 57 100 69	68
4 56 97 122 48	8
9 57 69 50 101 65 49 66 52 68	9
2 51 100	3
24 45 95 97 98 90 67 100 122 54 98 88 69 90 90 101 97 97 65 98 55 56 54 49 67	0
7 48 52 90 90 66 48 122	4
18 55 48 90 120 52 57 102 101 67 65 120 99 99 49 52 99 70 67	70
16 56 99 90 102 55 55 100 95 51 69 95 101 95 100 56 52	8
11 56 98 57 54 70 97 56 70 48 56 51	8
5 54 67 66 98 122	6
19 56 67 67 48 100 102 56 70 54 55 55 97 53 102 66 102 69 120 49	8
6 55 70 99 51 57 50	7
13 45 97 51 55 68 52 100 67 102 49 57 48 100	0
22 57 99 51 99 49 98 49 69 68 66 65 48 68 102 98 88 122 56 54 53 70 120	9
5 48 99 49 100 95	0
8 53 90 57 95 98 52 90 67	5
19 52 56 70 101 99 70 52 90 52 67 53 70 66 53 50 57 100 52 120	48
17 56 52 51 56 97 57 69 49 120 55 95 68 97 97 100 120 55	8438
23 53 122 48 54 55 99 69 90 98 66 120 55 52 90 53 53 57 53 56 90 48 120 120	5
10 45 95 57 53 67 50 53 66 122 98	0
15 50 52 101 56 49 57 120 68 90 102 49 88 65 70 101	24
24 57 51 100 70 48 56 67 49 56 56 69 70 70 101 57 67 99 88 67 95 69 66 101 99	93
12 45 70 53 90 122 100 67 101 88 95 49 120	0
19 48 100 102 51 70 53 57 53 57 66 102 50 65 97 56 50 52 98 97	0
5 52 48 66 54 55	40
22 51 100 69 65 102 90 50 70 66 98 70 57 66 68 65 51 66 51 68 120 56 49	3
22 52 52 49 48 102 51 101 50 68 52 97 52 53 48 88 53 49 55 97 67 100 99	4410
11 52 53 54 48 100 95 66 49 56 51 68	4560
17 51 52 97 70 56 120 90 102 54 102 51 68 70 102 68 53 95	34
10 54 55 122 68 65 95 99 98 68 70	67
18 51 56 55 90 67 101 52 49 52 102 48 101 68 120 98 90 51 67	387
14 48 99 66 56 95 97 69 102 65 50 49 53 66 120	0
1 53	5
5 51 122 55 69 97	3
12 53 66 50 55 102 52 101 57 55 102 51 65	5
25 57 70 95 49 53 54 67 57 95 70 54 68 48 57 66 120 69 49 49 66 122 99 122 99 102	9
6 51 120 53 67 67 55	3
7 56 120 101 122 57 101 101	8
18 53 90 90 49 88 68 48 56 57 100 69 68 67 51 54 88 57 66	5
4 55 65 97 65	7
4 52 101 97 51	4
21 49 68 122 54 49 65 70 102 57 98 52 68 101 90 65 102 88 69 101 69 70	1
6 54 57 54 98 69 97	696
10 57 53 55 122 102 97 56 67 53 68	957
6 52 54 53 55 67 120	4657
10 55 88 120 99 88 70 99 90 55 66	7
18 45 51 66 99 100 66 53 56 122 99 67 54 48 100 90 67 100 68	18446744073709551613
14 52 101 53 68 97 99 65 57 97 55 48 52 122 101	4
24 51 101 122 97 68 49 102 57 98 54 100 122 53 95 52 122 56 49 120 70 101 48 69 67	3
9 49 52 49 52 120 97 101 52 120	1414
7 54 90 54 100 66 67 48	6
9 51 54 70 101 69 99 122 88 99	36
7 55 50 52 99 54 122 48	724
16 49 69 90 51 99 101 52 54 95 69 56 88 51 56 56 122	1
13 53 65 54 66 70 67 49 65 102 55 100 102 120	5
17 54 70 65 50 66 90 97 65 102 120 122 68 95 70 101 122 101	6
8 55 65 49 57 101 56 99 97	7
18 45 67 48 54 54 95 56 97 53 97 69 88 98 66 98 53 70 55	0
22 54 98 69 101 102 55 102 99 102 95 48 54 122 55 97 68 90 101 53 90 101 53	6
1 48	0
17 48 98 98 49 66 70 97 122 55 120 67 98 101 57 98 122 51	0
2 48 120	0
2 53 66	5
25 48 52 68 67 50 70 67 101 67 95 90 102 66 65 52 88 55 68 65 120 53 51 68 98 50	4
23 53 50 57 49 56 70 57 97 90 56 101 49 70 57 100 67 122 90 100 48 68 53 57	52918
9 49 48 98 53 100 48 56 70 65	10
14 45 99 50 98 95 97 67 49 50 99 88 67 68 97	0
21 52 50 69 100 50 102 55 69 88 67 120 101 69 95 56 90 101 120 70 90 67	42
10 48 49 65 88 54 51 69 66 99 54	1
9 49 65 95 53 50 67 100 54 68	1
9 52 68 57 99 97 48 52 101 53	4
12 54 50 55 56 49 49 69 52 95 95 55 100	627811
15 56 101 67 54 99 49 122 50 48 50 70 49 67 49 98	8
16 57 53 88 54 101 120 90 101 122 54 100 66 66 69 50 66	95
13 57 52 102 57 66 65 57 122 55 99 100 97 102	94
4 50 48 54 57	2069
4 53 97 57 53	5
12 56 65 54 67 49 54 101 100 52 51 67 101	8
4 54 95 102 57	6
10 48 69 57 100 120 56 56 56 67 56	0
15 45 56 97 51 102 49 95 49 53 97 97 90 97 52 56	18446744073709551608
8 49 67 70 53 101 88 56 97	1
16 57 67 100 122 98 97 48 65 53 53 56 55 100 65 51 50	9
21 49 53 69 52 97 120 57 97 68 57 70 53 99 99 56 56 102 69 102 51 98	15
23 57 65 55 90 56 54 67 53 49 122 52 120 90 49 70 90 65 50 99 122 50 97 120	9
12 48 52 57 95 69 99 69 98 65 56 100 66	4
16 57 120 70 69 49 49 50 122 57 99 98 102 56 70 67 98	9
20 50 101 98 69 70 48 95 48 95 48 120 53 65 50 57 97 122 88 54 57	2
11 55 88 49 100 101 95 98 120 120 67 51	7
16 53 67 51 52 70 95 49 120 101 68 57 88 120 95 51 48	5
15 57 48 52 48 90 48 122 69 122 53 120 102 102 90 70	9040
4 50 49 53 50	2152
13 49 95 49 52 100 120 52 97 54 102 52 122 67	1
4 48 88 101 49	225
14 48 120 102 57 57 51 49 57 67 100 57 70 50 98	274410188414763
25 49 69 98 101 97 99 100 48 56 99 57 68 95 55 120 53 100 88 122 48 101 99 56 54 49	1
2 52 122	4
23 45 53 56 67 55 97 95 55 90 97 53 100 57 56 67 53 70 56 48 56 88 102 65	18446744073709551558
13 56 50 69 88 97 69 66 57 52 56 98 55 69	82
21 54 66 88 48 69 120 54 97 52 66 98 120 56 70 49 68 50 66 48 51 65	6
20 51 95 100 90 66 51 56 53 48 57 54 67 70 52 48 49 70 95 48 57	3
14 54 56 54 97 67 50 102 54 50 98 120 49 97 70	686
22 57 70 55 122 67 102 68 50 99 122 101 49 97 52 54 102 122 67 67 90 57 120	9
13 50 98 98 97 56 56 97 51 69 56 102 99 97	2
3 53 95 53	5
1 48	0
23 49 51 68 90 120 67 49 48 70 97 66 66 50 70 70 66 67 53 101 67 100 66 95	13
20 45 51 122 95 56 120 50 68 99 120 66 50 54 48 67 67 50 50 122 51	18446744073709551613
8 54 95 51 88 69 49 120 100	6
18 56 49 122 65 90 56 120 48 101 99 51 68 68 65 54 97 99 56	81
19 45 88 67 67 67 70 48 55 52 53 101 99 51 97 50 68 57 66 97	0
22 45 99 49 54 49 88 88 95 68 88 100 98 55 66 67 53 70 53 66 57 90 66	0
11 52 120 57 48 53 51 56 69 97 50 69	4
8 49 65 70 102 97 90 100 51	1
12 49 101 66 99 101 100 100 56 90 99 52 56	1
20 55 101 57 53 66 57 99 57 88 101 101 67 48 50 50 52 52 65 69 90	7
1 54	6
2 52 120	4
20 53 101 50 90 102 48 48 48 122 120 50 54 54 49 69 56 97 90 67 54	5
14 56 101 54 54 98 65 53 50 88 97 67 100 54 98	8
23 55 54 102 67 66 122 100 101 69 69 95 90 51 48 65 120 102 50 100 100 52 69 55	76
23 50 51 53 50 100 54 52 88 120 70 49 88 53 101 99 95 97 55 65 52 51 95 52	2352
24 52 66 53 66 55 97 70 88 49 95 120 56 90 100 50 100 49 51 95 56 55 90 69 67	4
21 57 56 52 102 52 100 55 52 70 57 101 69 95 66 66 54 99 68 53 52 65	984
12 54 68 99 101 122 100 101 57 100 122 101 57	6
22 50 68 49 69 52 56 97 49 101 49 69 95 53 48 120 52 51 54 65 70 69 50	2
4 53 56 97 57	58
4 49 48 65 52	10
23 53 101 99 66 68 56 56 98 67 53 95 102 122 50 55 52 49 48 101 53 100 53 66	5
14 56 69 70 101 99 102 102 66 48 50 53 95 101 102	8
5 54 101 102 120 48	6
6 55 54 69 99 122 56	76
3 45 53 88	18446744073709551611
21 49 88 95 97 95 55 95 57 51 122 95 88 50 88 54 52 54 66 66 120 67	1
13 54 88 68 65 100 49 55 99 50 102 70 88 97	6
12 53 56 69 97 55 100 49 66 95 120 102 69	58
17 55 67 69 48 69 67 69 95 120 67 50 55 95 66 122 101 49	7
17 54 68 102 66 101 55 49 67 50 55 95 65 54 69 69 90 100	6
3 52 48 120	40
13 52 88 120 66 57 69 101 97 100 50 52 51 53	4
19 54 54 99 66 55 120 100 57 52 97 99 68 56 50 55 56 102 50 122	66
25 48 70 52 100 120 56 100 66 49 68 48 98 88 95 55 88 70 53 67 102 95 95 122 101 53	0
5 57 65 120 55 120	9
13 57 51 101 54 98 50 67 97 52 70 68 54 57	93
6 45 69 69 101 70 49	0
6 50 102 69 55 52 95	2
6 52 120 122 55 54 95	4
10 49 69 70 68 52 51 122 54 69 101	1
18 55 90 101 100 57 67 55 90 57 70 88 53 50 52 65 57 49 102	7
11 52 70 98 48 52 99 98 67 65 69 101	4
25 49 99 53 54 100 69 95 102 101 90 67 48 68 66 120 101 53 97 99 49 57 97 101 122 57	1
6 57 55 51 88 69 88	973
8 48 57 55 98 50 97 70 49	0
9 52 57 68 49 57 48 70 52 88	49
2 52 52	44
6 56 90 97 65 66 95	8
2 45 69	0
2 55 48	70
10 45 52 100 120 67 102 70 88 66 53	18446744073709551612
19 48 57 90 65 70 68 51 90 70 67 95 50 120 99 98 69 66 88 70	0
2 45 120	0
5 53 68 54 52 54	5
11 45 68 51 49 48 48 95 98 97 49 56	0
19 50 69 100 95 66 90 67 68 122 68 88 120 50 53 100 56 101 90 49	2
4 55 67 90 90	7
8 48 67 52 50 120 48 53 67	0
22 45 52 49 48 97 51 95 55 65 102 65 55 56 53 69 52 56 57 52 95 68 48	18446744073709551206
25 51 98 57 52 88 68 51 51 50 54 67 68 102 48 65 53 100 57 50 55 65 57 68 97 50	3
15 52 65 48 120 67 52 49 54 102 65 90 100 102 99 101	4
25 48 57 66 98 101 90 69 101 52 52 55 55 68 101 54 90 54 120 65 67 88 55 49 55 97	0
20 52 68 68 101 53 95 100 57 122 88 49 70 50 48 95 99 88 49 65 70	4
1 51	3
23 53 120 120 102 57 100 50 122 88 101 52 90 54 101 88 55 57 90 98 57 102 68 69	5
13 53 97 68 57 97 56 98 120 49 102 49 90 70	5
15 49 56 53 69 100 67 53 55 65 99 65 57 50 55 102	185
11 55 51 67 65 51 68 88 90 54 70 56	73
23 49 95 67 98 68 102 70 90 100 53 120 55 98 67 49 57 99 97 95 65 100 49 99	1
19 50 88 55 99 102 48 100 65 95 90 55 102 51 88 90 53 95 120 51	2
16 56 65 67 98 100 101 56 97 102 122 70 99 69 57 70 120	8
19 45 55 57 49 56 69 102 56 66 51 68 56 49 54 54 65 48 52 55	18446744073709543698
23 45 95 90 98 66 98 69 52 49 90 52 53 97 50 97 51 56 49 98 66 99 102 70	0
3 53 90 66	5
2 48 120	0
4 56 57 52 53	8945
22 52 51 65 48 90 56 66 98 69 90 56 88 95 120 97 99 98 95 66 54 88 97	43
16 55 65 57 57 49 49 55 53 88 97 54 48 101 49 66 97	7
4 55 97 52 101	7
6 57 70 53 52 95 65	9
5 53 97 57 100 52	5
7 50 56 65 95 88 54 68	28
9 55 120 65 99 69 66 70 101 90	7
5 48 51 70 97 55	3
25 56 65 48 56 69 122 56 102 51 50 95 50 66 54 97 65 52 97 102 52 55 88 68 54 95	8
8 45 53 95 99 50 57 120 98	18446744073709551611
6 55 48 102 52 100 50	70
21 54 122 97 90 54 57 68 98 95 48 98 95 49 49 51 56 97 90 100 70 120	6
8 56 101 66 88 69 52 98 52	8
17 53 66 54 69 68 90 48 50 50 54 55 55 57 120 52 69 57	5
1 56	8
11 50 57 122 69 51 49 51 68 70 54 100	29
2 55 97	7
4 56 90 51 54	8
17 50 97 69 99 90 88 101 88 101 55 101 66 70 101 70 95 54	2
18 45 88 48 68 48 55 52 99 53 120 101 69 101 54 100 120 70 52	0
18 49 122 52 95 68 66 54 98 95 65 122 48 70 97 65 57 55 70	1
1 49	1
20 50 99 88 69 120 54 101 97 51 48 51 90 51 95 88 95 68 95 57 98	2
14 52 90 67 55 101 122 88 68 66 49 88 95 50 57	4
5 48 102 88 66 48	0
3 54 95 69	6
8 56 48 68 53 56 53 69 100	80
24 50 100 97 65 98 56 98 70 90 99 57 90 67 49 56 98 101 102 98 54 55 67 54 100	2
8 56 120 98 120 100 48 97 56	8
8 54 49 122 97 50 54 67 67	61
12 53 69 100 52 67 56 66 49 54 51 99 56	5
8 51 68 68 53 102 55 69 56	3
12 51 95 56 57 67 52 53 70 54 70 54 90	3
7 49 70 90 57 57 67 70	1
16 54 57 98 98 97 53 69 66 53 68 57 51 48 69 55 57	69
16 48 48 54 52 101 102 56 52 65 69 50 95 50 54 65 53	52
21 54 97 67 51 68 120 48 67 55 99 70 97 53 120 65 52 68 120 65 95 54	6
15 48 56 51 57 88 88 88 56 57 53 66 100 97 49 52	0
1 48	0
1 45	0
9 56 98 68 100 99 49 100 56 102	8
10 55 120 56 70 90 55 70 50 88 51	7
7 55 48 99 50 69 88 51	70
6 50 68 66 122 65 120	2
11 54 48 56 55 57 57 49 100 55 69 99	6087991
17 45 52 98 52 70 122 95 48 57 69 98 53 67 95 48 97 98	18446744073709551612
2 56 95	8
11 57 67 102 49 70 70 51 53 50 57 50	9
16 49 99 90 50 101 52 49 48 69 102 69 90 90 68 56 122	1
11 45 53 101 51 54 50 66 98 66 55 53	18446744073709551611
25 57 122 53 52 88 54 56 66 68 88 57 55 53 100 70 90 53 52 48 55 100 68 48 50 67	9
10 52 49 97 50 65 88 95 54 88 55	41
12 55 49 120 102 95 120 53 50 97 50 99 55	71
1 45	0
3 45 102 98	0
7 45 55 90 70 50 66 55	18446744073709551609
19 54 101 99 102 97 69 51 99 70 51 102 54 122 50 50 88 52 98 55	6
2 49 54	16
19 57 50 49 99 88 53 122 66 97 55 122 95 99 56 49 56 100 122 52	921
6 52 56 51 50 49 49	483211
21 56 95 98 100 54 68 97 57 65 55 90 70 122 120 88 102 95 122 122 67 97	8
1 50	2
25 53 55 101 53 68 102 56 101 50 51 95 56 53 50 49 90 49 100 53 99 100 48 57 99 67	57
19 56 122 50 65 102 56 56 49 97 49 49 97 70 51 69 67 99 68 70	8
22 55 49 55 69 52 99 66 88 49 50 90 120 95 48 97 54 97 90 95 57 66 56	717
17 53 53 55 70 100 101 66 120 56 101 90 88 53 65 66 48 99	557
14 54 53 54 122 50 69 67 122 122 68 50 55 97 95	656
21 45 57 57 55 120 55 101 100 57 95 68 100 53 49 56 55 101 66 51 70 48	18446744073709550619
22 48 65 98 88 52 69 68 52 65 88 53 97 88 101 51 54 100 56 69 67 98 99	0
23 54 65 51 65 69 97 57 48 69 66 102 56 98 69 48 67 90 120 68 67 101 97 51	6
9 45 69 54 52 53 90 68 52 95	0
2 50 51	23
21 57 67 100 52 55 51 95 88 122 48 51 66 99 50 68 69 53 90 70 101 97	9
13 45 69 90 57 99 56 97 67 98 66 122 52 67	0
5 50 90 100 56 120	2
17 54 48 48 69 49 70 66 53 120 122 99 48 67 69 56 68 66	600
21 51 51 122 70 65 51 50 90 98 95 90 102 57 49 49 90 122 52 50 53 90	33
10 55 57 53 102 98 51 102 122 95 57	795
18 54 55 57 102 100 52 70 50 122 54 99 48 100 120 54 54 53 65	679
17 52 67 90 90 50 66 70 101 68 67 120 120 48 101 68 67 102	4
20 50 66 51 48 102 54 90 48 70 49 70 97 100 53 120 68 51 101 98 51	2
12 52 90 57 98 49 70 70 51 69 67 122 53	4
16 55 102 54 49 122 66 49 97 102 50 97 53 49 65 48 65	7
1 52	4
22 54 67 54 101 97 88 102 97 56 51 88 70 48 120 66 66 101 69 122 54 67 120	6
1 51	3
23 56 65 68 100 101 53 95 120 56 51 68 98 100 56 100 99 51 120 99 56 49 95 97	8
16 55 68 48 49 95 57 102 97 97 55 48 120 100 51 120 122	7
21 52 102 53 101 53 65 120 99 53 50 99 100 88 120 100 51 98 49 101 67 120	4
17 51 55 102 49 48 67 97 50 66 88 67 54 100 97 101 55 66	37
23 45 101 54 49 95 67 69 50 95 97 53 101 100 122 100 51 97 67 88 50 52 66 101	0
23 54 95 70 49 52 68 53 67 122 48 53 56 120 95 57 67 65 97 97 95 50 99 66	6
2 56 120	8
7 54 99 70 98 51 101 56	6
6 48 53 102 95 51 53	5
19 50 122 88 53 53 48 66 52 49 97 48 120 97 100 48 53 51 95 66	2
12 54 99 56 52 69 68 54 49 70 100 49 56	6
5 54 65 69 66 102	6
22 45 100 101 100 100 101 52 69 51 55 99 56 68 52 54 50 95 55 102 50 70 54	0
17 49 66 101 98 95 48 69 122 122 49 120 95 55 95 70 120 69	1
12 56 122 88 66 65 88 66 66 88 49 57 70	8
25 53 49 50 122 49 48 97 57 55 52 57 100 88 49 56 51 68 97 53 95 48 52 120 55 122	512
12 51 100 100 52 53 56 57 51 99 95 51 122	3
4 51 54 50 70	362
3 56 54 55	867
17 56 52 95 52 102 122 57 55 65 100 100 56 51 100 66 52 56	84
15 51 69 90 55 52 65 54 57 57 95 70 65 67 97 55	3
1 49	1
6 52 97 68 53 88 102	4
23 55 54 122 98 101 53 55 48 95 68 50 50 102 97 48 51 120 48 56 48 97 56 57	76
25 54 122 50 102 90 98 100 98 51 69 55 56 54 70 120 54 100 101 70 57 102 57 52 66 49	6
12 49 52 67 102 97 98 69 54 56 53 97 52	14
22 57 101 55 99 69 66 70 57 50 56 122 99 69 95 98 66 99 52 51 122 98 67	9
12 56 65 67 90 53 67 48 51 100 49 68 48	8
16 53 55 101 66 122 54 98 90 95 68 101 48 68 90 48 100	57
7 54 53 57 69 90 97 56	659
12 56 65 98 122 70 56 51 57 101 51 49 66	8
4 56 51 67 49	83
19 54 95 90 99 88 100 54 65 102 95 54 52 95 66 56 65 102 122 101	6
7 50 49 100 67 88 99 51	21
20 55 53 56 66 48 98 65 54 65 95 95 90 49 70 50 69 51 120 55 99	758
24 51 68 88 51 54 52 53 54 53 101 68 70 67 52 49 100 99 50 65 90 53 55 95 68	3
2 57 102	9
18 51 122 52 90 67 100 122 101 54 55 122 70 52 69 65 68 48 49	3
13 57 67 69 120 57 98 99 101 56 51 88 102 70	9
18 45 102 50 97 65 97 53 70 65 67 100 122 54 49 51 49 68 48	0
13 54 55 57 51 56 48 55 49 53 55 57 66 54	67938071579
7 48 54 66 49 97 97 49	6
25 45 95 66 56 101 51 88 65 48 90 48 65 67 90 98 49 50 50 88 100 48 53 52 50 122	0
6 56 102 68 70 120 56	8
4 52 52 102 70	44
7 56 54 56 98 52 122 57	868
13 50 69 49 68 120 98 67 50 56 53 67 65 95	2
24 57 56 65 90 54 56 53 88 102 95 69 66 67 48 90 120 68 95 99 49 102 69 52 48	98
7 57 90 90 48 50 48 69	9
16 52 95 99 56 95 68 52 69 67 120 51 51 53 55 52 102	4
21 50 99 56 68 57 88 50 66 50 100 57 100 90 102 65 97 70 99 56 120 69	2
7 57 70 97 95 95 100 120	9
16 53 101 120 98 50 101 65 98 122 49 67 52 57 97 53 50	5
4 49 122 98 54	1
4 50 65 54 100	2
14 49 57 98 65 99 101 102 88 67 53 99 120 55 102	19
21 50 98 99 97 97 67 88 48 68 97 97 70 48 120 95 68 67 122 99 88 69	2
18 49 49 66 101 99 88 50 53 56 57 102 52 90 54 68 90 67 90	11
16 48 54 52 56 50 48 98 65 49 69 69 120 65 57 50 54	52
20 53 88 98 90 100 65 99 68 95 52 122 120 67 53 56 68 69 66 52 51	5
12 50 99 49 100 120 67 98 53 98 67 51 52	2
21 54 120 51 56 122 102 68 65 51 120 52 54 101 49 88 99 88 54 88 51 56	6
6 52 51 95 65 67 88	43
15 49 95 90 56 48 48 66 95 100 57 50 98 55 101 120	1
2 51 122	3
17 45 120 52 120 67 67 90 100 101 99 102 97 54 67 65 55 65	0
1 57	9
11 55 50 70 53 122 56 97 49 57 88 90	72
5 49 53 95 54 120	15
1 48	0
22 53 98 57 66 68 51 53 52 48 95 100 102 99 65 88 70 90 57 55 98 102 53	5
24 45 70 100 100 98 65 55 100 101 67 65 90 48 65 98 52 70 102 51 101 95 49 101 99	0
2 54 53	65
14 48 50 88 102 97 51 98 56 120 51 120 54 101 98	2
14 53 55 57 50 52 52 90 100 90 69 101 48 54 49	579244
2 45 101	0
5 53 54 102 55 120	56
11 49 100 49 99 70 50 68 55 88 97 52	1
9 53 99 57 51 100 122 88 57 69	5
1 49	1
22 52 56 70 48 101 48 100 56 52 70 55 97 52 52 100 53 66 122 102 120 48 70	48
9 50 54 70 99 48 90 53 70 70	26
7 55 90 120 53 100 102 69	7
16 50 57 55 50 102 122 100 97 99 98 49 100 98 53 49 69	2972
16 54 55 53 120 56 53 65 101 50 66 51 69 53 56 55 65	675
9 50 50 99 95 88 66 95 56 95	22
20 53 97 48 52 101 50 55 53 122 88 69 54 55 52 101 51 99 53 90 99	5
25 53 54 68 102 65 97 48 51 102 51 90 49 97 49 55 68 51 56 65 51 54 70 57 53 69	56
15 52 66 101 95 101 52 49 69 122 98 100 53 48 95 55	4
9 53 53 50 67 54 68 52 54 55	552
21 57 69 70 67 122 68 98 67 101 101 53 122 90 69 88 70 95 98 54 101 99	9
7 54 68 49 52 49 51 49	6
16 49 68 90 50 66 101 69 98 48 101 122 48 48 65 65 69	1
18 56 49 67 95 51 101 102 95 70 95 97 55 120 53 120 67 122 65	81
16 53 65 102 54 56 95 55 88 98 99 95 98 49 48 101 49	5
22 51 99 88 88 49 69 102 49 49 55 101 100 120 57 101 53 66 57 98 122 54 66	3
12 51 56 53 95 100 51 88 66 122 51 49 88	385
17 56 98 102 98 70 67 67 102 50 66 70 65 52 122 69 99 65	8
22 56 102 49 70 70 102 49 49 95 98 69 99 102 88 57 51 69 53 88 88 70 98	8
9 55 97 99 68 50 97 88 52 65	7
1 51	3
1 57	9
13 50 69 97 122 54 88 88 66 70 69 55 55 65	2
21 56 100 69 56 69 70 99 69 54 122 56 90 67 100 51 68 99 99 95 57 51	8
16 45 67 53 90 68 69 51 50 50 66 56 69 97 50 65 102	0
12 45 53 122 102 54 57 55 66 99 101 90 99	18446744073709551611
2 57 122	9
25 57 68 101 69 90 57 52 88 49 49 122 97 97 68 57 52 52 97 54 65 54 68 49 68 54	9
17 57 90 56 101 100 88 88 97 66 56 100 120 70 49 98 88 66	9
17 48 48 100 102 68 56 70 98 122 99 56 122 51 65 122 122 101	0
11 45 95 50 101 54 56 52 69 90 53 65	0
2 56 52	84
14 51 101 90 101 100 122 88 69 54 57 57 49 95 70	3
20 56 69 97 52 97 66 49 99 95 50 67 50 56 65 67 68 68 101 49 100	8
7 52 97 100 55 57 48 56	4
15 49 97 98 100 53 100 100 51 56 69 52 65 56 97 90	1
1 48	0
13 57 120 50 57 52 66 48 55 57 97 55 99 51	9
10 56 120 54 65 48 99 69 100 99 101	8
25 51 88 70 50 48 69 102 53 101 101 120 65 51 56 54 69 48 57 54 56 50 57 57 55 68	3
7 55 54 70 97 99 95 51	76
19 56 66 101 55 120 52 66 99 48 55 122 70 53 122 122 90 97 98 48	8
15 45 100 101 122 120 97 49 100 99 54 70 48 70 101 55	0
13 57 67 48 56 49 54 67 70 95 68 53 50 102	9
11 54 48 120 102 100 98 56 50 55 95 50	60
13 48 49 101 122 65 49 66 48 95 68 53 49 98	1
5 52 99 90 101 53	4
11 55 55 120 52 97 53 54 52 48 53 56	77
23 51 65 51 54 97 56 54 50 48 50 48 98 51 65 55 88 101 102 122 120 54 50 55	3
15 53 66 95 122 55 55 56 98 66 67 49 120 122 70 101	5
20 49 100 95 53 99 67 52 50 95 90 102 53 122 66 98 55 68 66 48 49	1
24 49 55 120 95 99 101 122 99 67 52 88 52 55 120 49 70 70 50 102 51 97 55 70 100	17
15 55 65 120 101 53 67 54 67 100 120 55 88 70 50 66	7
6 45 101 102 100 65 69	0
7 45 90 99 57 101 55 48	0
17 51 53 51 102 68 99 49 97 98 70 67 65 66 70 57 68 49	353
2 50 70	2
8 52 122 100 48 100 99 50 56	4
25 57 99 56 98 90 55 67 68 120 55 99 54 48 66 49 102 97 95 65 95 65 50 49 68 95	9
5 53 97 98 55 120	5
16 50 55 68 120 66 100 90 67 56 95 56 70 54 120 66 51	27
2 54 51	63
9 53 120 52 68 66 55 50 65 88	5
12 50 53 55 65 90 56 52 49 95 122 88 48	257
17 56 97 65 67 48 99 49 66 88 68 49 48 65 69 50 120 49	8
18 56 102 101 53 51 120 50 97 67 52 66 102 101 122 122 55 120 66	8
10 48 50 57 102 57 69 66 54 50 120	2
4 51 101 69 56	3
3 49 55 49	171
12 53 51 90 48 69 97 70 99 65 66 99 88	53
21 57 88 50 57 69 98 55 99 120 54 101 48 120 70 56 90 67 99 90 101 57	9
21 49 102 48 53 100 100 53 52 101 95 54 101 56 50 66 52 50 52 100 67 50	1
1 51	3
21 55 66 99 48 55 55 65 68 56 67 49 88 90 101 55 95 69 65 120 99 122	7
16 55 100 53 54 95 65 54 66 65 55 95 66 53 53 48 67	7
5 57 101 50 122 53	9
10 55 56 49 101 101 88 69 51 88 51	781
24 51 65 68 55 122 101 120 69 98 90 95 65 122 100 98 68 49 95 57 99 97 98 50 122	3
22 57 98 54 51 55 67 49 98 97 50 95 55 67 52 51 98 102 49 54 53 99 49	9
11 57 97 97 56 70 69 57 51 50 99 102	9
19 45 66 56 57 51 50 67 56 67 57 56 51 66 69 48 122 66 66 66	0
4 57 120 90 50	9
8 49 50 95 65 57 51 97 102	12
15 57 55 122 48 65 68 101 50 51 98 90 95 98 97 49	97
20 57 122 102 54 66 70 98 120 56 49 57 68 54 68 88 101 48 68 50 120	9
1 55	7
7 52 48 66 70 53 48 95	40
17 52 65 55 65 53 101 52 51 98 69 57 98 67 98 102 90 90	4
10 48 70 90 55 90 70 55 56 102 99	0
25 48 57 52 66 57 55 56 102 98 122 52 95 95 100 67 100 48 98 56 120 90 90 53 57 51	0
3 57 70 65	9
24 56 49 68 67 57 51 57 51 88 55 122 102 66 48 55 57 120 98 66 48 122 98 49 99	81
24 45 102 54 88 95 88 50 50 49 88 68 100 51 69 66 95 120 100 90 54 65 56 56 52	0
10 48 48 98 55 69 95 53 66 100 56	0
4 54 99 56 97	6
3 49 50 97	12
12 56 52 56 48 90 49 97 56 102 98 122 57	8480
25 51 97 101 102 90 95 66 90 95 98 50 53 70 68 53 50 70 100 69 70 100 49 55 98 48	3
2 52 57	49
17 48 100 55 98 57 49 67 70 98 97 70 52 95 68 52 49 51	0
6 52 54 54 97 88 70	466
2 53 54	56
15 55 66 102 53 52 49 65 54 100 97 102 98 98 99 51	7
15 56 69 122 68 51 65 67 67 69 66 70 98 95 54 95	8
5 52 98 102 57 66	4
7 51 56 120 95 56 66 120	38
13 48 101 49 55 49 95 99 52 53 49 70 51 70	0
5 53 122 55 70 95	5
2 45 52	18446744073709551612
19 52 49 52 101 55 70 70 88 102 67 102 88 54 101 70 65 120 65 101	414
4 50 90 100 98	2
17 53 102 90 54 120 122 102 50 57 52 70 48 97 56 99 69 49	5
15 51 88 50 50 98 122 100 102 122 120 99 69 66 88 70	3
13 55 101 68 98 88 67 120 53 102 57 70 99 55	7
14 52 48 122 68 48 100 54 102 90 100 68 99 50 102	40
19 52 54 90 120 55 97 122 54 56 95 65 99 70 55 55 50 67 99 102	46
14 48 65 55 100 97 67 54 98 102 51 100 99 57 51	0
12 52 69 70 100 69 88 70 101 97 49 55 95	4
9 51 95 52 55 120 55 69 50 50	3
8 48 65 68 49 67 49 120 70	0
9 49 97 67 51 101 51 67 90 54	1
5 55 66 55 97 57	7
4 56 90 57 70	8
4 54 122 100 57	6
7 53 50 120 57 56 90 49	52
10 52 98 54 99 56 69 66 55 95 90	4
16 50 53 70 57 49 54 51 66 90 54 55 54 70 122 97 67	25
7 49 49 68 68 55 52 53	11
7 51 97 120 99 53 99 100	3
25 53 99 90 97 97 57 54 95 120 52 57 101 90 90 90 53 65 101 70 99 56 69 95 53 54	5
6 54 88 54 98 53 50	6
15 51 52 49 68 100 99 53 70 100 53 49 90 90 120 55	341
7 52 120 70 122 67 51 122	4
3 48 49 67	1
23 51 48 56 67 49 101 53 97 53 55 97 100 69 68 54 53 98 67 66 68 55 122 66	308
21 56 97 69 67 122 53 70 90 97 122 48 67 95 66 102 52 95 90 51 53 54	8
7 49 101 122 55 50 120 67	1
24 45 99 69 102 65 68 50 69 122 98 98 52 98 50 67 100 102 48 68 100 48 69 51 98	0
13 49 51 56 51 54 48 67 100 101 88 122 54 51	138360
19 52 69 55 67 48 69 68 69 97 50 49 70 100 98 90 49 97 50 68	4
8 48 49 101 68 66 120 122 68	1
16 56 90 122 122 90 120 53 54 97 55 97 53 120 53 97 51	8
24 55 53 56 66 49 54 55 52 97 97 120 66 122 65 48 122 97 55 56 65 101 70 53 49	758
22 49 52 49 51 49 120 97 51 100 48 69 56 52 101 90 122 56 95 57 120 57 57	14131
13 57 95 49 99 48 90 88 65 56 51 65 120 48	9
12 56 51 122 120 97 88 101 51 120 68 88 90	83
15 56 122 97 68 50 97 90 102 68 52 90 98 120 90 54	8
21 57 100 50 97 102 101 55 69 98 65 67 122 70 65 55 53 68 53 90 67 49	9
22 49 95 97 50 99 55 69 102 50 53 51 122 122 51 67 101 56 120 122 95 100 90	1
3 48 56 57	0
25 50 55 101 53 53 56 54 65 88 68 99 55 122 120 122 70 102 99 55 54 55 48 122 102 99	27
13 53 99 65 88 52 48 67 120 53 67 68 120 70	5
3 56 122 50	8
24 54 48 95 54 98 53 66 49 101 98 54 49 53 66 55 95 70 100 122 70 52 101 120 99	60
16 51 57 98 90 69 102 52 100 57 99 102 97 95 70 69 97	39
4 54 120 120 53	6
3 57 102 65	9
14 45 120 54 56 70 57 98 54 67 67 98 56 66 97	0
5 54 48 54 65 101	606
15 50 122 49 69 48 99 51 67 66 65 51 95 100 50 56	2
24 55 56 99 67 98 98 50 70 100 122 48 53 101 100 52 97 50 49 98 54 98 122 68 53	78
21 52 70 56 56 48 95 100 52 90 49 55 102 56 101 54 70 50 48 97 54 52	4
3 55 102 97	7
18 51 66 120 101 88 48 120 88 52 99 99 49 101 65 88 52 49 99	3
1 55	7
3 48 102 53	0
23 52 53 53 66 98 66 56 56 56 99 90 122 99 95 57 98 102 57 100 102 95 97 70	455
16 52 52 97 68 67 70 66 55 122 69 49 65 100 51 122 102	44
14 57 99 55 65 49 102 70 52 53 66 120 95 122 57	9
9 56 101 120 69 49 51 122 102 98	8
21 53 88 70 102 88 100 97 55 54 102 88 52 67 54 102 68 70 56 54 55 56	5
15 51 66 48 67 66 49 102 50 69 70 100 95 101 48 54	3
3 48 120 99	12
11 51 53 120 57 97 90 100 101 65 66 88	35
10 57 57 101 68 102 57 90 53 98 99	99
14 51 49 95 90 102 49 102 122 70 53 57 66 66 68	31
14 54 54 70 100 88 56 97 51 120 54 68 102 66 49	66
8 53 99 97 100 53 49 51 57	5
22 56 102 102 65 66 52 120 69 101 67 56 98 120 67 57 49 90 122 48 48 65 53	8
13 57 49 95 55 53 90 100 66 56 66 88 67 54	91
9 50 102 54 122 120 55 70 95 90	2
23 52 55 53 95 50 95 56 55 102 70 57 97 53 67 57 67 122 55 120 102 90 88 51	475
3 50 90 102	2
11 51 100 55 101 49 120 56 55 51 98 48	3
6 49 49 70 65 48 120	11
24 53 66 54 68 65 101 70 57 52 70 97 55 54 55 55 51 88 99 53 102 65 65 101 55	5
23 45 69 120 99 52 49 55 67 97 67 90 52 90 66 66 122 57 52 57 56 55 102 66	0
19 48 90 65 122 97 100 99 57 88 95 56 66 97 68 51 70 102 56 48	0
14 49 48 88 65 101 57 53 49 100 56 49 53 52 95	10
17 55 98 98 51 68 100 99 120 97 56 49 54 52 101 66 54 57	7
13 57 122 95 56 69 102 52 98 122 54 54 55 67	9
4 45 50 95 70	18446744073709551614
17 45 98 65 102 99 101 55 49 95 65 102 100 70 52 65 55 57	0
9 45 98 100 97 98 101 95 56 66	0
7 53 65 100 99 97 88 48	5
5 55 100 57 88 101	7
12 54 100 88 98 70 68 99 67 70 97 66 68	6
16 45 98 88 101 101 102 54 57 88 88 97 67 95 48 56 99	0
8 45 120 67 70 51 55 65 69	0
22 55 49 90 90 122 69 55 100 52 49 102 70 54 49 57 95 99 65 68 67 90 98	71
5 50 56 49 70 69	281
7 53 67 50 68 97 122 95	5
25 45 50 49 52 101 49 51 101 122 51 70 53 48 66 70 70 100 122 52 120 90 67 66 97 70	18446744073709551402
4 55 57 98 88	79
23 55 99 66 120 55 65 101 65 52 52 67 67 67 54 57 51 65 54 101 101 98 88 56	7
6 45 99 100 100 66 90	0
12 53 120 102 98 56 99 56 97 98 102 56 100	5
3 56 101 56	8
18 52 98 122 65 88 56 48 95 122 52 51 120 99 98 69 88 57 49	4
21 49 97 55 99 90 49 102 57 53 101 70 67 101 68 50 48 56 97 51 99 65	1
11 51 48 97 56 70 100 95 120 100 52 95	30
6 49 66 98 65 54 68	1
22 51 51 99 66 48 99 66 67 102 98 67 100 68 70 95 48 67 97 65 51 97 51	33
9 52 66 53 97 66 56 53 66 52	4
19 53 52 49 49 56 97 88 50 65 55 69 49 66 101 122 55 50 90 67	54118
15 56 100 99 48 68 120 66 97 120 51 65 68 88 56 122	8
20 48 122 52 102 50 57 88 54 68 120 48 50 98 48 120 101 69 56 50 54	0
22 48 70 99 101 98 69 102 54 88 51 48 95 50 48 97 57 98 88 99 122 68 70	0
4 45 88 102 68	0
1 57	9
10 56 120 122 49 101 55 67 55 54 66	8
23 56 53 53 120 120 48 120 69 57 69 101 50 53 95 50 70 70 55 52 122 95 49 99	855
17 57 65 50 50 49 95 100 101 68 50 56 120 67 100 98 50 97	9
17 51 101 122 56 99 98 69 99 100 49 102 102 90 70 68 54 57	3
12 57 68 95 70 66 51 48 65 52 120 88 54	9
14 52 65 65 52 88 65 122 98 49 102 101 66 120 68	4
17 49 68 48 52 101 98 52 57 102 90 122 49 55 65 52 50 88	1
23 56 102 95 48 70 122 65 49 122 55 100 51 90 120 53 57 95 51 122 99 53 122 90	8
25 52 53 56 99 56 48 70 51 97 55 56 65 49 100 99 101 49 120 67 55 102 88 56 68 98	458
1 54	6
17 55 70 101 101 99 48 54 88 67 54 55 97 52 101 69 50 90	7
2 56 65	8
18 51 120 101 67 99 100 90 100 49 68 102 69 54 88 102 51 97 95	3
25 54 65 90 69 69 102 120 67 101 49 97 55 90 57 97 52 52 53 97 49 68 100 56 100 102	6
6 55 90 49 120 66 65	7
16 50 48 65 88 55 98 50 102 48 99 97 102 49 69 68 90	20
17 48 69 98 48 48 120 51 57 70 88 101 97 52 70 120 88 49	0
11 50 102 49 88 95 56 57 69 97 48 122	2
24 45 69 49 99 98 67 54 120 68 95 70 102 98 51 65 95 68 54 54 49 52 100 97 101	0
5 53 97 49 52 66	5
10 51 49 101 102 99 100 67 68 50 70	31
15 51 120 68 48 54 56 88 52 102 57 99 90 68 51 54	3
12 45 57 67 101 98 53 120 66 98 57 88 97	18446744073709551607
23 48 122 88 57 88 90 54 49 70 55 100 50 122 67 49 57 49 101 120 97 53 70 97	0
4 53 53 97 56	55
9 54 54 56 100 49 88 97 66 57	668
10 52 51 51 50 57 50 100 69 52 51	433292
1 50	2
1 51	3
18 57 51 65 65 70 90 98 65 49 57 120 101 70 95 120 97 70 120	93
18 56 102 65 48 67 67 51 67 70 122 99 120 69 99 65 90 122 70	8
15 48 99 57 88 102 65 101 65 98 54 102 90 122 98 95	0
7 54 88 53 98 68 95 66	6
18 55 95 65 122 70 95 101 98 68 65 100 53 90 55 49 95 68 69	7
1 48	0
14 56 97 101 88 101 69 53 48 49 95 66 99 70 97	8
9 52 50 120 51 69 69 69 98 57	42
22 55 98 48 66 99 69 102 48 69 98 65 56 48 56 100 51 69 69 98 120 48 57	7
16 56 49 53 88 53 66 53 88 55 88 48 66 50 54 120 52	815
4 53 56 120 122	58
16 56 65 49 120 67 66 56 68 53 68 99 95 70 55 54 98	8
11 56 100 68 88 54 52 48 66 52 122 50	8
18 45 100 88 48 51 102 101 88 69 98 122 51 97 50 66 68 122 70	0
2 52 57	49
11 50 57 120 95 98 97 50 122 95 55 67	29
2 56 68	8
21 53 54 70 68 69 102 99 122 95 122 68 65 55 100 56 49 102 102 97 101 99	56
5 45 120 50 97 50	0
25 48 67 99 50 68 65 51 66 66 101 48 70 101 69 52 102 122 99 66 66 95 56 95 102 122	0
4 57 90 49 99	9
19 51 90 102 51 56 120 88 55 69 56 90 54 56 102 120 67 49 65 120	3
13 55 69 51 102 56 101 65 52 98 88 54 49 66	7
9 45 55 49 101 53 97 49 65 120	18446744073709551545
1 54	6
14 49 99 53 120 95 49 65 122 99 53 98 68 65 98	1
11 55 54 66 54 48 57 97 69 54 99 120	76
17 55 95 69 68 70 98 97 100 70 66 99 65 53 97 54 49 49	7
13 53 49 52 66 65 67 51 88 120 122 98 51 50	514
7 53 101 54 122 57 55 51	5
19 49 102 68 69 99 101 49 68 49 99 48 102 48 97 95 97 50 53 95	1
16 53 50 90 56 49 57 53 90 102 66 54 88 54 53 49 57	52
4 54 97 57 57	6
3 50 57 97	29
22 50 57 54 69 68 52 67 50 56 57 100 122 53 54 122 98 100 69 57 100 70 49	296
16 55 65 99 53 55 52 54 67 102 90 70 90 52 68 102 101	7
21 57 70 97 101 51 97 55 101 95 88 65 100 69 97 122 68 53 99 100 50 120	9
12 56 48 48 52 95 120 88 102 122 102 98 102	8004
21 51 51 49 90 98 52 122 88 53 48 102 70 122 95 48 49 57 48 120 122 67	331
3 48 66 49	0
24 51 55 101 98 101 122 95 101 50 69 49 49 56 51 102 68 95 120 122 88 55 90 50 54	37
4 57 56 95 66	98
15 48 49 102 51 52 122 57 101 49 54 52 95 49 54 98	1
24 57 56 99 99 120 51 56 90 90 88 50 55 90 54 69 122 70 49 48 52 97 88 99 57	98
7 53 66 51 49 95 51 120	5
2 48 101	0
25 52 67 50 70 99 88 90 50 122 100 99 70 48 90 98 66 50 51 122 67 54 49 51 52 56	4
6 56 69 56 56 98 68	8
5 49 53 49 65 122	151
10 56 52 51 101 55 102 67 70 101 56	843
19 56 100 49 98 101 53 102 49 49 66 68 97 70 90 50 120 50 67 68	8
4 53 69 69 65	5
11 56 52 57 97 120 52 54 56 122 57 52	849
24 48 48 100 52 90 48 97 52 56 69 51 48 97 70 54 101 66 65 50 48 57 55 65 101	0
18 48 48 100 50 52 54 48 88 57 65 48 98 68 53 95 69 69 97	0
24 51 101 97 102 48 65 54 48 48 57 120 98 50 65 68 97 56 54 57 48 57 51 55 67	3
13 51 69 67 98 90 95 55 101 54 122 90 56 88	3
4 55 69 53 67	7
15 53 67 56 97 52 52 88 120 67 57 100 53 97 99 90	5
8 57 66 102 57 70 68 99 102	9
1 45	0
12 56 88 51 65 53 48 52 65 68 88 65 70	8
4 48 88 99 55	199
11 52 100 120 95 102 70 66 95 88 70 88	4
21 51 98 49 68 101 122 68 120 90 55 51 100 56 53 122 49 66 98 56 68 51	3
6 45 57 122 68 49 52	18446744073709551607
6 56 70 68 51 95 48	8
4 50 69 51 67	2
2 55 56	78
1 45	0
25 48 102 49 53 99 95 55 120 65 49 50 99 57 48 95 70 55 120 68 95 70 53 54 65 67	0
23 48 51 99 67 67 68 122 66 67 102 102 101 50 101 98 88 66 100 49 122 122 68 52	3
11 48 67 97 122 50 100 56 55 122 53 100	0
19 57 54 65 70 88 100 66 67 57 122 97 95 102 70 56 51 53 98 51	96
17 54 53 55 54 95 122 98 97 55 53 67 101 48 53 53 54 51	6576
4 48 50 90 88	2
23 54 49 54 90 120 54 53 88 54 53 67 65 51 57 101 57 100 66 99 70 88 97 50	616
20 55 68 55 55 68 53 100 51 49 67 99 50 122 52 97 53 57 52 97 67	7
24 52 69 52 95 69 52 122 49 55 67 53 122 57 88 52 95 100 122 56 48 120 88 120 97	4
18 55 56 56 52 70 97 48 69 120 95 54 120 70 102 68 53 70 100	7884
18 48 88 65 101 55 102 52 122 90 100 101 98 90 51 56 102 48 70	714740
18 53 52 50 99 98 99 68 56 88 70 97 101 52 55 57 101 99 68	542
19 57 70 67 100 100 54 65 65 69 120 100 52 54 66 67 88 97 97 53	9
1 54	6
16 54 98 48 50 120 51 50 88 69 69 102 102 90 95 52 54	6
22 53 120 55 55 97 122 68 52 99 52 88 98 67 69 55 70 53 69 54 49 99 66	5
19 52 102 97 99 102 101 100 70 51 69 98 100 98 95 55 97 101 52 88	4
1 48	0
14 56 98 99 95 102 122 88 50 50 54 48 68 54 122	8
21 52 120 88 49 48 50 52 51 95 100 102 101 50 53 68 90 68 97 100 67 101	4
1 55	7
14 56 55 48 120 49 53 70 69 97 70 98 56 68 49	870
8 49 88 95 57 67 122 100 120	1
7 55 56 56 102 69 51 98	788
1 54	6
19 57 49 90 57 100 70 65 90 102 53 95 88 53 68 49 57 97 97 97	91
22 50 100 54 51 99 90 49 95 48 120 56 65 52 101 90 70 65 122 54 66 52 69	2
23 55 99 52 54 68 53 120 56 88 66 51 53 122 54 52 100 52 99 69 68 51 120 66	7
15 57 101 70 101 57 48 68 99 57 98 98 70 57 100 100	9
25 52 57 68 68 57 95 98 48 97 122 102 54 88 90 95 90 68 68 90 98 49 101 101 68 55	49
8 52 70 102 48 65 101 70 99	4
12 57 97 69 68 52 49 57 55 90 50 54 48	9
23 57 98 57 95 69 98 50 57 55 90 69 95 69 54 90 101 95 52 98 66 70 101 101	9
23 57 95 88 50 99 68 122 102 48 122 95 90 120 65 51 49 48 55 51 48 65 122 101	9
23 54 102 53 53 99 69 48 90 97 101 53 54 100 67 65 67 90 68 100 55 98 51 95	6
10 57 54 88 65 55 100 53 65 99 98	96
6 57 69 102 122 66 54	9
20 55 98 102 48 49 98 97 66 53 101 65 67 54 52 102 57 97 68 68 48	7
16 48 99 67 53 55 56 54 56 56 69 101 122 57 54 69 56	0
10 53 99 122 67 122 102 95 49 51 54	5
6 54 57 88 67 52 100	69
16 57 51 90 49 95 95 48 90 55 57 56 122 120 66 120 99	93
14 51 66 88 49 52 55 55 50 98 68 56 99 122 102	3
4 51 52 66 90	34
8 55 122 101 50 88 48 69 50	7
24 51 48 51 49 120 55 55 50 88 65 52 100 52 53 50 53 66 50 51 102 66 100 55 54	3031
12 53 57 53 101 55 98 95 95 95 56 88 95	595
11 57 66 57 102 70 120 66 50 50 51 90	9
24 56 68 88 57 49 65 52 66 55 102 48 65 88 66 102 95 56 70 50 99 101 70 48 102	8
5 49 67 98 67 120	1
15 57 51 56 68 70 95 57 57 102 48 99 52 56 66 65	938
25 49 120 52 98 70 88 51 54 57 120 99 70 56 90 90 120 69 57 95 102 53 69 67 122 50	1
20 45 69 90 68 68 99 54 90 54 49 49 48 67 70 66 51 90 66 95 56	0
22 57 102 50 68 122 53 57 97 55 67 100 66 90 57 102 54 66 51 70 54 54 51	9
25 54 49 99 99 120 95 99 100 50 102 99 54 52 100 69 98 67 122 67 100 97 55 100 68 97	61
20 49 67 100 122 98 99 49 88 66 53 66 55 70 99 55 55 98 51 48 122	1
25 52 51 53 66 120 56 69 52 97 54 101 102 88 95 97 53 66 70 99 52 54 66 49 65 90	435
23 51 88 120 120 66 67 70 66 98 98 88 97 55 100 51 49 95 100 66 52 51 99 120	3
1 49	1
21 53 57 52 56 57 120 54 51 88 100 97 57 88 49 56 54 53 55 99 95 52	59489
20 50 102 122 90 98 69 54 95 90 120 100 97 56 101 68 95 56 54 120 101	2
8 51 48 53 97 48 97 95 95	305
9 55 88 65 65 55 90 99 100 97	7
5 45 88 55 70 68	0
2 51 65	3
13 48 66 99 120 49 48 95 120 100 97 49 48 55	0
18 52 50 54 98 122 102 120 55 56 54 70 56 70 56 66 66 51 100	426
6 53 95 70 97 67 48	5
12 49 101 95 66 55 122 50 90 66 99 66 54	1
2 57 50	92
8 51 95 55 88 66 50 53 57	3
18 51 69 65 120 100 56 88 57 66 97 122 51 49 101 97 65 53 69	3
8 48 69 120 67 98 54 68 53	0
24 51 55 53 99 70 53 100 67 122 100 54 49 70 95 56 122 49 53 52 57 101 50 68 70	375
11 52 54 48 66 101 57 70 101 50 48 51	460
15 54 97 88 90 70 53 67 48 70 52 54 101 52 65 56	6
11 52 54 57 50 120 57 48 54 57 100 55	4692
17 55 100 53 48 101 101 52 98 88 57 95 57 120 88 100 54 69	7
25 50 48 70 65 88 54 56 102 102 100 100 52 70 57 99 97 101 65 95 99 69 97 70 90 122	20
3 52 69 69	4
1 56	8
3 49 101 49	1
10 45 54 95 57 56 120 97 95 97 55	18446744073709551610
9 51 51 65 101 65 98 99 51 51	33
19 55 95 52 122 120 56 122 95 65 54 70 122 88 49 69 69 51 100 56	7
10 50 65 68 68 52 53 56 69 100 68	2
11 57 54 52 52 102 51 54 55 50 48 53	9644
3 45 102 68	0
21 57 52 53 67 57 57 65 52 98 70 70 57 100 49 54 50 65 50 101 65 90	945
17 55 49 122 57 122 51 51 90 49 53 99 65 55 48 101 102 69	71
15 49 55 52 68 100 70 50 57 70 55 56 97 95 48 53	174
6 55 53 99 67 50 50	75
3 50 95 88	2
3 45 48 49	18446744073709551615
4 52 99 48 48	4
7 55 65 70 51 120 48 69	7
5 55 68 122 120 88	7
8 57 52 57 122 55 101 67 99	949
24 54 90 67 69 100 57 68 57 100 53 102 49 102 66 68 99 50 97 69 69 99 66 57 53	6
8 45 70 102 55 52 52 54 120	0
12 50 98 50 122 52 90 48 102 55 101 53 102	2
13 48 48 53 95 66 65 56 54 69 55 57 122 98	5
5 53 52 99 48 101	54
22 52 68 55 68 100 68 100 67 68 48 57 52 88 120 95 70 70 57 70 49 54 55	4
3 55 65 56	7
19 56 51 70 98 57 55 90 70 100 57 101 55 100 90 65 90 51 65 53	83
20 57 57 68 88 57 54 68 52 99 90 120 49 48 54 98 57 95 88 70 67	99
7 57 90 55 90 54 101 53	9
20 57 56 88 66 99 120 69 90 100 54 102 100 90 65 55 90 88 67 102 69	98
18 49 53 55 56 66 51 97 122 65 49 95 88 50 100 56 100 55 102	1578
25 56 88 97 97 65 98 120 101 97 102 48 122 56 99 88 49 120 54 55 51 100 67 67 88 51	8
6 50 102 50 48 101 102	2
25 56 67 56 56 66 120 50 67 97 54 57 100 56 55 69 51 68 52 65 68 51 56 98 102 53	8
23 48 68 99 88 48 70 52 53 97 102 53 99 48 53 98 48 55 88 55 66 90 95 56	0
19 51 120 120 100 102 69 102 97 100 49 49 97 55 49 66 90 51 51 66	3
10 50 88 90 68 88 100 100 50 122 66	2
20 52 120 101 66 65 70 101 101 120 57 56 68 50 68 67 50 97 67 100 51	4
2 48 70	0
20 56 99 56 50 95 70 99 98 55 68 57 56 100 65 90 52 100 53 48 90	8
22 53 99 50 50 97 70 120 67 68 55 99 120 57 52 69 65 57 69 55 68 100 49	5
9 53 69 95 120 97 54 88 49 56	5
9 45 101 120 95 95 97 98 97 122	0
14 48 122 98 51 53 69 102 57 90 69 50 53 54 90	0
16 55 57 70 102 99 65 68 65 70 48 55 51 54 120 101 51	79
4 55 48 57 90	709
5 48 67 97 88 70	0
5 53 90 50 53 51	5
10 54 120 52 101 88 70 57 57 70 68	6
24 54 99 68 99 50 55 120 65 65 52 57 68 56 98 51 97 57 99 122 65 56 69 53 70	6
11 51 56 99 101 120 100 65 99 98 53 122	38
19 51 100 98 67 55 98 120 67 66 66 100 68 88 98 99 100 67 54 100	3
4 50 88 122 52	2
10 53 88 50 69 48 67 67 50 120 54	5
5 51 90 100 66 122	3
9 49 68 51 68 101 90 70 97 70	1
12 54 100 102 53 101 56 69 100 99 66 67 99	6
16 48 48 57 95 102 99 51 57 65 95 97 67 120 66 48 120	0
9 57 102 99 68 97 50 48 97 98	9
10 48 66 52 98 56 51 67 66 68 69	0
10 54 53 101 67 50 70 95 100 70 70	65
11 54 54 102 53 99 102 70 57 57 53 68	66
10 53 69 90 52 88 88 88 50 55 102	5
21 57 48 52 100 100 67 66 68 55 100 68 68 65 99 97 48 54 120 67 68 50	904
7 51 99 102 97 70 66 65	3
18 50 95 101 50 54 66 100 100 65 101 67 68 120 68 100 101 101 98	2
24 56 69 88 65 52 68 56 88 48 52 100 97 54 100 66 67 55 51 57 70 48 49 120 48	8
11 56 100 90 66 66 88 50 90 90 98 54	8
22 54 69 120 70 95 120 90 70 51 101 57 120 102 54 122 55 98 55 52 57 98 55	6
14 48 70 88 55 98 52 50 66 122 52 57 51 120 101	0
8 48 48 122 68 55 68 51 53	0
15 55 54 122 122 101 69 88 120 55 57 99 101 101 101 101	76
9 56 57 100 68 48 98 98 57 120	89
14 54 69 90 102 57 102 65 65 48 53 54 70 66 55	6
24 53 90 69 49 57 57 100 48 57 120 51 69 56 95 90 53 98 68 66 49 54 57 68 120	5
6 56 95 52 53 100 52	8
7 52 67 100 57 68 101 98	4
3 54 95 97	6
4 54 68 68 95	6
12 56 53 98 67 65 56 57 90 48 70 120 122	85
18 50 65 100 99 56 122 100 50 90 65 102 54 120 69 67 65 120 101	2
1 55	7
11 50 52 56 67 99 95 65 48 90 120 51	248
16 49 65 56 49 55 70 99 48 95 70 98 102 53 54 88 88	1
5 56 67 55 67 122	8
19 53 70 68 49 102 100 69 122 99 98 100 65 98 101 67 66 99 98 101	5
6 53 52 49 51 53 69	54135
1 49	1
4 45 66 51 48	0
3 55 51 99	73
10 55 88 55 48 56 57 56 70 56 55	7
21 49 98 70 70 95 48 50 70 65 101 102 50 102 70 51 50 100 49 120 57 49	1
11 52 51 55 97 122 122 69 88 95 122 101	437
22 50 120 55 101 98 57 67 88 101 90 69 102 67 69 68 99 102 122 48 90 70 70	2
9 50 68 102 57 120 88 122 57 68	2
6 55 102 56 122 53 101	7
6 48 101 88 98 51 122	0
8 51 68 66 65 55 70 53 122	3
22 54 48 54 50 49 95 65 120 101 120 68 65 90 57 69 95 101 97 57 90 56 102	60621
3 53 100 48	5
22 52 122 88 67 55 102 68 122 70 90 55 95 56 99 98 68 52 51 52 53 57 48	4
3 56 56 95	88
3 51 102 120	3
25 57 69 55 66 99 120 97 54 99 65 50 67 55 67 102 48 69 49 51 69 99 65 90 95 48	9
15 55 100 98 55 55 98 120 88 53 70 88 70 68 48 51	7
18 50 99 51 50 100 57 57 49 54 97 53 122 101 69 51 54 69 97	2
21 55 99 55 66 90 53 65 49 65 97 50 56 56 102 67 56 66 122 122 102 99	7
13 52 70 49 52 120 99 69 53 57 57 99 48 97	4
14 57 51 95 48 51 99 102 50 49 88 48 54 102 88	93
14 57 54 97 99 68 100 53 122 56 57 101 98 122 98	96
1 56	8
12 45 52 68 57 50 90 54 68 48 120 57 66	18446744073709551612
9 50 98 57 56 95 56 100 90 49	2
24 48 95 69 69 98 70 88 68 54 57 50 99 90 56 50 70 97 68 98 88 90 120 101 99	0
17 48 53 53 54 51 122 55 98 53 52 48 120 51 98 53 102 56	2931
12 54 49 122 54 52 97 95 67 53 100 69 51	61
1 49	1
22 50 49 48 65 54 53 99 65 54 99 65 101 56 98 97 55 122 48 68 101 67 54	210
15 52 67 99 49 68 120 66 54 99 99 56 57 69 88 55	4
16 48 95 66 69 101 101 66 68 50 50 90 68 52 70 69 102	0
21 50 95 101 54 95 53 122 88 95 53 67 68 51 102 95 51 66 95 56 88 98	2
15 51 98 49 88 101 52 51 53 50 53 69 55 70 120 120	3
3 52 54 66	46
22 53 120 48 69 120 95 100 95 98 50 102 56 99 52 49 70 98 122 49 68 55 122	5
2 56 55	87
25 54 54 99 55 120 55 102 120 50 67 48 49 50 51 51 69 48 99 68 57 95 120 49 90 67	66
13 51 98 100 56 53 57 88 56 88 48 68 57 120	3
24 49 95 48 67 57 95 99 50 52 100 100 66 99 48 88 54 66 120 101 52 54 56 66 122	1
11 55 67 54 52 95 49 66 102 49 99 99	7
15 54 99 88 54 70 100 68 50 99 98 120 70 68 66 120	6
16 52 97 101 67 66 69 57 120 122 48 90 95 88 90 52 102	4
24 51 48 120 101 99 68 54 65 120 98 67 122 90 57 101 102 68 122 98 99 88 120 95 101	30
5 45 69 120 102 88	0
14 55 102 50 120 101 120 65 67 57 68 70 95 66 88	7
8 56 49 56 102 51 54 98 69	818
22 57 122 54 66 70 98 54 66 54 68 55 67 122 53 95 53 69 122 68 95 67 56	9
9 51 120 69 120 53 55 54 51 69	3
23 55 101 122 53 53 69 70 54 51 52 56 66 65 68 90 56 70 88 98 95 88 102 54	7
18 52 68 53 98 51 54 122 52 97 90 51 70 51 69 120 65 68 55	4
9 53 68 99 98 100 52 49 54 67	5
6 48 48 88 122 95 54	0
11 51 56 49 120 65 48 57 88 101 53 100	381
7 50 49 70 69 102 50 66	21
17 53 97 98 97 55 69 65 69 70 102 69 99 57 48 65 48 55	5
5 57 66 95 65 122	9
3 49 97 50	1
9 52 120 70 65 102 90 102 49 55	4
9 50 54 54 67 122 66 53 54 66	266
19 54 101 56 102 102 99 100 51 88 69 65 67 101 53 102 54 55 97 100	6
20 52 65 51 67 99 99 54 56 122 101 66 100 101 48 52 88 97 122 54 100	4
1 53	5
6 55 49 95 55 66 98	71
17 53 52 69 57 88 101 55 52 48 97 102 102 66 51 65 70 120	54
6 49 49 66 95 68 67	11
14 49 48 57 95 69 66 101 54 50 48 102 69 69 67	109
4 51 98 69 53	3
16 48 48 97 52 69 66 70 120 52 65 66 56 68 70 49 100	0
25 48 56 50 122 66 57 101 68 98 48 100 70 53 48 120 95 70 50 55 53 98 67 66 120 102	0
23 49 122 57 66 52 101 65 101 98 52 65 66 97 95 66 57 101 48 52 67 55 99 102	1
8 53 50 101 120 95 95 88 99	52
20 56 54 48 55 56 49 100 102 97 57 120 122 67 55 122 53 102 97 54 56	860781
1 53	5
7 52 50 55 120 99 95 53	427
6 51 49 101 101 99 51	31
8 53 70 50 55 88 67 53 51	5
17 54 66 66 120 52 88 88 50 50 66 54 67 65 56 98 69 50	6
1 53	5
1 49	1
2 54 70	6
13 45 67 67 54 48 120 88 122 49 120 68 68 102	0
21 50 65 98 49 69 100 49 57 90 120 50 101 48 70 98 101 55 120 100 48 69	2
18 50 51 97 100 55 65 52 55 122 52 98 65 69 52 65 65 98 48	23
16 55 48 69 97 90 49 57 95 88 100 52 95 57 57 90 55	70
11 50 120 69 51 100 98 98 102 122 49 99	2
20 56 70 101 53 97 54 120 57 122 54 65 102 49 99 88 51 100 100 69 57	8
2 52 100	4
25 48 66 100 69 98 98 88 90 122 88 102 95 99 97 90 120 99 52 52 48 53 88 50 88 68	0
11 49 57 54 50 68 120 99 67 120 52 54	1962
12 52 56 100 69 102 67 52 88 98 65 88 57	48
18 48 90 66 95 56 52 53 70 100 100 48 56 101 56 68 120 53 69	0
6 49 98 122 102 67 53	1
19 52 97 48 51 100 51 120 56 95 57 98 55 52 97 100 52 57 56 52	4
16 56 95 95 88 50 122 122 57 66 90 69 51 97 54 48 67	8
18 50 67 98 98 57 57 57 52 57 101 100 98 57 97 52 65 99 52	2
6 56 95 65 50 57 54	8
14 54 52 66 67 48 95 88 98 52 99 50 98 90 122	64
17 45 120 56 52 122 52 100 53 56 68 98 101 65 97 102 48 88	0
24 52 99 67 99 122 54 65 122 52 49 67 49 68 70 51 55 56 55 69 54 95 55 88 100	4
24 45 98 68 51 122 67 120 90 57 56 55 55 90 100 49 97 102 101 65 99 100 102 69 69	0
10 52 67 88 68 88 70 122 122 97 51	4
23 53 49 49 57 50 98 53 101 98 102 50 68 56 57 97 95 65 68 97 99 99 70 49	51192
18 50 90 65 70 49 50 49 56 122 70 99 97 98 55 122 66 49 48	2
24 48 54 99 51 49 69 57 97 66 88 66 55 100 88 53 65 122 67 52 48 120 70 65 122	6
15 48 100 100 53 98 54 122 88 70 102 49 54 65 101 50	0
5 51 57 90 69 101	39
3 50 54 51	263
24 49 52 56 56 66 55 68 56 49 98 69 101 51 95 56 102 95 65 67 95 101 68 102 99	1488
5 51 55 98 69 100	37
6 50 102 56 70 69 100	2
21 53 69 122 95 120 55 122 52 102 122 56 95 100 122 57 99 66 51 65 70 70	5
8 49 70 69 69 120 65 66 97	1
19 55 56 98 98 120 49 69 88 70 100 50 65 69 70 55 68 50 120 70	78
9 53 55 66 67 99 49 50 102 69	57
2 55 57	79
9 55 53 98 50 48 90 54 70 51	75
3 57 52 99	94
4 52 100 100 67	4
1 49	1
21 57 53 122 99 88 49 66 99 57 56 120 99 56 99 120 88 53 120 48 49 88	95
2 48 101	0
25 55 49 120 99 65 66 122 69 88 68 48 122 68 102 57 102 68 99 52 56 49 54 57 99 99	71
9 53 50 52 120 101 66 51 51 69	524
19 49 101 66 65 122 70 54 69 66 101 120 67 101 99 49 48 90 70 95	1
15 57 122 66 49 66 57 98 51 102 99 69 122 51 57 55	9
8 50 100 122 95 95 70 122 101	2
2 54 88	6
11 53 65 100 98 70 102 69 67 50 65 55	5
18 57 49 68 95 97 120 100 97 51 67 67 67 101 70 100 53 98 67	91
19 55 48 99 100 100 122 48 48 55 102 70 90 53 66 68 50 65 98 52	70
4 56 49 69 120	81
9 56 51 88 65 68 70 48 49 51	83
10 54 97 69 70 55 97 122 68 120 65	6
8 49 97 56 99 88 122 68 56	1
18 50 88 67 53 120 100 97 57 88 69 97 52 54 97 67 65 50 99	2
22 48 99 90 98 100 67 88 57 88 65 100 99 98 122 55 70 99 101 102 66 69 65	0
19 45 100 99 52 122 97 52 51 95 120 57 68 122 70 99 65 48 66 97	0
10 49 51 68 120 65 65 98 70 98 100	13
10 55 102 53 100 55 100 49 54 97 67	7
2 57 55	97
12 57 95 50 90 122 54 70 56 68 122 98 57	9
25 48 101 69 68 100 99 56 57 70 66 88 122 97 98 48 56 54 88 98 122 57 88 56 54 122	0
1 52	4
14 57 100 99 65 54 95 50 99 53 52 120 120 99 51	9
21 54 51 66 100 57 65 88 95 122 69 52 65 102 48 53 95 101 90 102 88 68	63
22 52 97 90 99 98 70 98 100 55 98 57 68 52 102 51 101 97 100 50 54 88 55	4
2 48 57	0
12 51 65 102 99 99 57 56 55 69 67 70 51	3
10 50 68 102 54 99 100 70 120 54 66	2
13 56 49 55 68 68 99 100 101 122 67 69 53 70	817
14 57 98 49 98 65 67 69 101 55 69 52 97 101 50	9
19 49 54 55 88 97 57 97 68 48 95 97 57 55 65 97 120 70 68 51	167
3 54 68 56	6
3 51 70 95	3
17 54 95 120 88 56 100 66 65 52 90 97 65 56 95 120 51 49	6
17 55 49 66 54 55 101 90 57 65 49 54 68 101 56 49 48 70	71
15 57 53 120 67 49 53 49 65 67 90 90 68 90 100 90	95
3 50 101 48	2
24 54 122 55 49 70 95 95 122 99 70 101 100 102 56 99 90 88 56 100 53 56 95 95 48	6
6 57 50 67 65 95 56	92
21 51 49 50 53 101 69 101 66 70 98 68 102 56 49 120 67 101 120 52 68 98	3125
18 55 55 88 90 122 122 48 101 122 95 97 65 51 52 122 122 88 67	77
18 57 54 51 88 99 90 70 48 56 51 100 120 122 95 120 95 51 49	963
22 53 49 65 53 67 67 53 122 54 65 102 95 52 95 48 88 98 66 52 54 48 100	51
20 53 122 99 57 65 57 120 65 56 70 56 98 66 50 70 65 88 88 56 54	5
13 49 56 68 48 54 57 66 49 101 56 54 88 51	18
18 56 120 56 55 48 49 69 99 69 66 53 98 69 53 69 102 102 67	8
7 48 49 102 120 49 67 95	1
24 49 67 51 48 99 90 122 90 65 51 98 68 101 120 95 50 49 120 99 99 67 48 48 67	1
20 57 48 68 100 66 95 67 90 55 51 67 57 57 69 97 53 51 67 66 88	90
21 56 100 90 122 50 69 90 122 101 102 95 52 90 98 99 50 52 69 100 102 120	8
2 50 56	28
6 54 53 101 55 102 101	65
10 52 90 95 122 90 55 95 69 102 88	4
15 54 54 120 51 57 48 49 101 88 99 99 68 48 52 48	66
9 45 95 95 99 69 65 70 49 49	0
1 54	6
1 57	9
12 54 122 57 50 48 57 51 66 53 98 97 68	6
18 54 54 102 95 99 66 57 120 100 100 68 100 88 50 66 49 49 65	66
25 52 99 101 68 90 90 90 48 55 95 56 98 99 53 88 100 56 101 90 56 101 48 88 66 99	4
12 50 68 90 66 65 97 68 98 98 88 54 102	2
20 56 57 66 95 122 50 49 122 57 49 90 97 69 55 120 101 49 70 101 65	89
2 54 57	69
18 50 88 97 53 101 100 95 100 68 95 57 99 53 56 99 97 102 49	2
17 55 56 55 48 67 102 67 53 120 49 51 65 49 101 57 90 55	7870
11 52 54 69 98 90 52 65 67 70 97 65	46
13 45 51 53 66 67 50 65 66 49 101 48 65 56	18446744073709551581
3 53 66 57	5
20 54 48 69 70 57 67 88 55 97 69 88 102 102 99 102 102 97 122 66 122	60
3 56 95 55	8
11 54 68 100 49 99 50 51 52 51 120 88	6
24 54 99 57 97 69 54 98 101 68 88 98 51 66 68 56 69 65 100 54 66 122 102 51 70	6
10 55 122 66 49 99 120 70 48 50 97	7
20 54 49 67 52 55 99 88 67 50 97 122 48 101 48 50 67 102 98 49 69	61
12 45 99 69 99 99 98 54 48 49 95 51 122	0
18 53 56 120 101 122 57 120 99 90 120 101 56 88 55 122 54 69 95	58
14 51 122 55 102 97 95 53 120 70 100 68 66 88 69	3
11 57 52 50 52 55 120 68 99 69 56 55	94247
5 54 50 101 120 98	62
5 51 53 51 120 69	353
11 49 49 54 57 54 53 90 51 51 52 51	116965
6 56 101 69 68 53 69	8
14 50 101 68 88 49 66 102 51 70 68 49 70 98 51	2
1 48	0
23 48 98 69 68 97 95 120 57 68 70 120 95 57 54 53 95 95 68 57 68 54 67 70	0
25 54 53 67 90 48 52 67 50 90 120 57 122 57 90 57 52 53 51 55 100 69 70 120 54 55	65
17 55 56 48 54 99 50 99 95 52 66 102 50 101 51 67 52 67	7806
6 53 69 67 54 53 120	5
22 51 66 95 66 102 54 49 101 99 95 52 65 122 48 54 54 49 122 88 102 99 55	3
17 55 52 90 95 52 120 102 98 68 56 65 56 120 68 54 122 56	74
10 49 57 52 68 97 55 69 70 69 53	194
25 55 50 70 68 51 120 100 54 55 50 54 57 100 68 100 57 66 55 122 120 49 68 51 70 53	72
16 50 100 95 69 57 122 67 51 90 100 55 90 53 97 97 57	2
8 51 98 90 68 54 57 51 57	3
3 56 57 54	896
11 48 66 56 48 56 69 99 65 95 98 90	0
22 51 69 52 98 90 88 56 70 57 100 57 122 52 55 51 100 122 67 68 55 120 102	3
12 57 57 67 88 100 50 70 55 57 102 100 54	99
15 48 99 49 53 98 100 51 49 97 101 65 49 66 57 56	0
9 54 53 65 68 50 90 49 95 65	65
1 55	7
1 56	8
21 56 67 102 54 67 68 68 69 57 68 69 97 51 57 70 55 52 102 88 122 98	8
16 48 51 65 102 99 69 68 57 102 65 53 49 53 68 101 56	3
15 51 122 100 66 57 100 52 95 98 95 68 99 67 56 69	3
14 45 54 120 67 54 48 49 68 51 90 52 122 56 54	18446744073709551610
19 48 57 122 51 70 55 48 95 102 120 100 67 100 53 70 65 49 69 66	0
11 50 102 50 70 51 65 56 67 49 56 122	2
16 51 50 50 102 95 52 98 56 99 54 88 57 65 95 56 88	322
9 52 69 95 65 49 56 55 50 122	4
24 55 97 65 52 67 52 55 99 51 56 69 56 90 97 99 68 69 49 102 50 52 95 56 48	7
1 53	5
19 48 90 98 68 69 120 69 50 68 56 56 99 88 120 102 68 67 53 98	0
13 48 56 68 95 67 100 99 102 54 68 120 68 90	0
16 50 48 51 51 50 66 90 51 52 57 49 90 66 99 102 65	20332
14 45 54 101 122 57 67 98 120 49 52 67 90 97 51	18446744073709551610
12 45 67 48 51 53 48 48 54 90 54 120 50	0
1 57	9
9 52 68 95 52 56 120 100 98 90	4
21 49 98 56 49 68 49 102 69 56 70 57 70 50 49 55 100 57 99 49 52 57	1
4 48 54 65 49	6
16 52 57 48 49 102 101 99 120 57 51 55 70 122 50 55 53	4901
11 51 101 69 57 120 97 122 88 99 102 102	3
17 54 100 53 88 55 57 122 56 90 65 101 97 52 69 66 54 55	6
24 53 100 69 54 65 70 56 69 90 95 51 100 67 66 50 95 98 49 120 51 98 68 48 88	5
19 48 53 49 98 100 69 97 65 52 101 98 97 52 102 50 57 99 65 65	41
10 52 52 57 67 70 57 70 122 97 99	449
19 55 48 88 69 55 54 57 88 65 54 48 53 55 97 95 98 99 68 53	70
21 52 70 57 65 69 52 122 67 90 52 65 54 122 57 54 55 95 97 102 53 88	4
17 52 68 53 52 99 68 68 101 51 53 52 100 99 88 57 90 48	4
19 52 70 102 97 51 100 66 67 95 52 48 122 68 99 54 50 102 88 54	4
10 48 48 69 122 70 50 56 101 97 48	0
15 57 97 101 99 49 100 100 100 120 53 50 66 99 54 120	9
8 53 57 68 49 69 69 51 97	59
4 55 48 52 90	704
23 45 68 102 101 51 95 52 97 50 70 51 53 48 55 56 99 53 53 65 69 51 101 56	0
5 57 48 67 68 70	90
12 56 69 122 120 65 66 49 67 55 48 54 54	8
5 51 90 120 68 54	3
3 52 122 120	4
15 45 66 98 98 48 55 97 69 102 88 100 51 101 68 53	0
15 52 53 101 67 98 52 88 67 97 52 50 66 56 95 99	45
19 49 95 53 101 88 57 122 56 88 70 69 90 120 95 100 68 99 49 51	1
12 50 49 67 56 98 51 48 66 54 56 99 90	21
21 56 122 66 56 122 99 122 57 52 97 48 57 98 51 57 70 97 56 68 50 100	8
20 57 57 68 52 68 57 99 70 99 56 54 68 90 99 102 97 52 57 53 88	99
2 51 90	3
8 49 55 56 99 101 102 98 95	178
22 52 53 88 102 68 102 95 52 57 88 51 51 70 68 48 48 52 49 56 66 65 70	45
22 49 56 88 51 88 55 56 100 102 120 48 51 56 52 100 54 66 57 88 120 56 56	18
11 51 49 95 56 50 67 90 54 98 50 66	31
20 48 97 100 68 97 68 57 51 88 97 54 52 100 48 55 51 68 88 48 90	0
21 55 49 55 122 88 122 49 67 102 88 69 65 56 65 99 54 97 65 56 69 95	717
12 51 122 49 54 50 99 69 54 102 69 102 69	3
25 45 69 102 69 102 49 70 120 50 69 122 90 66 50 101 90 53 57 102 67 67 69 98 122 122	0
16 54 90 49 98 88 57 100 48 66 66 52 57 67 53 102 120	6
9 53 102 65 68 90 52 56 122 66	5
6 51 122 88 57 122 51	3
17 54 65 100 70 52 49 67 53 101 54 98 57 95 100 102 66 49	6
13 52 67 99 70 88 67 51 122 65 56 98 53 52	4
24 45 49 55 122 120 102 122 95 51 66 49 120 98 122 120 51 55 69 67 68 53 65 98 66	18446744073709551599
10 51 57 122 67 65 50 52 54 99 50	39
1 45	0
1 57	9
9 54 122 56 49 69 99 100 56 122	6
8 56 122 101 49 102 90 101 55	8
20 51 68 67 65 97 57 56 67 65 56 50 50 50 50 52 65 69 50 50 98	3
10 54 51 97 49 68 55 98 97 65 69	63
6 54 50 56 102 55 70	628
4 54 88 88 90	6
9 57 102 88 56 57 53 98 88 90	9
9 45 69 99 53 50 66 48 100 49	0
6 56 68 67 69 49 98	8
19 50 98 51 50 48 56 48 53 88 90 95 50 70 66 100 54 88 56 48	2
12 57 52 98 99 95 65 97 52 70 100 49 66	94
21 50 102 54 66 70 48 101 65 122 95 53 56 101 97 53 66 67 120 50 122 51	2
10 48 70 53 69 95 88 65 57 55 90	0
20 51 90 53 49 52 49 98 53 48 52 49 100 88 56 51 51 68 50 102 68	3
3 57 98 49	9
5 52 54 120 57 67	46
15 53 54 102 120 57 57 51 54 55 49 99 52 95 54 67	56
8 57 68 90 54 54 50 65 95	9
7 48 67 67 66 55 101 53	0
2 49 49	11
2 45 49	18446744073709551615
8 53 57 50 68 70 54 69 122	592
7 51 122 122 50 99 98 49	3
25 51 48 51 55 68 97 65 97 68 122 54 97 98 100 88 54 67 99 90 90 70 99 90 69 102	3037
20 54 90 53 52 48 70 53 95 67 68 48 49 67 69 48 120 53 67 48 99	6
6 57 50 98 102 48 95	92
25 57 102 51 88 101 101 55 53 67 98 90 68 99 65 57 88 54 98 53 97 51 95 52 102 95	9
22 51 53 99 122 90 102 48 54 98 120 95 50 55 68 99 54 48 57 120 88 52 50	35
18 50 69 52 70 88 90 69 66 57 56 50 57 101 70 67 49 102 55	2
6 52 53 52 66 95 67	454
5 52 48 70 67 120	40
22 45 51 95 51 95 67 52 56 53 95 55 52 122 102 67 99 95 65 54 88 48 90	18446744073709551613
17 57 97 120 65 66 70 53 100 52 49 97 97 120 95 56 99 95	9
17 55 57 100 102 49 49 88 51 52 55 99 90 66 57 97 95 102	79
21 48 50 97 48 88 90 122 53 51 99 100 52 66 100 50 51 52 122 90 50 50	2
22 48 99 51 101 100 51 49 70 122 49 122 50 52 53 101 55 120 90 57 55 67 100	0
2 51 97	3
3 55 68 70	7
13 49 51 50 52 55 50 66 65 55 48 98 95 54	132472
13 45 56 120 65 98 68 100 50 90 68 50 120 97	18446744073709551608
19 57 54 66 90 122 70 68 97 55 122 67 51 99 66 120 48 66 100 120	96
10 49 67 90 49 102 90 57 90 120 102	1
10 50 54 88 52 49 97 48 53 69 90	26
17 56 69 53 100 53 51 70 54 70 90 97 57 48 49 51 56 66	8
21 52 68 90 54 70 120 90 67 56 102 52 90 68 65 99 53 67 88 50 122 56	4
18 55 101 100 56 95 69 95 120 50 53 102 102 122 51 99 66 69 100	7
7 56 90 95 66 68 66 70	8
5 52 56 98 53 54	48
16 54 98 90 53 90 65 56 68 98 97 68 97 88 70 49 55	6
25 57 101 97 53 68 68 51 52 97 55 120 122 99 97 95 69 56 99 51 98 88 66 100 102 49	9
4 53 100 122 52	5
17 54 52 57 50 90 48 120 99 102 101 88 50 49 122 88 90 67	6492
12 49 95 53 120 122 50 55 95 50 98 97 51	1
7 56 97 51 65 68 67 50	8
14 54 57 101 102 69 69 100 100 54 50 68 120 102 49	69
16 49 57 50 68 50 53 48 49 102 65 88 120 67 50 102 95	192
10 51 51 57 54 102 66 48 49 88 98	3396
24 45 97 122 57 66 120 50 88 66 88 90 98 57 52 97 95 49 99 51 98 120 102 101 97	0
5 57 68 66 98 69	9
1 48	0
4 51 90 120 56	3
19 54 70 57 97 122 65 53 53 65 102 102 53 88 53 65 101 101 57 49	6
25 57 120 53 97 99 52 52 95 100 48 101 95 102 67 122 99 100 122 88 97 99 122 48 65 53	9
5 50 90 90 52 57	2
25 50 70 70 95 102 69 99 55 51 49 66 49 101 53 69 48 88 97 50 53 88 49 50 53 65	2
24 55 66 99 97 65 56 88 101 50 122 53 56 48 98 69 56 100 101 90 88 65 65 57 52	7
5 55 100 122 50 54	7
10 49 55 99 54 50 70 69 55 120 49	17
10 55 101 66 98 70 53 50 88 54 52	7
17 45 98 67 51 50 122 48 67 101 69 102 66 48 102 70 56 54	0
19 52 120 55 101 57 67 65 69 102 122 90 98 100 53 95 67 95 120 48	4
20 50 100 100 100 68 100 70 66 49 122 100 52 69 70 102 97 49 53 52 68	2
1 51	3
4 57 95 90 120	9
7 52 49 97 48 101 50 97	41
16 52 88 102 98 99 49 122 120 53 56 88 88 49 66 67 101	4
9 55 101 97 65 102 102 67 122 99	7
18 56 122 120 67 99 54 65 90 48 51 55 52 65 101 68 69 54 48	8
16 51 99 98 51 51 95 54 67 52 54 56 53 69 122 57 99	3
9 45 98 102 54 122 51 56 97 101	0
3 55 65 55	7
13 55 102 88 65 57 120 69 99 52 122 98 66 52	7
4 56 99 98 52	8
12 57 67 48 100 53 90 56 55 51 99 50 70	9
12 57 99 48 68 57 49 55 97 70 67 48 68	9
4 57 51 53 56	9358
14 56 98 49 90 69 54 57 122 57 69 98 122 69 95	8
18 54 99 53 65 69 57 49 101 53 53 54 88 120 101 97 56 66 99	6
6 54 98 95 98 120 88	6
4 56 100 100 100	8
13 51 48 53 66 49 122 88 65 69 52 57 54 99	305
10 45 99 48 49 65 67 97 65 68 102	0
8 51 67 52 67 52 52 68 95	3
1 55	7
24 55 122 98 56 48 51 68 51 65 120 90 49 95 88 50 95 95 51 90 120 70 52 56 90	7
5 57 53 56 101 56	958
7 52 98 67 54 51 67 69	4
21 52 50 90 100 50 50 90 102 56 68 99 55 67 56 51 53 57 99 70 52 68	42
3 49 67 52	1
15 52 101 68 51 95 50 98 70 120 122 97 68 99 122 101	4
12 50 98 102 97 100 66 53 67 88 101 50 57	2
13 56 52 95 57 69 69 66 100 100 49 49 56 69	84
4 45 56 53 51	18446744073709550763
5 55 101 88 65 98	7
10 53 66 52 52 65 69 66 97 49 95	5
14 56 52 69 68 90 52 95 50 97 54 88 56 70 68	84
25 56 122 69 90 122 102 68 52 100 56 50 95 120 53 97 88 69 49 88 120 95 95 69 65 102	8
12 54 49 52 100 53 50 57 49 99 98 52 95	614
16 57 49 54 56 54 68 57 70 53 102 120 67 54 102 55 49	91686
10 56 101 48 100 100 52 68 120 52 66	8
14 57 57 68 88 54 49 101 99 52 120 51 95 70 70	99
2 50 102	2
9 49 51 97 66 70 95 99 54 122	13
12 53 54 48 70 49 51 51 65 98 51 98 65	560
22 53 56 50 98 101 101 67 101 65 95 97 95 54 120 122 67 69 49 65 52 49 69	582
9 53 122 97 100 120 51 101 102 57	5
22 55 56 54 48 102 120 50 50 70 122 66 95 99 52 49 88 97 65 54 67 65 88	7860
3 55 66 101	7
22 57 66 101 95 100 101 50 65 54 101 56 53 67 88 49 100 53 66 48 52 49 70	9
12 45 120 120 120 97 49 66 69 56 65 48 51	0
16 54 101 100 95 101 90 56 68 102 100 68 55 68 50 54 51	6
19 45 98 53 68 54 53 102 88 122 68 88 100 88 56 51 66 50 101 102	0
23 54 66 122 67 102 53 52 65 65 55 88 99 55 55 57 48 120 120 69 98 51 55 102	6
14 45 68 99 67 95 90 101 95 102 97 95 52 50 54	0
3 56 50 65	82
18 54 48 122 52 99 97 56 57 101 54 120 56 98 70 56 100 57 48	60
21 54 99 120 99 70 65 52 100 120 88 52 54 57 66 98 68 100 98 102 56 98	6
10 45 95 68 88 57 50 99 70 95 53	0
1 53	5
11 57 69 99 122 52 67 101 101 100 66 88	9
16 50 49 70 51 55 67 53 55 54 49 66 68 67 57 67 88	21
8 55 52 69 66 69 95 100 49	74
20 49 48 56 56 95 97 50 49 53 100 100 98 65 101 51 88 69 56 54 52	1088
19 53 54 100 68 69 120 98 67 95 97 53 100 53 48 69 88 120 70 65	56
14 56 95 53 57 120 67 48 56 53 69 90 122 48 48	8
21 52 48 122 67 88 70 122 65 66 51 101 98 56 95 98 88 48 49 69 102 50	40
7 52 48 90 120 65 101 56	40
16 48 48 69 88 99 65 56 54 67 97 55 122 57 52 56 57	0
25 56 56 122 69 67 57 65 100 65 97 66 99 54 99 100 68 65 95 68 97 69 55 48 51 57	88
11 56 51 101 100 67 55 53 57 50 122 56	83
20 45 100 66 67 55 100 56 122 90 122 98 90 56 65 57 98 122 50 57 49	0
7 55 97 97 97 97 99 120	7
14 53 102 49 49 50 99 100 101 120 88 51 65 48 99	5
4 45 100 88 100	0
16 48 52 65 68 48 102 67 102 90 90 55 48 101 97 70 100	4
6 49 57 97 70 57 100	19
5 55 69 122 101 100	7
17 48 51 102 52 49 95 49 53 54 55 122 122 120 55 122 57 122	3
21 49 98 55 57 54 100 67 54 65 120 49 88 98 90 90 66 56 66 65 49 55	1
20 54 99 48 122 95 69 95 69 55 99 49 90 55 70 102 99 54 95 51 49	6
12 49 88 66 52 97 48 51 49 70 102 95 48	1
2 51 56	38
21 49 69 49 88 101 48 65 120 97 67 51 66 56 68 67 101 50 69 66 99 122	1
22 55 102 57 66 49 97 122 49 54 69 70 51 101 48 50 69 95 95 55 51 56 90	7
7 51 70 53 66 65 95 99	3
11 56 65 53 51 67 102 95 90 101 51 101	8
21 49 100 66 50 98 56 57 98 54 54 49 99 98 70 98 97 120 99 53 66 51	1
13 48 49 48 98 57 57 55 55 88 67 67 101 54	8
22 49 51 98 69 68 122 70 120 57 56 99 100 52 56 67 90 52 100 51 67 65 48	13
3 52 56 65	48
17 52 122 102 99 90 100 97 51 120 98 65 70 51 101 54 99 98	4
25 54 69 69 70 67 97 48 65 49 49 67 50 97 52 69 99 88 100 67 70 52 99 122 52 50	6
25 57 66 90 48 51 67 70 67 50 120 56 120 120 100 51 122 90 48 97 54 50 66 50 48 122	9
12 54 54 97 120 68 57 100 49 69 101 53 52	66
4 53 101 95 100	5
6 50 52 100 48 120 95	24
7 55 88 51 98 57 100 49	7
2 52 95	4
12 45 51 68 65 56 55 50 122 55 51 98 90	18446744073709551613
2 53 53	55
9 57 48 101 69 67 55 88 101 69	90
22 51 66 48 69 49 90 49 90 122 66 57 122 66 101 120 55 53 90 95 56 95 102	3
16 57 56 49 88 54 122 120 65 122 55 97 52 122 55 68 65	981
2 57 65	9
15 50 55 69 51 57 65 55 50 67 67 67 69 90 56 66	27
1 54	6
13 50 68 50 120 68 52 95 100 55 100 99 48 88	2
7 48 67 50 95 51 68 52	0
6 54 54 57 50 52 66	66924
1 48	0
14 57 51 99 50 102 56 53 90 55 48 66 68 53 68	93
3 51 69 48	3
5 57 67 122 65 67	9
8 53 99 95 122 98 70 66 100	5
23 57 67 97 101 55 56 97 65 98 54 67 69 102 97 100 102 52 100 98 48 56 99 122	9
6 49 98 68 122 95 69	1
17 52 56 90 55 49 120 56 55 52 120 65 55 122 97 97 67 57	48
6 50 52 90 48 68 90	24
7 45 69 51 68 70 122 70	0
4 53 100 54 90	5
20 48 102 120 88 90 56 52 120 67 57 70 102 120 55 68 95 70 48 57 49	0
7 50 70 49 88 95 57 49	2
24 54 88 70 51 53 68 51 57 66 54 99 68 69 67 69 102 53 90 99 102 52 100 99 55	6
22 51 66 102 99 122 97 68 98 53 49 49 100 97 99 95 66 48 65 97 53 55 56	3
22 45 120 68 97 120 101 98 49 90 120 95 101 55 65 51 69 50 88 98 52 66 57	0
12 52 68 49 95 98 98 65 68 65 101 56 69	4
15 51 50 51 52 99 53 56 48 54 68 49 98 51 51 68	3234
5 53 99 95 98 120	5
13 57 97 122 88 67 122 90 98 97 120 50 98 53	9
23 51 48 65 120 100 51 50 51 50 88 65 97 55 54 56 102 122 97 67 95 66 97 98	30
17 56 55 54 88 98 65 102 100 122 90 120 67 88 95 99 65 100	876
12 57 56 69 88 98 120 68 69 69 97 98 122	98
19 51 51 97 49 100 65 48 102 49 48 55 57 95 88 101 101 101 120 66	33
17 52 88 57 69 98 100 53 51 69 88 122 51 102 67 99 120 53	4
7 56 51 102 99 65 88 120	83
10 49 88 56 99 98 51 66 51 68 48	1
25 57 54 49 48 56 50 100 95 97 50 66 120 48 66 52 50 56 102 88 88 70 101 101 98 69	961082
22 57 57 98 102 70 66 52 95 95 120 52 120 95 122 88 101 54 120 51 98 70 48	99
4 48 95 53 49	0
16 51 97 55 49 50 69 97 88 57 56 95 120 102 69 88 54	3
15 57 95 120 99 99 48 120 49 101 69 95 68 52 69 97	9
23 57 101 53 54 98 95 90 51 54 97 68 68 90 69 98 66 69 88 90 102 102 120 99	9
4 49 120 102 95	1
16 51 67 57 120 55 101 95 48 50 56 67 69 51 54 69 97	3
13 56 98 88 122 90 66 57 100 51 95 102 102 49	8
16 48 56 54 50 55 51 52 90 98 88 95 48 68 90 48 54	0
11 45 102 95 54 88 69 69 57 49 90 101	0
3 45 100 100	0
11 57 70 52 102 51 56 49 66 55 66 70	9
12 56 95 67 100 100 67 100 67 55 66 120 101	8
6 49 102 120 49 70 90	1
2 53 97	5
15 50 65 98 49 90 50 66 88 101 51 101 100 57 57 50	2
13 48 69 48 69 90 57 57 56 66 54 100 54 97	0
9 51 52 69 67 120 57 122 54 99	34
8 50 65 101 102 100 90 101 122	2
12 48 51 100 52 55 120 101 55 55 97 88 97	3
16 52 50 51 70 66 54 122 70 56 52 120 90 51 101 67 57	423
4 49 100 65 55	1
23 50 97 122 122 66 54 98 55 122 67 88 51 52 70 95 98 102 95 99 99 90 55 68	2
1 56	8
19 57 88 57 100 66 102 50 95 99 55 99 69 69 50 97 90 55 65 57	9
10 48 100 57 56 98 95 65 67 88 70	0
16 51 122 55 98 48 97 102 100 65 99 55 54 65 122 67 56	3
11 49 48 66 101 54 69 100 49 97 52 90	10
25 49 95 88 50 122 48 66 68 102 122 120 90 70 66 56 52 70 70 67 52 68 48 55 55 51	1
8 54 52 100 90 101 122 88 51	64
16 51 54 55 101 67 57 67 53 101 70 52 88 88 54 65 67	367
8 51 49 101 65 97 54 55 57	31
12 48 51 56 97 122 90 50 101 88 120 100 51	3
11 50 51 70 52 88 56 69 54 48 95 90	23
24 57 70 97 55 120 65 54 98 55 55 54 97 97 56 49 55 120 56 55 68 98 52 88 70	9
3 54 95 54	6
10 52 57 52 50 68 122 97 53 120 97	4942
14 54 122 52 97 98 95 56 101 53 52 95 55 88 48	6
14 45 50 70 48 122 101 51 102 122 68 98 51 99 48	18446744073709551614
21 57 52 68 49 53 102 101 66 100 95 57 122 100 95 65 65 54 95 69 53 66	94
25 50 90 50 99 57 50 50 49 122 48 55 57 54 52 122 57 68 57 120 95 51 66 53 54 101	2
16 54 49 90 101 67 56 49 53 57 50 97 65 49 66 90 95	61
9 49 95 49 99 99 95 69 120 68	1
17 53 68 120 122 70 55 65 101 51 122 49 65 50 55 90 67 101	5
4 51 122 122 69	3
18 53 48 69 48 88 99 65 50 90 67 69 90 66 122 90 49 101 69	50
23 56 48 48 68 65 102 102 97 57 48 48 56 69 56 65 101 68 88 53 67 55 88 49	800
10 51 100 70 53 68 98 57 98 120 88	3
2 51 67	3
12 54 53 57 102 120 54 100 56 100 99 57 51	659
15 48 66 69 68 50 120 88 101 50 99 49 100 48 52 53	0
4 52 50 97 49	42
10 55 67 122 56 122 70 54 102 102 67	7
3 49 51 97	13
20 51 57 88 65 48 68 65 48 50 69 100 54 69 90 50 95 57 65 98 54	39
3 50 97 97	2
22 56 97 66 54 98 52 67 50 53 100 49 48 99 55 99 88 66 98 101 67 66 51	8
4 57 90 49 100	9
25 50 55 122 98 50 88 67 48 54 120 65 50 68 98 51 122 97 53 48 49 55 56 69 50 54	27
16 51 97 49 65 122 122 53 99 57 54 56 101 97 52 66 49	3
24 51 98 88 55 65 65 57 95 68 90 70 53 49 69 54 97 70 97 55 66 95 65 101 97	3
21 45 53 88 100 120 88 49 95 57 48 122 51 98 70 95 68 56 67 102 65 53	18446744073709551611
16 50 122 56 95 52 49 88 52 98 49 67 65 102 99 101 120	2
5 57 70 102 50 90	9
7 53 120 51 50 99 55 66	5
7 55 49 69 88 55 99 50	71
17 45 50 52 98 95 98 57 65 53 101 57 51 120 57 70 56 65	18446744073709551592
11 54 53 99 98 52 55 67 51 54 50 97	65
16 49 69 97 50 51 97 88 51 48 101 56 56 56 102 51 98	1
11 57 65 68 122 67 52 53 51 55 66 100	9
15 45 55 101 51 48 102 56 57 55 52 98 68 88 53 54	18446744073709551609
5 49 66 120 48 101	1
17 53 68 66 56 98 50 102 102 101 48 57 102 70 55 48 51 67	5
16 49 50 50 120 53 57 99 52 52 98 48 56 122 57 101 54	122
20 55 57 54 52 102 101 69 70 97 95 102 57 68 57 101 102 102 98 69 97	7964
16 51 65 100 88 100 122 55 68 101 50 122 48 65 98 70 68	3
13 57 101 88 122 68 67 70 102 65 88 67 67 70	9
2 48 99	0
1 55	7
21 56 49 51 65 122 97 49 50 53 90 57 57 68 54 65 102 48 48 122 102 70	813
9 52 48 97 97 67 90 51 57 52	40
13 57 48 52 66 51 53 101 65 90 100 97 98 48	904
4 52 67 55 90	4
16 53 120 102 101 56 97 90 48 99 68 97 102 69 102 48 54	5
18 52 88 66 56 120 56 120 98 50 90 51 122 68 51 56 99 66 48	4
1 57	9
7 54 120 52 97 65 100 102	6
21 45 97 97 90 102 56 102 90 90 97 97 65 67 95 48 54 100 49 54 49 102	0
18 56 48 90 120 69 99 99 122 102 57 70 102 122 120 56 70 122 51	80
20 55 90 90 51 100 52 55 68 102 100 88 56 99 49 52 95 65 56 70 48	7
6 50 98 65 88 120 68	2
4 54 69 100 49	6
5 56 52 122 49 57	84
13 54 66 65 100 48 66 56 66 65 100 68 67 52	6
2 50 100	2
1 45	0
3 55 68 48	7
12 45 67 49 50 101 50 95 102 52 49 97 122	0
1 53	5
17 54 68 97 52 68 67 101 101 88 98 99 68 50 55 67 49 50	6
19 52 65 51 65 57 102 56 68 69 95 101 122 52 69 97 122 70 97 120	4
3 49 97 98	1
6 54 50 55 101 98 122	627
21 52 97 48 70 52 66 98 65 67 120 67 48 69 120 55 97 100 98 97 66 53	4
4 49 90 56 51	1
17 50 56 88 67 49 50 99 68 70 70 66 68 55 122 90 120 48	28
24 45 95 69 55 51 68 97 95 101 122 97 50 122 99 67 102 100 120 55 68 55 95 50 51	0
14 54 101 101 69 49 98 102 101 49 49 98 48 100 48	6
3 53 48 88	50
19 54 120 95 65 65 120 52 55 122 53 102 88 56 70 52 101 66 53 53	6
9 54 97 69 70 97 51 51 97 66	6
24 55 102 57 99 50 95 102 55 101 102 65 67 50 120 68 51 68 48 120 55 51 54 100 65	7
22 50 52 69 56 102 101 90 90 100 95 99 49 101 65 98 98 88 68 120 70 101 101	24
12 49 50 69 90 90 66 57 55 88 98 70 51	12
2 53 51	53
15 57 122 67 90 95 70 101 57 66 48 51 70 120 70 57	9
12 56 99 99 50 98 90 97 90 122 56 100 69	8
17 56 120 65 56 122 51 50 49 95 65 99 54 48 69 50 50 56	8
9 55 50 95 102 54 54 50 65 53	72
23 48 97 100 102 100 88 101 99 102 68 90 70 69 90 52 88 97 65 99 56 101 67 120	0
10 53 101 98 69 57 65 66 99 53 57	5
4 52 66 50 49	4
23 51 57 90 95 66 55 67 67 99 67 50 88 66 49 55 52 88 50 67 90 101 65 70	39
11 52 88 101 67 56 49 97 122 100 53 95	4
19 50 101 67 98 54 50 68 66 51 69 69 49 88 99 52 52 101 101 67	2
8 57 90 98 48 99 65 122 102	9
22 56 48 88 95 66 57 66 68 70 56 67 100 102 52 55 51 69 57 102 88 52 68	80
2 49 51	13
19 55 90 102 55 67 51 98 51 120 88 98 49 49 122 68 95 55 67 55	7
2 51 69	3
16 56 53 57 99 52 52 67 52 52 69 100 88 68 48 51 67	859
9 52 68 98 65 97 99 90 54 56	4
13 56 90 102 67 69 101 50 51 66 69 65 54 50	8
9 51 70 88 51 53 120 54 52 122	3
6 50 68 102 51 88 55	2
2 57 70	9
9 48 120 51 122 101 102 56 99 99	3
13 45 57 51 98 122 55 102 90 70 102 120 98 100	18446744073709551523
7 56 48 57 120 66 50 65	809
16 48 122 95 56 66 49 57 122 102 68 53 101 99 90 67 97	0
7 45 102 95 69 51 68 97	0
24 57 100 65 48 99 68 69 101 101 70 98 97 99 57 51 101 70 69 48 49 102 99 65 68	9
15 54 50 54 99 102 51 53 48 66 56 90 70 88 52 90	626
8 55 56 67 49 68 101 52 95	78
7 57 97 55 51 65 51 99	9
4 53 120 88 70	5
18 45 88 69 120 52 122 55 55 65 49 54 97 100 90 51 53 99 97	0
7 52 120 100 56 122 99 90	4
15 54 57 49 67 122 95 88 122 48 66 54 55 101 53 99	691
9 56 70 95 48 101 56 88 120 51	8
23 54 66 88 100 56 98 100 50 88 54 55 88 120 65 48 67 50 88 66 65 70 57 54	6
23 51 54 88 55 95 68 68 88 53 66 88 88 57 54 120 88 69 49 48 95 48 98 55	36
5 57 48 50 70 66	902
23 56 52 99 51 68 57 54 57 48 56 66 50 100 54 51 98 100 70 52 65 65 99 55	84
8 55 51 68 48 70 56 48 50	73
17 53 51 65 51 68 101 90 66 99 99 53 51 50 102 95 100 122	53
5 50 97 122 49 122	2
16 49 90 90 90 68 68 69 53 57 57 122 52 102 68 48 67	1
20 52 50 49 101 55 99 53 102 52 101 54 56 68 54 66 68 66 97 99 90	421
16 52 67 88 50 120 66 52 100 98 66 65 101 67 98 97 99	4
3 45 69 54	0
13 53 66 99 95 88 48 88 88 69 122 51 57 102	5
21 56 54 50 55 99 65 98 98 68 56 101 100 52 120 70 56 54 120 57 48 66	8627
11 52 69 102 68 57 53 95 88 56 51 52	4
13 52 100 68 65 120 52 70 68 97 95 48 120 98	4
14 45 97 95 95 56 120 66 57 67 68 53 101 100 56	0
5 56 54 50 66 55	862
8 51 101 67 98 50 100 54 66	3
10 49 51 65 90 65 69 101 65 56 50	13
10 48 56 88 101 100 51 98 49 54 66	0
18 48 102 48 48 69 67 55 90 50 65 57 98 90 88 98 52 99 70	0
22 53 98 49 56 100 70 48 66 90 70 53 55 90 51 52 120 49 101 97 122 88 50	5
13 53 67 50 88 49 55 101 65 53 122 54 88 66	5
24 53 120 53 50 90 66 95 90 67 49 69 95 54 53 48 65 52 48 100 55 122 51 66 51	5
5 48 55 122 56 56	7
3 45 50 57	18446744073709551587
11 55 54 67 95 88 120 53 69 56 52 97	76
16 51 101 52 49 51 55 57 48 54 120 50 95 54 95 120 68	3
19 50 90 65 97 100 49 51 65 95 53 57 54 48 55 90 120 56 52 97	2
19 52 101 56 95 120 49 99 88 102 66 69 120 100 69 52 65 50 57 49	4
8 53 97 101 67 66 70 52 90	5
14 49 55 57 54 97 88 57 102 49 57 53 49 102 48	1796
2 53 51	53
14 57 57 69 99 99 98 88 66 65 56 95 65 56 95	99
8 45 120 122 50 52 67 99 70	0
7 49 101 56 101 88 57 98	1
2 45 57	18446744073709551607
24 56 70 53 53 68 65 90 68 101 70 51 70 122 56 67 95 52 51 56 122 52 102 97 57	8
23 57 122 69 99 88 99 49 67 69 100 122 50 51 56 66 100 97 51 98 101 101 101 88	9
21 53 70 56 88 65 120 90 69 56 51 101 65 99 95 90 99 53 50 66 122 101	5
12 50 70 48 48 100 52 51 67 55 57 100 66	2
1 57	9
15 55 98 66 56 122 101 51 48 49 102 98 56 102 51 98	7
17 45 69 55 67 49 54 120 55 101 57 95 55 88 120 51 70 54	0
25 56 122 68 100 49 98 101 56 95 68 48 99 98 48 52 56 88 51 54 56 98 99 99 53 65	8
14 52 50 65 101 68 67 66 88 52 90 50 57 102 57	42
17 53 49 95 90 70 54 55 120 50 69 50 90 90 48 52 99 57	51
6 50 88 122 51 70 57	2
8 54 51 67 50 48 88 98 66	63
11 49 100 99 53 100 51 69 68 101 50 53	1
17 56 120 100 57 88 99 51 97 65 97 70 66 49 88 52 98 56	8
8 56 88 52 57 69 50 101 57	8
4 57 66 67 100	9
7 54 67 51 102 98 56 57	6
17 51 95 120 101 51 100 120 122 97 54 95 70 66 65 48 57 65	3
6 50 90 52 49 102 70	2
2 50 48	20
7 51 100 95 53 66 69 97	3
18 50 90 50 98 90 97 65 100 55 55 95 51 48 65 65 99 90 102	2
19 45 98 57 65 88 48 55 99 120 49 99 57 66 53 54 49 53 99 88	0
9 51 95 99 69 99 122 70 57 95	3
8 54 67 122 88 122 54 66 100	6
4 52 55 97 51	47
6 56 102 88 49 48 100	8
2 52 68	4
12 52 100 55 55 122 56 101 69 57 95 67 51	4
10 51 69 66 50 101 69 122 88 52 88	3
13 57 88 51 49 98 67 122 95 67 90 65 48 68	9
8 56 51 101 122 51 90 50 48	83
4 53 50 98 53	52
9 54 99 122 122 69 55 122 90 56	6
24 55 50 100 48 51 102 51 100 67 100 66 67 50 48 100 49 90 49 56 68 100 51 70 48	72
3 54 100 68	6
17 54 67 69 66 67 102 98 68 99 99 50 90 56 54 101 66 70	6
14 53 65 49 88 66 55 98 98 95 95 65 120 88 69	5
16 56 67 50 70 68 122 49 50 100 50 101 48 57 52 97 99	8
14 57 48 55 120 69 51 95 97 49 102 101 70 49 120	907
20 50 68 66 70 67 122 65 49 120 51 53 49 67 55 48 122 67 88 66 51	2
23 57 50 120 69 101 100 90 49 56 97 69 101 90 49 68 67 70 98 90 120 54 49 48	92
1 45	0
1 48	0
17 50 69 50 100 65 98 56 67 97 53 56 70 53 56 69 49 88	2
5 50 98 122 99 66	2
13 55 69 56 56 65 122 67 50 48 56 120 55 50	7
24 55 122 51 68 67 100 70 50 54 57 102 66 67 69 56 100 88 56 56 69 56 101 100 122	7
17 56 50 67 53 102 122 101 69 53 53 88 48 102 98 50 68 95	82
10 55 65 53 95 67 51 50 100 122 69	7
24 52 53 97 52 88 54 101 52 65 57 67 98 53 67 99 53 65 56 99 101 66 88 98 98	45
16 52 99 65 51 55 100 95 53 55 98 52 122 48 57 90 99	4
23 57 100 66 49 49 100 53 95 120 50 98 51 55 88 100 48 55 65 101 55 102 54 98	9
1 50	2
2 51 90	3
1 53	5
17 55 97 66 122 53 88 48 102 52 51 88 100 52 57 66 120 95	7
11 50 69 95 98 56 48 95 66 52 102 90	2
17 53 51 69 70 70 51 102 52 65 122 88 55 56 53 120 50 67	53
16 52 98 70 51 69 50 48 67 51 51 48 95 69 49 57 102	4
5 54 122 101 70 101	6
22 45 57 49 66 97 67 57 55 54 55 98 66 102 102 99 55 100 68 67 102 101 99	18446744073709551525
14 51 69 97 67 122 48 102 65 67 55 97 102 90 88	3
4 49 101 102 69	1
12 51 51 99 70 51 53 100 55 98 120 48 54	33
9 45 88 53 120 69 48 49 48 101	0
9 56 100 50 122 54 101 49 69 90	8
16 50 100 48 66 101 65 100 53 70 57 68 99 122 48 68 98	2
12 57 101 120 66 50 100 55 69 51 66 52 68	9
6 50 49 68 102 70 68	21
13 57 120 68 49 95 49 53 70 102 102 66 66 97	9
12 49 99 52 90 55 122 101 56 48 54 98 98	1
14 51 50 100 98 120 120 69 54 97 56 57 100 51 51	32
11 52 120 101 97 69 97 102 48 54 55 57	4
22 45 49 100 50 67 70 49 69 88 97 52 100 69 97 69 120 51 100 55 95 66 49	18446744073709551615
6 51 97 48 48 55 99	3
5 55 57 88 50 57	79
21 53 95 56 65 52 50 57 55 95 49 98 66 66 54 100 120 95 55 68 120 54	5
22 53 50 56 55 49 50 49 51 50 54 48 51 52 120 90 120 101 70 52 54 56 68	5287121326034
14 50 102 97 53 101 51 95 51 52 67 88 66 68 98	2
23 53 97 101 54 95 57 88 98 55 48 48 55 49 95 95 57 52 90 98 48 53 57 100	5
15 53 52 101 55 88 52 99 67 88 52 68 97 90 101 68	54
21 55 65 51 55 95 65 51 70 102 102 65 53 90 54 68 95 70 57 70 55 49	7
12 53 120 67 97 49 120 53 98 54 50 90 52	5
2 45 120	0
13 55 90 48 88 51 70 68 101 90 90 56 48 98	7
19 57 55 53 102 48 52 56 101 100 98 56 98 69 53 48 102 69 65 70	975
7 57 102 52 55 97 100 57	9
18 49 102 101 98 120 101 49 98 68 57 65 48 57 68 99 98 120 99	1
23 56 90 66 57 50 88 55 52 90 67 51 95 120 102 102 57 52 68 101 100 56 122 101	8
7 51 99 102 53 53 100 70	3
10 55 52 55 52 122 53 50 102 57 57	7474
4 55 70 70 52	7
12 54 65 65 98 100 100 55 56 102 101 68 65	6
10 48 100 57 69 70 100 54 55 95 99	0
17 54 52 69 49 54 88 70 88 67 51 88 65 100 66 65 68 68	64
19 57 51 90 122 55 67 55 49 95 69 100 120 65 69 101 97 98 98 101	93
9 50 56 51 99 66 102 51 95 55	283
10 49 101 54 69 56 54 54 70 52 57	1
12 54 99 51 50 49 122 88 100 57 99 68 67	6
7 57 99 95 122 88 67 51	9
16 55 122 53 70 55 95 122 57 65 95 54 52 70 101 50 68	7
5 56 50 67 88 52	82
16 55 97 70 88 56 56 49 51 69 54 68 54 102 50 90 67	7
5 49 66 56 66 69	1
11 49 53 90 122 51 49 120 101 67 99 88	15
2 51 67	3
13 54 50 97 50 65 97 57 67 101 100 70 56 88	62
14 50 99 51 69 54 53 98 49 50 122 66 65 98 56	2
5 50 97 54 100 88	2
6 45 98 120 50 120 95	0
25 51 122 48 49 99 69 69 55 48 95 55 50 70 102 54 98 68 101 95 102 102 102 95 56 48	3
11 53 48 49 95 90 54 51 101 54 66 88	501
14 50 54 50 49 70 98 68 66 68 120 53 98 90 52	2621
16 54 102 50 49 99 100 99 49 95 57 54 90 97 69 57 50	6
7 52 67 122 65 56 51 102	4
6 56 95 51 50 120 120	8
8 52 98 54 68 102 122 70 99	4
12 56 95 98 56 122 120 69 69 100 70 52 95	8
25 50 49 51 49 56 120 56 56 65 70 55 122 68 51 54 53 55 57 120 99 55 68 53 99 52	21318
5 54 48 88 122 65	60
11 45 90 65 54 88 95 101 99 54 99 120	0
11 57 52 50 67 68 50 65 70 54 100 102	942
5 57 52 69 54 53	94
12 51 120 66 70 49 48 51 101 50 122 99 97	3
12 55 49 69 90 66 97 50 95 53 66 66 65	71
2 51 69	3
6 49 52 51 55 57 54	143796
10 56 50 50 88 49 65 51 100 65 95	822
1 52	4
16 53 122 88 55 97 56 120 100 88 69 50 95 95 68 50 97	5
25 54 50 54 66 52 68 57 67 49 88 54 66 51 88 98 53 56 101 67 95 98 56 97 55 90	626
9 49 100 48 98 69 120 102 99 100	1
18 45 54 51 122 68 68 97 101 88 49 101 56 101 65 102 68 70 101	18446744073709551553
17 51 56 67 68 67 101 53 99 68 50 56 100 88 66 49 55 49	38
23 55 69 49 99 95 68 101 54 90 50 97 50 102 122 95 120 101 52 101 95 53 97 122	7
9 48 65 68 95 102 122 66 55 102	0
23 56 70 66 69 56 70 68 70 54 97 51 97 55 100 100 51 49 95 51 67 90 101 50	8
13 57 122 102 67 122 52 57 101 49 101 101 97 99	9
23 49 120 54 70 54 90 68 98 98 88 66 98 97 56 70 54 99 55 57 50 55 66 70	1
20 56 120 53 49 99 67 122 48 122 98 49 101 65 66 70 52 50 52 55 48	8
2 54 70	6
5 48 98 53 68 56	0
3 57 101 68	9
20 51 97 100 48 57 97 55 66 90 68 97 67 65 56 55 102 54 53 53 52	3
8 55 98 120 98 99 99 52 54	7
23 54 56 68 56 65 65 66 55 88 66 67 55 100 70 57 122 101 54 54 99 70 52 66	68
3 56 53 122	85
1 57	9
12 56 57 90 69 122 99 65 100 70 57 69 56	89
2 57 54	96
3 52 70 66	4
16 56 54 122 50 97 53 90 66 52 97 98 68 67 51 100 122	86
7 52 100 70 102 99 122 55	4
15 55 50 48 53 88 52 68 100 48 51 66 67 50 99 49	7205
9 53 122 67 49 102 56 53 49 55	5
22 49 101 120 53 50 68 98 65 52 101 53 97 88 68 69 56 88 53 53 52 68 66	1
19 45 57 67 99 49 49 120 70 98 48 57 120 90 54 70 102 51 95 48	18446744073709551607
16 49 70 122 90 48 54 98 122 52 98 55 101 57 70 70 50	1
4 50 69 53 57	2
15 49 95 98 120 120 100 50 54 70 48 68 95 66 97 122	1
2 53 100	5
13 53 88 56 122 54 69 49 102 52 100 95 53 50	5
4 48 100 67 68	0
24 51 55 50 100 51 102 98 66 55 50 66 56 68 57 70 49 66 51 98 69 101 51 122 54	372
1 49	1
20 56 65 122 102 49 122 54 95 50 101 102 51 53 98 56 49 48 54 48 68	8
16 52 68 100 99 95 90 88 55 100 52 55 120 67 56 95 67	4
6 52 99 70 65 69 69	4
19 50 88 102 95 102 98 55 101 122 95 99 122 65 56 120 122 100 52 66	2
14 49 48 50 57 99 53 70 55 49 97 88 56 51 55	1029
24 50 102 54 65 69 97 98 88 53 100 54 54 56 70 49 98 99 51 70 70 50 101 66 97	2
2 50 100	2
16 54 88 68 90 101 95 70 99 97 95 97 48 122 97 49 65	6
6 45 122 66 120 97 88	0
16 45 53 56 70 101 69 99 48 51 68 102 57 66 120 53 68	18446744073709551558
18 45 122 56 88 51 65 122 55 66 51 122 90 68 48 97 66 65 90	0
13 57 102 56 54 70 102 99 51 54 122 88 51 69	9
17 51 66 54 66 69 90 70 55 99 66 52 99 49 55 98 95 53	3
2 45 52	18446744073709551612
21 50 98 53 99 88 90 68 69 55 95 99 66 57 48 49 55 65 51 95 120 65	2
23 51 68 52 100 98 97 69 98 98 48 90 57 65 69 54 48 98 53 65 66 95 88 120	3
7 55 57 69 65 101 65 100	79
3 54 68 66	6
22 54 67 101 56 99 48 67 122 50 56 53 90 100 57 88 68 69 54 66 98 56 99	6
23 45 90 90 68 53 53 51 95 50 48 88 101 70 66 99 97 65 69 101 70 66 69 48	0
19 51 102 52 99 99 69 65 51 50 95 49 52 68 49 88 57 122 69 54	3
10 57 52 101 66 120 66 122 52 122 101	94
18 56 100 66 90 100 100 102 54 48 55 50 97 100 101 68 53 95 98	8
23 57 102 65 53 49 48 49 54 55 69 99 66 88 100 50 66 49 97 95 57 95 98 48	9
5 56 99 101 65 54	8
25 55 122 53 69 97 70 100 54 66 54 55 122 69 49 100 65 51 88 70 57 49 66 53 57 68	7
1 50	2
21 51 54 56 95 51 122 68 70 122 97 57 88 90 99 122 67 49 48 95 122 122	368
20 56 98 100 69 50 56 49 98 102 102 99 69 67 55 56 90 122 55 54 90	8
23 48 88 53 52 54 90 98 51 57 90 48 120 120 51 50 67 90 57 97 67 100 67 56	1350
9 55 100 102 53 55 48 53 57 57	7
16 55 90 68 100 56 56 51 100 102 55 65 50 54 55 50 102	7
21 57 49 97 54 55 56 98 50 102 100 54 70 52 68 90 66 52 57 95 54 122	91
16 56 90 55 51 68 101 90 70 49 97 50 70 50 88 122 101	8
21 50 67 90 65 101 52 70 66 68 52 66 56 120 65 70 54 52 55 54 51 98	2
21 45 49 69 57 99 101 52 99 70 50 122 97 101 54 99 54 99 51 100 102 122	18446744073709551615
13 52 98 88 67 120 48 66 48 101 90 56 65 54	4
9 45 56 52 102 50 48 52 69 65	18446744073709551532
21 55 65 100 52 120 120 97 54 100 54 68 56 55 67 65 101 88 101 68 66 48	7
21 52 99 57 69 90 68 70 102 66 51 102 68 102 50 56 69 99 66 55 53 53	4
21 52 99 48 55 90 120 48 102 55 49 70 66 56 66 100 99 95 56 120 97 95	4
25 45 98 53 101 53 101 69 57 68 100 50 88 65 88 49 54 95 99 51 68 52 101 50 101 102	0
21 52 97 68 67 66 56 54 57 68 65 88 57 88 90 70 122 54 68 90 97 120	4
4 54 55 120 88	67
21 45 49 101 69 100 56 48 48 68 68 65 102 53 68 98 98 98 100 51 51 66	18446744073709551615
9 57 122 69 51 101 55 50 55 67	9
16 50 97 97 122 55 99 99 90 99 50 49 101 90 99 98 97	2
7 56 101 52 66 95 102 67	8
2 56 66	8
22 54 99 69 57 102 98 68 57 51 51 66 66 49 55 95 67 54 88 100 48 70 53	6
5 56 99 88 90 53	8
24 56 101 54 122 50 95 120 70 57 120 70 97 65 57 122 57 65 101 66 102 95 88 57 68	8
12 45 49 102 49 122 70 98 101 122 52 70 100	18446744073709551615
12 55 100 101 95 50 122 100 57 65 100 56 88	7
19 51 68 52 48 55 51 102 90 90 66 68 69 56 101 90 68 99 70 53	3
11 49 51 95 69 51 120 55 67 54 88 55	13
25 45 66 48 67 53 100 101 50 55 99 98 67 51 122 120 95 70 120 50 97 49 57 67 88 99	0
7 56 97 90 100 57 95 57	8
5 49 52 95 55 57	14
2 50 95	2
10 57 90 50 49 97 101 48 100 51 99	9
7 50 57 67 99 50 102 51	29
19 57 52 90 122 49 53 55 70 100 52 50 67 69 88 98 57 68 99 67	94
8 54 101 49 100 88 56 100 53	6
22 53 102 95 68 54 48 55 49 69 68 48 102 70 90 95 95 50 52 98 95 102 101	5
12 49 65 100 50 67 54 52 57 122 53 54 55	1
23 48 68 88 56 69 102 53 56 55 100 95 55 122 100 90 90 95 102 70 53 55 98 90	0
10 57 99 54 100 88 52 52 49 56 57	9
7 52 65 54 55 122 88 122	4
12 53 122 122 97 101 52 88 55 51 66 53 88	5
19 53 68 49 88 51 102 56 120 95 99 70 57 90 99 65 55 97 100 95	5
3 57 70 90	9
5 57 67 101 55 120	9
20 53 101 49 69 67 88 57 98 97 100 55 55 52 54 52 70 55 54 69 54	5
7 53 57 95 70 95 53 65	59
6 56 70 55 98 53 120	8
13 53 52 54 65 97 88 67 120 67 56 122 102 69	546
21 53 100 70 99 65 97 70 66 97 49 53 90 88 100 99 50 52 95 56 100 69	5
25 55 99 66 55 52 98 56 120 120 120 101 51 49 69 50 48 122 88 66 102 50 98 95 97 66	7
13 51 69 88 100 55 95 70 69 48 90 102 49 102	3
17 57 70 49 120 90 122 54 97 57 95 57 95 97 99 90 97 122	9
12 56 102 122 53 102 54 50 48 57 69 100 99	8
10 48 98 56 88 55 100 88 120 95 122	0
8 56 90 53 54 54 52 66 69	8
23 53 54 65 50 49 90 57 120 55 70 120 97 57 48 57 90 70 52 95 56 54 53 102	56
23 52 120 88 88 68 56 98 49 54 70 53 101 55 100 90 56 67 120 55 102 53 95 101	4
4 49 97 88 54	1
17 49 52 66 100 68 99 57 101 90 99 54 67 52 102 67 70 51	14
11 52 97 70 49 49 120 56 66 48 102 102	4
3 52 49 100	41
20 53 98 69 51 98 56 51 120 70 102 57 56 54 51 122 90 120 55 53 95	5
2 48 69	0
19 53 55 70 69 68 100 49 52 95 55 57 122 69 57 102 48 57 101 65	57
1 51	3
21 50 50 65 50 54 49 95 99 90 67 57 52 54 88 49 99 98 99 56 70 99	22
4 50 49 67 55	21
24 50 100 57 51 53 88 55 90 68 97 56 56 88 67 54 70 99 56 51 99 102 97 102 53	2
1 45	0
12 45 100 100 57 90 95 101 69 49 66 49 54	0
23 54 52 65 100 98 95 88 67 97 54 52 88 97 67 100 56 54 102 67 48 98 49 95	64
14 52 52 100 52 56 102 88 66 53 100 67 97 55 66	44
2 55 49	71
22 57 66 68 100 98 95 65 51 56 88 57 57 99 48 55 65 57 66 90 122 48 70	9
15 52 95 69 68 70 69 57 52 48 48 100 98 68 65 101	4
25 51 53 48 97 70 95 57 57 101 120 49 52 55 65 99 54 52 101 102 101 55 90 65 56 66	350
10 57 90 101 101 53 55 120 55 102 102	9
8 53 56 100 97 69 97 70 68	58
19 57 88 101 70 49 67 57 102 50 52 67 101 56 88 122 53 56 56 120	9
11 55 56 69 88 70 49 53 65 70 90 99	78
14 48 66 100 101 99 51 51 97 55 120 102 102 70 68	0
11 52 97 68 50 57 68 67 120 88 97 53	4
1 51	3
1 48	0
16 45 50 56 102 54 54 68 65 68 55 56 69 69 51 68 69	18446744073709551588
17 45 50 55 50 120 68 57 122 122 55 50 95 57 49 120 69 69	18446744073709551344
7 54 48 90 68 54 88 69	60
16 50 120 88 100 99 68 68 122 100 99 100 57 54 52 97 88	2
16 49 55 65 95 55 54 56 66 53 100 67 101 57 100 70 101	17
11 49 55 122 98 90 69 95 98 102 99 57	17
1 53	5
6 56 53 122 99 95 50	85
25 54 56 99 66 56 120 56 54 49 65 50 52 102 98 70 120 97 70 120 65 90 57 90 102 51	68
16 56 101 99 50 55 67 68 120 50 88 52 48 51 102 52 99	8
15 57 69 95 52 97 68 65 55 120 100 68 99 55 70 56	9
9 50 101 68 101 101 100 65 102 67	2
15 53 88 98 57 70 70 48 88 49 99 90 98 120 120 68	5
9 52 54 48 65 101 55 100 102 70	460
3 50 70 53	2
25 57 90 95 49 57 53 88 50 101 95 57 70 52 67 100 66 102 122 88 65 54 68 90 95 101	9
14 49 53 67 97 102 98 52 67 48 99 120 68 49 51	15
13 49 102 70 52 57 99 49 65 54 48 66 52 95	1
14 55 122 52 67 90 65 50 122 120 101 95 102 65 66	7
23 48 90 48 102 95 51 99 102 57 55 99 101 57 56 90 66 51 68 122 68 88 69 57	0
11 51 55 90 95 52 52 120 100 48 102 49	37
16 52 66 57 57 65 102 95 53 53 102 68 53 67 99 122 98	4
8 51 53 68 66 50 53 122 48	35
25 57 68 51 122 51 95 120 120 55 120 99 99 100 53 69 49 99 51 55 99 53 120 56 49 98	9
1 51	3
23 45 70 95 68 99 122 67 53 56 57 68 57 53 102 56 88 69 102 67 56 122 54 53	0
2 56 120	8
3 48 95 95	0
15 45 97 67 90 48 55 67 100 122 98 97 51 98 57 102	0
19 49 101 67 49 70 69 69 88 56 49 120 100 101 65 98 99 70 88 90	1
9 53 102 100 50 69 66 98 102 55	5
4 48 99 57 68	0
2 51 68	3
25 56 67 65 49 122 95 66 95 98 101 100 56 50 102 53 69 51 65 54 95 102 101 95 68 55	8
25 55 50 97 70 69 90 65 69 51 97 66 49 51 66 54 65 67 53 56 68 65 100 122 53 56	72
6 53 67 51 55 66 97	5
2 49 97	1
9 50 70 56 98 95 120 88 67 101	2
24 57 102 120 49 49 49 69 69 88 50 50 99 97 98 70 53 65 95 67 70 88 56 65 69	9
3 53 122 56	5
3 51 49 100	31
3 51 99 100	3
5 45 67 122 57 95	0
11 54 95 68 50 49 56 95 55 99 120 97	6
6 45 100 53 122 66 99	0
10 53 65 122 88 101 51 98 97 120 65	5
7 53 67 68 120 56 99 51	5
17 48 69 101 52 68 65 95 65 88 97 100 90 56 65 69 48 88	0
21 48 66 67 88 120 99 51 122 56 100 50 90 102 98 66 51 65 90 48 57 100	0
10 49 48 54 97 95 122 99 66 67 102	106
2 45 48	0
17 54 102 90 56 90 98 120 97 56 100 98 102 50 98 90 65 56	6
2 55 69	7
2 56 54	86
18 55 57 88 65 50 52 100 90 56 68 90 49 98 101 50 68 102 53	79
12 57 69 120 49 102 56 66 70 98 66 51 97	9
5 53 68 101 54 101	5
6 51 90 90 122 120 53	3
21 48 53 98 95 49 66 48 99 90 50 70 53 65 68 56 90 95 56 53 65 120	5
23 56 101 52 120 120 67 95 68 102 66 88 122 52 66 120 68 66 56 66 102 50 120 88	8
2 49 90	1
23 56 67 100 67 49 66 70 101 70 97 90 66 100 69 66 67 122 49 53 68 65 52 69	8
18 55 99 95 51 50 57 100 66 52 48 99 53 48 66 102 57 67 50	7
3 52 68 122	4
5 45 95 50 95 56	0
17 49 100 69 65 55 88 99 88 95 69 69 97 54 97 122 67 55	1
5 52 99 69 67 98	4
20 50 54 57 66 68 100 48 69 55 49 95 101 67 95 98 54 101 54 48 48	269
6 48 90 100 67 49 99	0
2 52 52	44
25 50 90 120 70 122 101 55 88 90 100 52 102 95 48 99 51 99 48 102 122 51 54 48 56 102	2
14 55 69 50 51 100 56 54 52 48 99 98 88 90 100	7
20 57 65 52 50 97 120 101 54 97 95 57 98 102 102 120 90 97 70 48 122	9
5 49 66 90 100 99	1
24 50 56 102 97 99 67 95 52 102 100 70 102 97 98 88 88 55 57 55 54 122 120 120 88	28
1 57	9
1 49	1
11 51 54 67 51 55 122 98 122 49 120 99	36
24 52 51 100 51 50 68 95 97 68 48 70 49 100 101 54 51 68 53 51 70 122 65 48 50	43
13 54 69 53 65 70 97 101 88 51 98 55 50 52	6
5 49 69 70 98 57	1
5 55 52 98 49 57	74
5 56 70 52 100 56	8
17 55 102 70 56 120 67 97 100 67 55 100 66 95 101 120 53 100	7
14 55 100 95 90 95 50 90 69 49 66 122 98 90 97	7
13 53 99 57 122 98 51 101 88 99 67 56 88 95	5
2 45 97	0
19 45 100 68 54 99 90 102 90 51 56 70 99 102 70 49 67 100 70 120	0
16 51 49 88 99 68 88 95 50 90 69 70 88 102 54 52 55	31
8 51 68 120 53 99 56 67 101	3
13 52 48 98 90 68 65 95 66 54 97 88 66 102	40
8 57 95 48 67 50 57 101 102	9
3 56 88 100	8
12 57 57 68 66 122 56 68 95 56 52 65 102	99
25 49 69 52 48 57 66 66 50 97 57 51 66 70 57 48 50 122 101 102 52 67 122 120 102 101	1
18 48 70 52 95 66 69 55 52 95 65 120 100 120 51 120 52 54 101	0
16 56 67 95 68 57 70 67 51 49 99 48 51 49 55 99 51	8
14 50 57 88 54 57 55 67 98 50 97 97 65 98 99	29
19 56 98 51 66 66 50 53 95 122 88 69 52 95 98 97 48 69 101 68	8
13 50 97 88 122 56 95 88 69 69 57 98 66 98	2
16 55 49 95 66 50 55 56 57 53 67 101 100 51 49 68 69	71
1 53	5
16 53 66 68 122 70 88 120 65 48 50 68 52 52 70 69 66	5
22 55 102 66 122 98 49 100 122 122 68 54 99 101 120 95 98 88 122 88 65 50 120	7
9 48 88 70 65 122 97 54 49 65	250
7 56 52 56 97 67 55 102	848
17 55 90 66 68 50 48 50 49 95 53 48 97 66 65 53 90 66	7
10 45 65 52 55 69 57 68 66 67 48	0
23 48 57 98 97 55 52 69 55 48 54 65 70 98 122 68 53 67 90 57 52 98 97 54	0
6 57 48 57 50 54 49	909261
2 52 48	40
18 56 49 54 51 97 102 70 88 67 102 49 68 100 69 88 88 98 53	8163
18 49 65 57 67 70 65 50 51 65 48 49 49 54 69 56 102 48 122	1
15 54 53 70 70 98 53 120 66 65 49 99 55 54 56 51	65
5 56 98 65 55 57	8
15 51 56 68 55 56 52 70 70 97 54 57 90 66 99 99	38
3 45 90 67	0
6 53 48 56 97 70 97	508
1 55	7
15 51 51 70 67 66 66 54 69 90 52 88 48 56 70 51	33
3 54 57 98	69
19 45 66 97 122 49 48 65 49 101 50 100 100 70 67 50 101 102 95 98	0
15 51 98 120 99 49 90 52 55 97 102 102 97 95 101 57	3
19 56 100 97 100 101 88 95 95 53 90 97 68 66 67 88 49 122 49 98	8
3 51 54 49	361
2 54 120	6
18 50 120 101 50 120 122 88 122 50 102 52 52 99 95 88 48 49 95	2
8 50 50 100 70 52 54 97 48	22
1 52	4
18 49 55 55 48 65 97 122 95 56 88 49 102 65 69 54 69 88 53	1770
8 52 66 67 55 65 50 97 95	4
9 52 54 50 98 70 98 49 98 100	462
14 45 56 52 53 97 99 57 67 70 69 102 88 122 54	18446744073709550771
24 50 95 52 99 49 66 102 122 54 95 98 98 98 57 97 70 88 88 54 54 53 70 55 51	2
21 52 67 52 48 122 48 65 57 48 57 48 56 120 48 120 52 98 67 102 99 48	4
11 55 100 98 99 70 100 90 122 122 90 49	7
10 50 67 52 97 120 70 57 54 95 102	2
23 48 48 54 101 50 70 69 55 51 54 49 55 66 55 54 101 68 88 95 65 102 66 122	6
9 55 52 56 69 50 49 49 56 69	748
7 45 69 51 48 50 66 98	0
3 49 56 51	183
13 54 68 48 49 70 66 101 100 52 102 48 49 70	6
7 48 68 99 99 101 69 52	0
13 54 88 122 97 90 66 101 100 97 101 56 97 97	6
9 57 57 69 48 99 88 102 99 95	99
6 50 90 52 55 99 120	2
12 49 48 98 57 102 70 95 68 120 55 50 102	10
8 50 56 68 99 99 67 122 51	28
6 56 95 49 56 122 122	8
14 53 97 122 49 50 102 50 97 88 68 97 102 97 57	5
6 52 55 98 122 95 51	47
20 48 66 102 57 101 68 54 99 56 57 65 55 65 50 88 98 56 50 100 99	0
17 56 101 69 55 51 122 68 50 67 122 51 49 48 67 69 120 52	8
21 50 95 48 68 102 95 48 120 120 52 90 57 90 55 66 97 50 48 90 68 90	2
8 48 53 49 122 51 55 70 70	41
11 54 122 68 69 53 98 98 57 97 122 56	6
1 48	0
23 50 48 101 56 67 88 55 68 88 95 70 102 56 50 90 68 95 51 69 55 120 97 122	20
7 45 100 95 99 53 53 101	0
18 50 48 97 95 95 98 120 70 70 54 57 88 70 70 101 49 67 52	20
1 50	2
7 45 99 100 67 56 66 122	0
16 56 51 68 101 56 68 68 56 53 50 102 66 55 98 50 69	83
5 48 65 49 50 65	0
7 45 99 65 70 52 67 95	0
11 49 52 51 100 55 90 70 98 90 66 97	143
16 56 65 120 66 69 48 56 65 65 99 51 70 57 49 102 55	8
21 55 95 98 49 49 98 56 69 97 48 50 98 48 70 54 120 56 88 88 55 69	7
20 53 69 68 70 65 56 53 51 54 99 69 100 56 69 98 55 70 102 102 99	5
5 49 99 98 101 122	1
2 56 66	8
18 49 52 70 90 56 50 120 57 70 98 57 56 67 53 57 101 90 51	14
22 49 49 57 68 97 101 98 55 67 65 66 98 57 90 98 67 49 122 56 51 101 55	119
10 55 52 50 98 65 88 52 101 122 88	742
9 45 50 68 98 102 51 69 53 57	18446744073709551614
12 53 95 51 53 69 53 51 48 51 70 98 66	5
9 45 102 90 49 90 48 98 66 68	0
12 56 66 102 97 67 49 100 95 98 68 122 68	8
14 51 67 48 65 55 97 97 66 99 55 56 120 55 69	3
7 52 68 68 97 65 102 49	4
15 55 49 54 88 69 88 66 49 98 53 68 50 98 65 90	716
11 54 70 57 51 50 54 122 97 48 65 90	6
5 56 48 98 49 95	80
3 49 57 102	19
18 53 50 88 102 51 49 66 54 99 70 88 88 66 101 95 55 95 101	52
12 57 51 55 65 56 56 101 68 65 50 101 50	937
13 53 101 56 66 98 122 52 65 97 98 69 90 53	5
8 45 56 48 54 55 51 56 88	18446744073708744878
5 51 49 65 67 56	31
13 53 102 50 65 65 90 120 122 54 101 95 88 90	5
10 55 55 102 98 95 120 65 68 120 69	77
1 50	2
1 52	4
13 49 98 54 52 50 49 57 49 70 57 95 99 69	1
3 50 70 49	2
3 48 102 95	0
16 45 90 54 69 95 99 52 122 52 100 100 102 55 57 48 51	0
21 45 90 90 49 55 120 101 53 88 90 67 65 88 70 52 122 122 50 65 68 102	0
23 53 55 50 98 67 68 98 67 98 54 101 48 54 57 90 55 49 99 51 120 51 57 120	572
4 57 90 48 98	9
12 56 90 50 99 66 50 101 54 99 53 98 65	8
22 48 101 90 57 88 51 56 53 66 97 48 100 53 120 48 90 90 88 57 95 67 90	0
22 48 65 70 102 49 100 50 95 68 67 99 97 122 90 66 99 70 100 122 95 48 52	0
24 55 99 69 67 70 102 55 66 65 101 50 57 88 56 65 48 51 99 56 50 52 69 53 51	7
2 51 52	34
25 52 67 101 88 102 66 57 122 65 101 68 88 102 102 98 88 57 56 65 99 65 98 66 67 102	4
13 51 88 90 98 99 53 95 52 50 51 69 69 70	3
3 50 54 48	260
9 51 56 98 66 65 102 56 98 99	38
12 56 70 54 57 68 95 50 48 65 52 56 120	8
16 50 98 68 98 69 55 51 100 51 57 51 55 52 69 97 50	2
5 50 100 102 97 102	2
6 51 53 100 69 99 88	35
4 55 100 67 49	7
20 45 50 52 68 55 99 57 51 97 56 120 95 97 51 122 48 66 90 55 120	18446744073709551592
22 56 68 95 97 120 100 54 53 120 68 95 99 56 101 65 69 53 57 98 69 122 50	8
21 48 95 52 50 88 55 67 102 120 51 55 100 55 101 90 65 66 97 66 67 101	0
17 48 97 99 88 100 57 53 50 52 120 69 53 100 50 53 54 66	0
2 54 54	66
7 45 98 66 99 53 67 55	0
11 52 51 55 90 48 56 68 100 120 101 51	437
3 49 100 67	1
4 56 49 122 48	81
15 45 69 55 122 88 88 120 51 120 50 53 66 51 122 51	0
21 49 53 102 51 51 98 65 99 97 57 69 70 66 54 52 65 99 95 53 54 102	15
8 57 48 100 48 67 68 69 97	90
20 45 65 120 99 49 56 101 55 90 67 70 68 51 120 52 49 97 54 120 50	0
21 56 53 52 99 88 90 65 51 51 48 48 120 88 99 57 49 53 70 99 54 67	854
12 57 95 99 68 88 90 55 100 122 65 65 53	9
8 56 49 100 88 49 122 100 69	81
1 51	3
9 56 97 70 99 56 53 98 49 65	8
19 53 100 88 99 90 69 97 102 69 69 50 57 57 88 122 102 70 70 65	5
6 50 56 68 55 69 120	28
21 49 97 100 56 66 100 90 95 69 120 54 52 122 102 50 98 122 57 99 98 100	1
1 57	9
8 54 122 51 90 101 101 56 54	6
20 45 101 101 48 120 70 122 122 66 95 50 66 90 68 95 55 48 54 101 48	0
10 49 101 55 101 70 49 54 120 95 70	1
7 56 54 66 57 120 69 88	86
10 57 102 66 53 122 50 57 67 90 98	9
9 50 69 102 57 95 99 56 48 54	2
9 45 65 57 68 95 51 56 88 68	0
12 55 90 55 100 49 54 70 100 66 67 120 54	7
15 50 65 102 100 88 98 101 49 95 90 120 54 120 69 53	2
9 57 95 67 95 51 97 88 66 102	9
23 56 97 101 70 68 52 68 50 100 120 99 69 53 68 55 65 48 65 120 66 55 101 65	8
11 56 102 70 49 66 90 55 99 67 57 53	8
16 57 98 99 99 55 102 66 50 48 95 100 56 98 65 100 70	9
2 48 51	3
9 55 120 97 66 52 88 57 48 50	7
13 48 56 102 88 120 67 54 97 56 120 99 50 68	0
4 48 101 67 101	0
10 55 50 88 54 57 57 56 53 98 65	72
11 51 122 51 48 52 57 53 48 56 99 54	3
9 48 69 50 53 97 48 70 70 88	0
21 53 67 95 95 49 54 120 51 52 88 90 95 54 54 50 49 98 55 68 95 57	5
18 54 65 54 90 55 54 56 65 68 48 48 54 56 100 95 102 67 98	6
12 55 51 98 56 48 99 120 49 68 53 48 99	73
13 55 101 70 67 90 102 53 101 49 120 122 97 56	7
9 53 54 122 52 101 88 49 51 69	56
18 51 88 122 67 67 122 97 88 69 57 48 100 88 101 54 66 70 53	3
3 45 65 70	0
15 49 102 98 49 70 88 52 95 97 99 90 52 122 56 65	1
17 49 56 122 102 48 66 55 70 53 90 49 102 69 65 68 53 102	18
15 54 66 97 56 68 49 99 57 54 97 69 66 51 56 70	6
6 54 66 54 56 65 67	6
7 50 50 51 50 52 90 53	22324
5 45 90 67 99 100	0
20 57 53 56 69 95 52 66 51 55 51 102 68 50 48 88 68 65 54 54 53	958
24 49 88 97 102 49 98 53 53 50 55 88 95 97 49 97 100 70 95 66 90 66 99 57 52	1
19 56 101 88 70 49 98 66 68 122 53 120 67 50 98 102 55 102 98 52	8
17 48 52 50 68 69 53 68 49 56 52 120 69 98 70 102 66 98	34
13 51 56 120 67 49 49 102 90 53 56 68 55 99	38
6 51 97 122 48 95 67	3
24 52 53 56 122 56 51 95 48 66 95 100 50 65 97 98 50 56 52 100 68 95 90 57 95	458
17 55 102 97 120 65 57 65 99 67 101 98 97 69 97 120 100 50	7
21 53 56 57 53 90 99 51 54 67 102 122 69 66 49 57 99 97 122 52 70 49	5895
19 45 95 95 68 65 57 70 49 65 90 95 67 122 56 102 90 54 67 65	0
14 57 67 57 56 52 100 120 99 68 95 66 120 48 120	9
8 57 49 101 54 65 69 99 57	91
22 49 122 88 66 99 68 69 56 120 68 50 54 53 55 55 52 98 68 70 101 100 99	1
22 51 57 70 69 97 97 53 100 98 50 99 66 65 98 97 122 49 51 97 68 69 66	39
7 48 90 68 120 120 97 48	0
4 49 101 98 101	1
18 54 101 102 48 88 90 69 50 98 99 66 56 49 67 57 50 99 99	6
14 57 68 98 90 69 98 122 88 52 67 50 54 57 57	9
2 49 56	18
7 45 66 53 70 49 52 120	0
5 49 52 51 49 120	1431
24 54 88 70 56 52 95 55 50 51 122 122 102 98 120 70 54 68 54 50 120 65 65 88 95	6
18 45 70 52 51 120 90 55 49 65 49 97 100 99 69 66 50 50 70	0
9 57 88 49 88 53 90 90 50 69	9
23 50 49 70 67 51 101 57 102 48 54 65 90 67 69 98 101 99 49 57 67 99 69 100	21
21 54 99 100 50 68 55 67 69 101 65 102 67 122 100 99 50 66 55 56 49 98	6
14 45 51 70 101 122 49 98 67 95 100 95 98 57 67	18446744073709551613
14 53 48 69 101 69 51 69 48 65 101 101 102 102 88	50
10 50 120 52 100 50 57 67 55 50 70	2
15 51 54 95 49 98 54 49 120 65 66 95 48 54 56 57	36
15 55 56 65 70 101 100 53 120 51 49 53 88 50 50 52	78
9 45 57 52 67 66 55 69 65 69	18446744073709551522
22 49 54 97 52 65 90 122 100 67 56 99 48 88 101 66 57 66 97 53 48 55 98	16
12 53 97 88 70 53 69 120 52 57 55 97 49	5
10 49 55 67 102 55 57 98 69 97 70	17
14 48 52 88 65 54 88 90 56 55 69 98 65 48 98	4
25 52 49 54 55 48 68 57 90 57 101 97 69 68 98 69 101 98 68 68 70 122 66 101 97 100	41670
14 57 50 67 49 98 88 98 101 54 69 50 102 98 54	92
10 54 97 97 66 50 120 56 97 98 69	6
12 55 54 95 57 48 90 51 97 102 66 48 57	76
12 45 52 53 122 54 100 68 52 97 65 52 55	18446744073709551571
24 56 67 98 55 54 53 90 65 57 70 51 65 100 98 90 99 101 88 90 48 88 57 68 67	8
11 55 68 120 95 67 69 88 70 65 66 56	7
19 48 67 66 69 97 66 54 50 56 65 68 88 51 56 68 66 54 57 48	0
11 52 100 99 102 98 67 69 51 57 69 100	4
3 51 51 120	33
4 45 53 56 122	18446744073709551558
22 45 88 101 122 98 66 99 88 68 95 101 52 51 52 70 99 51 52 101 53 99 56	0
1 53	5
23 49 102 55 54 100 50 120 67 100 65 66 68 95 99 95 95 122 122 49 100 50 90 67	1
5 49 101 102 100 52	1
3 49 57 65	19
14 45 100 67 90 54 68 95 48 53 66 100 65 100 102	0
25 57 120 98 55 122 102 101 90 102 101 57 50 120 122 99 100 68 53 65 55 67 54 88 120 101	9
21 54 53 52 65 48 120 98 68 101 88 66 98 95 102 48 53 90 54 95 66 55	654
16 53 100 101 65 56 102 90 52 69 101 65 57 53 98 57 90	5
2 49 56	18
13 51 55 48 101 120 88 53 100 95 54 56 102 101	370
7 55 120 70 56 67 95 98	7
22 53 55 70 90 98 97 97 53 101 88 65 48 99 88 100 99 51 97 67 48 70 90	57
16 53 101 90 95 99 99 100 102 65 56 101 52 67 52 120 48	5
24 54 102 51 51 120 101 51 120 57 90 53 52 56 120 54 88 55 95 88 70 100 70 100 90	6
17 45 55 97 120 122 70 54 101 99 102 65 98 70 48 98 95 54	18446744073709551609
6 45 57 52 122 97 122	18446744073709551522
24 56 65 51 69 95 55 56 97 51 69 88 52 90 100 52 101 122 90 65 100 51 52 68 55	8
4 45 67 66 54	0
9 54 48 49 97 53 70 57 57 122	601
4 55 101 54 66	7
23 51 57 68 98 51 90 101 122 65 102 54 66 120 51 66 122 90 122 102 53 49 99 51	39
8 55 88 68 95 102 57 65 50	7
5 50 66 55 65 90	2
23 48 90 120 99 50 68 88 120 54 100 51 101 53 90 99 52 98 48 102 50 54 66 53	0
15 49 102 99 102 66 69 51 52 100 66 48 50 52 100 68	1
7 51 88 97 52 52 70 54	3
21 57 70 95 57 70 66 54 68 66 101 120 66 122 67 53 102 68 54 51 100 57	9
11 53 69 69 70 51 102 90 90 51 49 57	5
19 55 102 48 88 50 53 50 50 67 55 48 90 97 120 48 65 54 99 97	7
21 57 88 97 99 100 52 49 53 102 57 50 66 53 49 97 51 70 122 53 88 53	9
13 55 88 66 90 54 68 67 102 56 67 102 100 48	7
13 51 55 95 68 95 67 57 52 49 51 51 95 50	37
23 48 122 56 102 100 52 88 70 98 66 98 54 120 98 51 100 69 49 68 52 65 53 99	0
19 51 101 88 101 56 54 66 55 88 95 50 98 50 95 99 99 52 54 99	3
2 57 50	92
2 57 67	9
2 45 66	0
19 48 48 57 88 100 100 52 68 67 67 67 99 102 102 98 69 99 57 67	0
25 49 102 51 53 90 67 100 49 55 66 48 55 101 69 52 120 70 55 99 52 51 101 69 70 100	1
21 54 95 100 70 49 97 100 50 88 101 99 52 99 95 95 67 65 97 65 69 122	6
23 56 65 70 49 68 50 49 101 65 51 51 68 69 122 70 48 67 120 55 66 100 65 51	8
22 54 102 54 68 52 57 51 95 55 55 68 98 56 54 122 101 99 65 54 57 102 99	6
10 53 54 67 49 70 70 54 52 48 55	56
21 52 102 69 65 53 122 50 102 56 68 90 90 69 56 52 50 55 68 51 66 69	4
9 50 56 90 88 66 102 49 50 56	28
19 51 51 56 99 50 99 57 102 57 51 98 55 53 66 95 95 50 88 99	338
12 50 49 67 56 51 55 57 57 70 120 67 120	21
23 50 67 52 52 69 57 100 67 98 54 57 97 50 97 100 67 48 65 51 48 120 54 101	2
20 53 53 120 50 122 102 97 56 66 66 120 48 67 52 99 49 50 97 51 101	55
11 54 56 99 101 66 95 100 67 99 70 49	68
15 52 48 90 65 95 90 53 95 122 50 122 54 97 122 122	40
18 56 101 57 70 57 88 55 95 54 97 120 48 99 48 68 97 122 56	8
25 57 53 67 67 56 50 56 98 101 49 56 65 56 66 100 50 95 50 97 53 56 68 120 49 90	95
14 56 97 98 54 49 122 48 68 95 55 56 66 122 50	8
6 50 50 90 95 101 53	22
23 50 99 49 95 102 88 67 122 52 69 69 52 90 51 98 100 55 48 122 101 69 50 101	2
24 55 99 51 98 48 70 88 68 51 122 102 51 57 97 54 98 120 57 48 99 95 49 122 95	7
10 50 97 95 69 51 48 56 56 57 102	2
22 45 65 102 101 52 122 65 69 69 55 66 122 54 68 122 56 54 57 97 99 120 101	0
5 54 67 53 57 88	6
1 48	0
17 45 56 99 53 68 56 66 97 90 95 51 101 101 100 69 53 48	18446744073709551608
11 50 95 122 97 50 51 70 102 53 49 98	2
12 55 120 90 67 102 120 51 97 49 55 70 49	7
14 51 101 65 69 56 65 57 68 122 56 122 67 48 49	3
2 56 98	8
5 57 48 53 55 49	90571
21 54 51 69 102 101 68 120 95 98 70 88 88 65 100 65 122 100 88 98 65 70	63
18 51 100 70 53 122 49 102 88 66 99 90 100 55 69 56 53 65 88	3
23 48 65 69 53 50 100 68 97 95 50 57 97 98 95 99 98 49 99 66 69 51 68 120	0
21 48 88 57 102 120 48 51 102 56 50 100 70 100 99 101 122 101 49 97 99 68	159
2 52 68	4
11 56 48 69 48 48 52 52 67 97 54 53	80
22 57 67 57 48 97 54 67 100 54 122 98 55 66 50 99 65 67 55 53 99 54 70	9
14 55 88 51 120 95 65 120 69 99 101 56 101 97 70	7
11 53 55 49 120 68 49 88 65 100 48 57	571
25 48 120 52 51 67 67 54 51 120 98 120 55 48 102 68 99 50 56 67 100 100 48 88 56 102	4443235
12 45 97 68 101 98 51 65 100 50 98 56 97	0
13 53 99 65 68 97 90 55 56 95 100 97 57 98	5
12 50 50 88 122 100 122 65 52 54 90 95 90	22
23 48 55 50 48 95 52 57 68 51 98 99 55 99 65 51 98 99 70 48 88 98 88 68	464
19 54 102 49 90 97 49 95 99 54 90 90 122 90 56 52 99 48 101 90	6
9 56 70 55 56 50 55 69 65 120	8
14 52 102 66 120 95 65 54 120 122 49 53 48 56 54	4
15 51 53 51 67 52 98 57 90 69 70 122 88 54 68 90	353
2 53 65	5
8 54 66 90 98 120 122 65 56	6
23 53 100 66 57 99 95 98 53 55 102 66 98 52 54 70 69 95 101 54 51 49 49 69	5
24 56 69 90 67 51 50 95 102 99 50 51 97 122 50 90 98 68 99 120 50 90 50 68 55	8
20 48 67 69 88 88 88 50 65 53 55 69 97 102 100 66 101 66 97 102 66	0
9 45 95 95 65 54 102 54 98 122	0
18 50 68 57 50 100 95 52 70 56 68 65 50 65 120 56 69 66 68	2
23 51 68 57 95 65 69 101 48 70 53 53 100 67 99 49 69 100 97 88 97 68 101 100	3
15 54 66 65 101 95 100 67 52 88 70 51 48 122 99 122	6
23 57 102 49 99 97 53 49 65 66 68 98 56 66 66 98 102 88 55 65 102 49 67 54	9
25 52 68 99 88 48 99 65 100 102 102 57 95 54 48 120 102 99 120 49 90 100 100 90 67 67	4
19 53 99 99 88 49 50 100 102 69 68 98 122 54 102 101 70 97 53 120	5
24 51 97 49 48 50 88 70 56 57 54 97 102 70 88 52 66 57 122 66 48 97 65 67 65	3
21 57 70 66 65 90 54 68 50 101 48 65 53 56 56 122 52 120 88 120 55 100	9
5 52 52 67 88 101	44
1 48	0
6 57 50 50 55 101 101	9227
21 50 67 56 100 70 68 100 95 122 70 51 68 55 101 100 122 69 100 57 49 102	2
9 49 67 55 97 55 90 101 69 56	1
5 55 101 49 90 95	7
10 51 50 99 90 102 67 52 57 51 50	32
15 57 51 65 120 53 67 67 52 88 67 49 70 97 102 49	93
15 57 48 101 48 88 70 95 57 101 97 102 101 68 122 90	90
3 54 67 95	6
4 52 52 90 51	44
12 55 97 69 54 98 67 88 57 51 49 98 98	7
18 51 100 95 88 51 99 97 56 57 50 53 54 97 102 88 48 95 66	3
6 53 99 55 51 54 67	5
8 48 101 97 120 101 97 48 68	0
4 53 120 48 53	5
13 54 98 122 69 100 66 55 48 57 98 90 98 50	6
14 48 56 95 120 98 56 99 68 65 95 120 66 68 98	0
9 54 99 53 122 51 52 100 54 122	6
8 54 98 95 65 57 56 98 95	6
16 51 90 90 49 56 52 67 68 97 50 90 101 57 100 88 51	3
3 52 95 97	4
23 54 98 65 99 68 50 69 53 55 66 99 95 101 95 49 120 52 122 51 54 120 97 67	6
16 49 48 97 88 53 57 57 66 122 51 56 56 98 49 56 52	10
24 53 120 48 65 100 120 102 53 50 48 66 97 67 99 120 57 67 99 48 66 100 120 66 66	5
20 53 50 55 88 97 88 65 101 101 95 88 98 90 102 54 95 53 56 69 51	527
21 55 53 66 55 100 65 95 102 70 67 88 54 65 122 97 68 50 88 55 100 51	75
25 45 48 66 50 122 68 68 100 88 102 52 51 53 100 65 66 49 101 101 48 69 52 55 120 90	0
13 50 120 102 66 52 69 49 53 49 88 100 67 65	2
11 48 99 50 48 57 55 50 99 57 100 54	0
3 48 100 50	0
4 45 101 55 57	0
24 51 101 55 52 54 51 100 54 49 49 101 98 57 99 122 68 102 57 70 90 120 56 55 53	3
25 50 102 70 50 102 68 90 100 49 68 122 95 70 88 99 122 99 49 66 68 88 66 51 102 67	2
23 45 102 51 88 102 65 101 54 68 90 54 49 54 57 120 88 69 101 67 53 49 95 100	0
9 54 53 50 88 97 95 53 90 120	652
20 55 56 67 51 122 90 122 54 69 98 99 53 99 53 54 54 48 88 67 97	78
11 53 90 98 69 69 53 69 99 48 54 101	5
13 48 52 68 69 52 65 122 120 65 68 65 70 51	4
11 55 54 99 68 51 52 54 53 52 55 100	76
13 53 122 53 90 52 68 51 98 120 100 95 122 52	5
15 52 56 122 53 56 102 90 122 120 56 102 49 49 122 98	48
13 49 69 97 55 67 69 100 69 95 99 100 122 48	1
10 54 101 95 57 54 100 69 56 101 67	6
4 56 53 88 90	85
25 49 68 51 56 102 52 90 88 57 120 69 53 65 57 48 49 51 54 50 52 98 56 51 57 90	1
10 52 88 52 100 53 49 98 100 66 52	4
10 55 99 67 102 56 90 51 90 69 48	7
3 52 50 120	42
25 49 54 68 67 100 57 50 99 50 120 52 100 120 67 55 53 122 101 99 51 66 97 120 98 90	16
16 48 56 57 48 100 51 66 49 95 122 50 97 68 66 122 70	0
25 50 48 102 68 100 95 120 98 56 50 99 122 48 69 50 97 65 50 48 99 65 55 66 66 50	20
24 57 95 102 55 50 50 51 65 51 122 101 97 53 101 67 57 48 70 120 52 102 98 102 65	9
12 56 49 90 95 97 67 69 88 52 53 102 55	81
11 48 70 49 55 56 57 50 98 48 57 90	0
2 57 70	9
6 54 120 120 53 101 88	6
23 52 102 52 90 102 102 65 52 101 50 56 97 68 55 67 70 122 53 120 55 67 120 55	4
10 55 65 66 66 70 102 69 56 54 69	7
21 53 51 101 53 99 49 56 102 55 57 120 98 99 99 68 67 97 68 51 120 98	53
2 57 53	95
18 50 48 50 50 101 65 97 68 120 54 100 65 102 57 122 50 97 49	2022
21 54 67 90 120 57 99 55 120 54 95 101 101 102 51 65 122 67 55 57 67 54	6
7 57 56 120 51 51 70 102	98
7 53 54 120 52 88 88 122	56
17 52 102 98 56 66 68 57 95 95 70 65 98 95 101 55 95 54	4
16 51 122 70 53 68 54 50 50 97 120 54 122 122 49 52 48	3
14 54 98 102 50 65 102 65 68 88 97 98 95 120 65	6
13 56 66 49 97 67 69 54 55 66 101 101 88 101	8
15 57 99 57 88 97 68 68 53 50 51 51 57 51 88 102	9
16 56 66 69 57 68 88 66 49 48 54 98 50 99 99 56 68	8
20 55 102 52 65 95 68 57 66 67 65 90 52 52 101 52 70 88 51 98 48	7
13 50 99 120 69 68 49 51 48 99 50 88 122 67	2
7 57 90 55 48 51 88 100	9
2 51 100	3
22 51 90 90 50 99 50 66 95 95 55 53 50 100 48 57 57 65 53 67 98 56 100	3
11 45 66 52 57 122 97 48 100 54 95 90	0
7 50 102 56 98 102 100 95	2
22 48 122 101 55 66 69 67 120 65 120 66 70 102 66 50 51 65 68 120 51 100 98	0
7 56 68 120 51 48 48 51	8
22 55 67 54 68 51 55 66 102 53 90 120 100 54 122 97 122 97 49 49 120 88 100	7
6 53 56 95 120 90 65	58
10 55 66 56 101 122 67 90 55 67 90	7
21 55 90 50 52 54 88 122 65 57 50 57 101 53 49 102 95 88 65 70 55 67	7
2 55 55	77
4 51 49 88 122	31
18 48 70 57 53 52 65 55 48 95 55 88 101 54 100 48 101 67 69	0
19 57 69 56 90 48 90 68 52 102 68 67 52 66 120 66 52 57 70 66	9
7 53 95 95 100 88 120 99	5
25 48 52 49 97 102 67 122 102 69 122 70 57 65 67 101 56 70 54 69 88 56 101 53 53 98	33
25 52 51 50 88 51 56 99 54 55 56 122 101 49 69 88 97 53 102 95 55 49 101 95 102 53	432
6 54 70 53 68 102 98	6
3 45 102 55	0
17 49 54 56 53 66 53 95 48 101 97 65 53 50 100 90 55 97	1685
16 52 48 70 55 54 69 101 95 122 53 67 100 65 49 57 54	40
15 51 53 66 57 48 102 52 57 99 54 65 51 70 57 56	35
1 52	4
1 53	5
21 55 99 69 102 50 50 53 99 122 122 69 88 68 68 67 99 100 53 65 57 120	7
3 56 49 49	811
25 48 120 100 67 69 69 48 70 52 66 65 49 90 66 98 49 55 65 49 100 97 70 120 66 48	948886784929
6 55 98 97 100 48 54	7
7 52 90 122 100 88 50 52	4
16 56 48 65 68 69 102 102 88 65 88 55 95 90 88 53 90	80
14 55 50 65 90 90 51 98 68 51 49 68 67 66 56	72
8 48 65 90 48 65 56 100 101	0
20 45 122 95 50 98 99 50 88 69 101 101 54 51 52 97 51 101 90 53 97	0
4 56 70 66 57	8
23 53 48 57 90 95 69 65 120 98 102 52 100 97 56 56 90 100 122 120 65 101 57 69	509
23 48 101 100 57 68 101 70 99 98 57 99 97 68 49 53 55 48 98 57 54 53 50 56	0
13 52 97 98 102 50 55 90 49 99 98 98 90 50	4
21 56 66 56 52 67 70 56 122 51 69 65 99 95 51 55 98 90 102 100 49 95	8
15 49 70 70 100 100 52 56 49 53 100 65 88 48 90 95	1
23 52 88 100 97 50 102 49 51 50 122 68 70 98 88 54 51 57 51 54 65 100 120 69	4
3 52 122 120	4
16 54 48 99 48 67 53 88 53 97 50 57 53 69 120 95 70	60
17 53 90 49 67 101 98 69 95 51 51 53 69 97 101 70 65 102	5
8 53 50 101 55 51 51 122 99	52
13 57 68 56 100 97 122 55 51 48 90 98 67 97	9
17 57 53 99 101 100 95 57 66 120 95 68 70 65 68 101 68 55	95
25 49 49 88 68 70 120 67 51 95 69 67 120 54 101 95 51 48 101 98 57 54 65 55 120 101	11
2 53 90	5
4 52 70 95 54	4
19 56 68 99 98 65 70 57 52 122 48 102 97 102 69 120 101 88 65 65	8
18 51 48 53 100 54 68 69 68 88 55 69 52 52 49 52 120 52 49	305
13 50 88 51 88 65 101 102 53 50 95 49 68 48	2
10 48 53 65 50 101 48 90 101 66 98	5
5 52 68 70 52 65	4
5 48 102 65 53 52	0
8 54 67 50 55 68 99 120 98	6
18 55 101 52 102 69 102 97 97 95 50 97 50 68 122 51 51 122 68	7
7 51 101 66 48 57 55 97	3
16 50 99 52 70 51 95 66 88 90 50 95 69 102 56 97 98	2
18 51 102 66 98 69 51 48 88 97 100 53 95 98 48 57 56 54 100	3
16 53 120 53 56 53 49 102 51 120 95 67 66 88 100 97 101	5
1 49	1
13 57 55 69 100 70 70 68 53 95 88 51 95 66	97
20 50 66 102 90 101 53 51 101 99 66 99 52 69 55 70 57 102 70 98 66	2
21 53 100 70 97 66 122 56 95 90 98 54 55 67 52 67 98 99 95 55 88 122	5
21 50 97 65 51 120 97 54 49 97 57 48 51 98 56 102 51 98 69 51 57 51	2
23 49 95 56 98 50 52 101 68 56 120 97 49 49 122 57 50 54 49 53 57 90 95 100	1
1 57	9
2 52 95	4
12 51 48 90 54 56 68 99 98 102 120 56 98	30
10 55 97 101 67 102 68 56 90 95 51	7
25 52 52 53 88 97 102 95 99 120 102 120 52 55 88 48 90 68 53 54 66 70 102 51 52 95	445
18 49 67 66 67 69 69 49 67 101 120 97 70 122 70 65 102 53 68	1
15 49 50 88 101 67 99 65 48 102 65 88 56 65 120 100	12
25 56 95 90 53 54 50 49 53 49 67 56 70 66 53 100 67 101 100 97 122 53 65 95 120 48	8
22 56 122 88 55 70 55 90 70 95 51 88 57 122 50 102 48 65 53 68 48 88 54	8
18 57 50 54 99 55 52 69 95 48 52 95 52 120 95 70 57 56 57	926
4 57 100 53 69	9
16 48 66 56 122 66 57 65 102 54 53 102 97 53 68 52 50	0
8 57 102 70 68 101 51 122 90	9
19 54 99 53 90 122 49 66 57 68 69 101 55 49 50 51 48 53 55 55	6
18 56 102 99 70 51 97 100 57 65 120 56 68 67 55 90 90 50 53	8
17 57 55 67 70 102 67 65 101 98 51 56 95 70 52 66 100 100	97
11 57 101 57 49 98 97 52 67 120 88 95	9
15 56 52 49 68 65 88 53 97 65 50 97 95 50 101 70	841
21 53 100 97 49 50 49 66 100 101 52 97 50 52 102 55 56 68 51 100 67 98	5
14 54 57 69 56 97 55 100 99 50 100 95 51 54 99	69
25 52 88 57 95 98 98 95 67 48 98 100 90 69 54 70 120 122 68 99 48 57 70 66 57 67	4
11 56 57 95 54 90 95 100 100 99 90 101	89
18 56 102 95 48 100 57 52 122 57 52 57 57 90 53 101 70 65 88	8
12 52 69 48 67 48 65 70 90 65 67 98 101	4
24 49 49 90 98 67 56 88 49 88 88 69 68 65 90 51 66 101 54 97 50 120 122 50 65	11
12 51 69 65 48 55 90 120 65 99 88 95 66	3
10 45 56 122 90 52 120 48 88 122 98	18446744073709551608
5 51 90 101 57 67	3
24 52 52 100 70 99 90 102 48 70 69 66 98 54 101 120 122 49 120 66 68 67 98 69 66	44
13 49 55 65 122 100 65 95 95 101 48 54 101 52	17
13 56 69 122 101 97 55 67 67 55 70 122 67 53	8
11 55 54 95 54 49 51 101 90 50 68 49	76
12 52 55 99 53 97 97 98 95 102 68 55 55	47
21 56 88 68 66 55 98 49 97 57 98 53 66 120 120 98 66 67 51 51 50 95	8
22 52 66 95 66 65 69 56 122 48 102 54 100 49 97 57 52 65 101 99 98 97 70	4
6 53 97 100 48 52 120	5
2 55 57	79
2 52 65	4
25 51 67 65 90 56 66 88 90 65 101 66 53 57 99 122 52 102 95 52 56 50 67 66 65 90	3
15 52 56 98 57 102 97 68 55 54 65 51 102 50 48 66	48
25 53 100 101 98 102 102 100 55 70 120 100 69 90 54 65 97 122 95 52 55 69 56 69 102 54	5
4 54 68 67 56	6
6 48 48 50 67 50 50	2
16 56 102 56 57 102 57 100 100 98 100 70 53 55 52 88 120	8
1 48	0
7 53 55 69 68 53 55 56	57
7 55 102 49 97 101 49 97	7
6 52 52 122 52 67 90	44
15 54 69 51 90 48 49 52 49 90 49 51 100 70 102 100	6
4 45 120 67 102	0
7 55 120 48 67 69 98 100	7
1 52	4
5 48 102 55 120 122	0
11 57 122 95 66 67 53 120 102 51 97 68	9
23 53 70 90 55 66 90 122 102 67 49 102 65 68 88 53 66 102 95 51 56 70 100 90	5
13 54 65 55 52 99 97 95 88 70 69 70 56 68	6
18 49 55 122 56 95 52 70 122 97 50 55 69 98 52 88 100 95 49	17
22 45 122 52 66 49 67 67 99 54 67 70 56 50 55 120 48 67 49 120 99 66 49	0
18 45 70 102 90 100 52 122 52 65 88 54 65 66 65 53 95 49 98	0
13 53 90 67 95 97 99 53 53 99 70 52 69 68	5
21 52 57 122 101 57 66 98 67 56 66 88 99 66 54 55 100 120 48 102 53 90	49
16 57 100 97 67 65 95 122 68 56 100 102 66 50 122 102 90	9
8 52 122 57 65 99 90 55 70	4
14 50 88 67 53 49 49 48 52 49 120 95 98 50 95	2
25 52 53 70 66 69 53 69 54 52 53 51 102 48 66 56 69 51 49 50 122 102 56 52 54 101	45
11 45 49 66 53 100 90 120 54 66 99 99	18446744073709551615
11 45 51 50 90 90 65 95 54 69 53 102	18446744073709551584
10 56 100 56 53 120 98 65 88 53 48	8
19 51 120 90 69 56 98 101 97 49 65 102 50 66 65 122 50 53 69 53	3
12 45 66 101 88 102 53 97 102 66 54 48 97	0
3 49 122 100	1
19 52 100 48 101 56 70 56 51 122 57 51 50 66 56 88 66 57 66 51	4
7 55 97 51 57 120 55 69	7
5 50 95 56 52 52	2
24 50 65 95 68 68 90 99 66 65 50 100 66 67 54 51 97 70 95 97 51 54 98 52 53	2
23 45 69 97 55 98 100 99 99 122 99 97 55 98 88 97 66 54 120 51 53 99 49 100	0
12 50 100 97 50 100 69 54 48 67 55 101 49	2
14 50 95 95 101 99 57 57 48 90 95 52 50 88 100	2
4 57 101 69 53	9
14 57 102 50 65 101 52 95 52 53 97 50 66 90 99	9
10 50 97 53 49 50 67 90 95 69 68	2
14 52 67 120 102 57 53 50 56 55 54 70 66 51 57	4
5 56 52 51 49 99	8431
7 52 57 70 67 90 99 49	49
23 48 50 70 55 66 53 49 97 51 69 102 65 56 52 69 55 50 88 50 95 50 70 57	2
19 45 50 102 65 49 55 52 55 68 120 50 48 69 49 52 48 88 90 56	18446744073709551614
21 56 56 51 88 70 51 48 50 57 101 65 70 56 51 98 56 99 54 68 90 65	883
23 54 56 69 120 67 101 102 57 97 120 99 100 49 49 95 101 69 97 48 50 48 51 90	68
19 48 88 65 102 100 65 68 100 55 100 65 120 50 57 49 90 48 99 90	47205701594
17 51 98 100 50 100 53 57 88 95 66 95 95 98 122 66 50 57	3
12 57 69 48 69 120 50 68 101 95 95 57 57	9
13 57 66 120 67 88 101 99 88 53 88 55 101 90	9
25 51 68 95 53 55 50 65 57 69 90 67 68 90 65 95 90 66 101 52 57 99 55 48 51 88	3
20 50 54 122 49 120 122 99 95 52 98 57 52 69 56 53 101 95 102 98 99	26
6 53 48 70 68 122 53	50
3 57 120 65	9
23 45 97 100 67 122 122 70 97 49 69 54 65 69 56 52 51 67 66 52 57 51 66 98	0
1 49	1
9 51 67 88 48 65 120 51 122 52	3
17 49 49 101 88 97 100 53 50 65 102 56 122 70 98 101 66 99	11
7 48 55 48 55 67 97 99	455
5 55 98 69 66 70	7
15 57 56 100 88 66 99 55 101 54 67 51 66 66 90 98	98
7 53 99 56 70 95 67 49	5
12 50 54 88 98 68 70 120 54 65 97 70 68	26
17 57 51 99 69 97 67 50 49 54 48 98 65 68 88 56 66 101	93
8 56 53 56 53 50 65 101 99	85852
18 49 100 67 67 52 51 98 100 97 101 57 100 48 68 97 101 57 57	1
18 45 55 101 53 50 99 120 88 100 97 120 122 99 57 52 68 49 98	18446744073709551609
20 48 56 48 52 102 102 95 90 49 95 67 98 101 53 53 102 95 66 56 66	0
12 52 101 69 95 53 66 95 66 53 54 102 55	4
14 51 88 66 102 101 51 52 50 68 99 67 70 90 68	3
15 50 57 120 52 99 98 49 95 66 101 101 122 88 102 95	29
23 48 102 67 57 55 70 67 50 52 88 55 102 66 55 122 52 98 90 65 66 69 52 88	0
12 50 100 120 100 48 65 99 57 95 55 122 102	2
5 49 56 50 56 101	1828
10 50 120 48 56 70 70 50 52 101 95	2
11 45 53 95 49 50 100 99 101 100 100 52	18446744073709551611
19 50 98 57 48 67 102 99 57 56 57 69 53 120 56 49 67 49 70 67	2
10 49 54 50 88 102 66 90 66 102 95	162
21 48 66 99 54 51 97 102 88 67 68 99 48 55 99 99 122 53 57 66 55 95	0
12 56 51 97 69 50 56 97 90 51 67 66 52	83
7 55 122 56 65 55 95 51	7
6 49 65 98 50 68 57	1
16 54 66 67 68 122 53 98 56 54 56 51 54 53 101 67 98	6
6 51 100 55 69 65 70	3
19 53 122 101 53 69 99 68 102 100 52 102 65 54 101 70 99 67 102 68	5
9 45 97 95 101 95 120 88 56 53	0
8 52 101 102 67 99 50 49 50	4
13 56 55 67 54 56 102 102 95 55 97 55 101 97	87
14 54 88 53 65 65 102 67 122 48 66 68 122 68 69	6
19 49 65 97 67 66 98 57 49 100 48 48 88 69 55 90 102 53 55 101	1
5 49 50 95 51 120	12
19 56 122 50 65 50 48 68 98 54 56 88 97 70 99 97 52 69 70 48	8
5 49 68 65 56 97	1
22 45 95 48 67 101 52 48 49 98 101 95 122 100 55 54 56 69 98 67 65 98 67	0
24 51 100 54 98 57 65 51 100 97 51 70 49 53 122 67 68 52 122 102 51 120 51 122 122	3
10 48 55 98 95 88 99 99 68 51 98	7
15 48 100 49 68 69 69 56 100 49 101 68 51 49 99 88	0
24 57 65 95 48 102 68 69 95 68 52 97 99 56 67 51 55 48 50 100 68 67 88 88 69	9
6 49 49 97 122 52 50	11
5 52 68 57 97 98	4
18 48 70 101 49 57 95 88 49 53 49 65 69 67 66 97 54 70 69	0
6 57 49 48 88 95 95	910
22 52 99 51 48 100 102 88 67 52 55 95 69 55 69 52 65 51 56 120 88 68 56	4
19 45 67 90 101 67 88 57 120 98 98 57 95 67 101 48 95 48 122 67	0
25 48 57 66 68 57 48 65 53 70 98 48 53 98 65 67 90 122 102 67 50 69 99 68 99 88	0
4 51 95 68 99	3
14 52 70 88 65 102 54 52 99 67 69 52 101 68 97	4
21 54 90 95 102 70 122 51 53 49 101 48 66 48 120 88 65 55 90 70 50 97	6
12 50 51 70 120 55 68 57 69 102 49 53 57	23
4 50 48 68 57	20
9 55 65 97 57 65 56 65 70 66	7
3 52 52 66	44
22 48 48 88 67 97 101 54 88 65 88 97 53 88 102 90 100 50 100 88 88 53 69	0
24 57 100 50 122 100 65 51 100 56 101 55 120 66 67 56 95 101 98 99 57 122 68 51 48	9
9 56 122 90 70 70 56 98 56 95	8
20 52 100 55 67 88 52 66 101 98 68 54 55 68 67 88 48 55 95 120 98	4
14 48 98 52 100 54 52 98 54 49 99 68 48 97 98	0
19 50 122 52 69 95 88 120 66 52 53 95 48 122 53 48 97 100 99 70	2
8 50 56 51 48 97 68 95 99	2830
21 48 68 69 51 97 120 52 102 100 50 88 120 99 66 53 99 69 95 70 102 100	0
6 48 70 97 102 67 100	0
11 57 66 70 67 102 48 55 54 95 48 68	9
21 50 57 98 51 99 95 66 88 57 102 55 52 48 102 99 97 53 50 65 57 56	29
22 55 55 120 120 67 52 101 88 88 102 57 101 101 54 50 102 55 53 68 98 51 70	77
12 49 120 53 50 69 122 67 54 67 69 88 50	1
14 50 70 53 98 95 49 57 68 120 88 50 53 90 90	2
3 54 54 122	66
21 49 98 54 97 53 122 53 102 90 100 70 50 67 102 68 120 57 49 69 90 122	1
10 48 51 66 101 88 101 65 52 66 51	3
23 48 68 54 65 65 49 99 97 65 49 122 48 99 69 67 52 98 51 120 65 49 70 97	0
2 51 88	3
8 50 88 65 101 68 51 102 57	2
1 56	8
12 56 101 99 49 68 90 97 98 56 55 95 57	8
20 49 50 67 88 97 101 100 90 57 57 120 99 68 122 51 95 70 101 69 99	12
23 48 122 98 122 122 120 50 98 52 102 88 48 49 65 70 69 50 52 49 99 102 68 101	0
22 54 95 54 120 88 55 51 67 70 65 51 51 100 51 102 98 98 57 69 66 52 51	6
23 57 122 100 51 97 70 95 90 65 68 65 70 65 98 99 122 53 67 88 98 88 55 97	9
10 52 95 100 90 57 55 55 57 101 120	4
8 52 97 53 68 88 122 52 120	4
13 52 122 120 102 68 55 65 49 97 88 54 66 90	4
21 51 68 57 54 95 90 69 90 88 88 90 102 122 98 90 53 49 65 99 65 122	3
12 55 51 69 54 101 57 90 122 100 67 97 57	73
11 53 100 67 68 50 49 65 66 48 65 98	5
19 57 99 100 101 102 122 55 122 99 65 100 55 102 99 100 70 55 57 120	9
3 52 99 55	4
24 48 90 51 122 54 70 101 51 53 69 54 49 69 102 50 122 95 99 99 48 90 122 56 99	0
15 55 52 100 88 102 54 53 69 53 56 50 49 120 54 120	74
25 53 66 51 67 50 70 100 95 48 69 52 66 48 54 66 48 122 99 67 68 68 102 90 53 56	5
6 56 88 67 88 97 52	8
21 54 52 51 100 101 54 97 120 67 102 53 101 97 56 67 51 97 55 50 100 51	643
8 55 55 48 100 101 100 57 66	770
2 45 66	0
1 51	3
4 49 67 95 98	1
4 52 101 100 95	4
5 54 52 50 52 88	6424
2 50 102	2
11 52 70 50 67 51 51 122 120 101 51 120	4
20 45 98 97 101 55 69 69 54 122 69 53 53 56 90 69 48 99 88 55 55	0
22 54 99 65 65 100 67 95 101 98 48 120 100 53 95 70 70 95 52 51 66 56 52	6
18 55 68 101 101 88 90 70 102 66 57 57 99 97 69 122 120 88 50	7
4 53 52 67 53	54
14 52 51 102 122 69 55 66 97 68 57 100 52 90 67	43
21 57 68 97 51 69 122 52 95 95 69 90 95 65 95 66 98 90 120 101 57 99	9
20 48 56 101 65 69 122 90 56 102 54 68 98 100 51 101 53 99 101 122 101	0
20 49 51 97 69 69 66 48 102 66 120 48 56 54 53 120 95 49 50 100 52	13
3 57 56 56	988
9 49 67 98 68 67 97 56 100 120	1
17 53 68 67 65 100 100 56 99 55 122 57 100 101 99 122 56 49	5
15 56 51 120 99 101 54 56 68 55 100 88 68 57 70 95	83
21 55 50 90 65 90 52 101 67 49 101 57 69 101 53 65 56 52 100 99 56 54	72
24 54 68 48 57 101 66 120 97 69 100 67 50 100 55 50 69 48 98 101 57 101 69 52 69	6
6 50 66 97 48 98 52	2
14 48 50 90 55 57 97 95 49 95 55 100 90 101 53	2
5 52 97 100 50 57	4
23 48 65 53 102 54 54 102 122 66 97 50 52 120 50 54 55 57 66 50 48 97 67 51	0
14 55 100 65 48 100 90 48 99 48 51 95 66 54 48	7
10 48 65 50 100 90 68 88 99 52 120	0
19 48 53 102 53 100 51 95 120 70 88 102 102 53 122 90 48 122 102 52	5
19 51 56 50 70 56 53 68 69 120 97 68 122 51 120 67 98 95 49 49	382
16 48 49 48 69 52 53 52 51 120 53 88 56 98 98 67 98	8
16 50 120 65 48 57 66 67 67 49 122 48 67 67 54 68 122	2
3 53 88 65	5
10 54 70 100 120 122 67 68 100 50 53	6
25 56 67 95 52 52 55 50 52 102 95 52 52 100 49 48 53 49 66 100 97 97 122 48 68 68	8
22 56 90 101 54 98 66 66 57 52 90 67 100 70 95 95 50 51 102 102 56 70 50	8
5 57 100 56 90 101	9
13 54 70 98 102 101 51 70 55 57 55 55 97 102	6
9 49 56 122 70 100 97 101 102 54	18
25 48 53 70 99 122 99 90 51 98 56 90 54 67 69 52 68 95 69 99 66 99 54 88 54 70	5
17 49 55 52 65 100 88 53 52 95 66 65 55 68 65 120 70 90	174
18 45 101 95 50 97 69 57 122 95 53 122 65 102 90 53 101 54 65	0
19 52 50 120 70 57 48 48 88 51 56 50 67 49 55 122 70 57 50 120	42
14 56 65 56 69 65 51 66 66 99 54 48 51 66 65	8
5 56 90 102 66 50	8
10 54 69 65 95 50 48 100 69 98 95	6
9 48 95 100 54 50 65 122 102 55	0
15 49 90 66 120 54 68 55 51 69 49 67 122 48 67 54	1
25 50 100 57 69 55 100 70 101 90 88 68 52 120 55 120 53 49 51 50 100 70 49 50 57 69	2
10 51 95 69 69 101 101 122 54 54 97	3
10 53 56 51 98 95 120 122 49 57 52	583
12 55 57 90 100 120 99 54 98 53 67 102 99	79
14 55 56 97 102 70 49 50 90 48 53 102 120 101 97	78
7 57 88 48 90 99 57 67	9
11 45 88 88 53 88 99 70 48 69 100 68	0
9 56 67 95 50 100 48 67 98 68	8
3 53 50 70	52
3 53 53 56	558
7 57 98 99 99 99 101 53	9
24 53 88 49 102 122 53 90 102 65 65 122 51 54 51 65 120 49 120 66 97 48 54 68 69	5
16 48 97 57 57 68 69 53 99 70 51 100 70 90 52 48 66	0
16 50 97 122 68 54 68 100 66 55 48 98 97 65 49 88 122	2
7 48 66 122 70 90 51 69	0
9 53 66 48 56 50 50 57 70 57	5
8 53 55 97 52 51 49 68 48	57
8 56 66 97 69 50 50 101 70	8
14 50 120 57 56 88 67 66 102 97 67 70 49 49 52	2
16 51 70 90 51 69 90 88 66 56 48 88 56 100 122 55 48	3
5 55 51 97 68 98	73
4 57 48 102 54	90
20 55 55 122 100 66 50 98 97 70 55 97 52 95 69 102 54 122 65 101 57	77
12 55 51 90 98 50 56 49 49 97 102 50 69	73
11 53 88 98 55 49 53 49 56 120 51 56	5
18 52 65 48 122 67 56 50 49 53 122 67 120 100 69 55 51 67 102	4
16 50 100 70 50 88 54 69 65 120 99 54 90 102 90 95 65	2
1 50	2
4 48 65 51 97	0
1 49	1
8 51 57 48 120 57 99 120 88	390
18 49 48 51 97 68 65 70 97 49 95 67 56 67 99 51 49 52 65	103
25 54 99 100 68 50 48 67 66 66 90 100 53 54 56 102 54 69 70 55 97 100 66 101 99 66	6
4 49 55 50 65	172
9 53 102 50 68 122 95 88 55 101	5
7 52 99 69 53 53 56 53	4
19 48 66 51 101 100 120 68 52 53 102 98 67 55 52 65 122 102 97 51	0
19 54 53 98 67 50 122 97 99 67 120 67 120 90 98 53 120 52 95 49	65
16 57 56 88 100 98 48 70 49 98 99 98 49 97 56 100 98	98
4 50 70 69 68	2
17 45 90 97 120 51 95 67 69 69 69 67 54 97 101 48 90 55	0
9 51 100 55 49 101 102 52 51 53	3
18 49 67 66 95 66 88 120 69 68 54 55 99 53 55 68 57 50 102	1
9 57 57 49 56 50 53 56 51 88	99182583
23 49 67 100 98 49 56 66 48 54 120 120 99 57 102 57 48 65 65 55 52 50 120 52	1
22 50 57 90 49 120 49 120 98 97 68 101 56 57 98 55 100 120 55 69 49 65 66	29
10 56 56 53 49 122 100 57 122 90 52	8851
11 49 90 69 65 122 69 55 56 50 65 65	1
24 55 67 55 53 48 100 120 51 52 95 57 54 88 95 55 120 97 122 101 67 49 49 100 52	7
2 53 51	53
6 56 55 122 54 49 65	87
25 48 98 69 57 99 52 65 90 70 53 54 98 49 50 65 120 49 70 95 50 52 90 101 53 50	0
12 51 67 49 122 122 69 55 120 51 99 95 98	3
5 54 56 102 101 52	68
5 45 120 101 57 52	0
24 53 100 56 95 65 50 98 88 56 90 55 70 100 55 97 54 67 66 70 55 88 70 67 50	5
21 50 102 52 52 120 68 65 100 55 67 49 101 120 120 120 101 56 55 70 66 49	2
20 52 102 70 97 101 52 120 100 69 98 68 90 50 66 53 120 65 68 55 65	4
18 51 95 57 95 102 120 65 90 90 50 49 70 70 67 99 70 67 67	3
15 52 50 51 88 52 51 102 88 49 56 65 70 53 49 122	423
9 57 67 50 90 100 54 69 70 100	9
23 57 66 69 120 49 53 51 70 51 98 53 101 56 95 101 50 97 122 68 54 99 54 52	9
12 53 70 55 48 54 56 120 51 57 52 55 70	5
5 53 67 88 99 122	5
20 55 57 65 52 88 100 122 95 66 99 90 55 51 57 95 53 56 49 90 67	79
4 55 52 99 48	74
22 52 90 101 90 97 90 50 49 55 90 57 70 100 100 51 51 51 48 56 70 67 54	4
22 54 120 54 50 90 52 57 88 65 97 101 67 100 51 49 52 69 49 90 48 70 48	6
14 54 51 101 98 68 99 53 49 95 67 97 122 50 102	63
19 49 102 65 67 56 51 98 95 100 67 90 53 68 101 51 52 90 52 54	1
22 45 55 122 69 98 88 98 48 67 88 51 48 56 66 51 95 102 101 120 90 88 56	18446744073709551609
7 51 56 102 97 49 97 95	38
18 48 53 54 57 68 97 100 50 50 120 99 55 98 56 54 50 49 52	46
17 48 53 68 55 53 68 90 52 95 48 50 67 90 65 70 67 101	5
15 50 56 102 95 50 98 65 97 50 53 100 97 55 53 95	28
1 45	0
9 56 100 70 70 68 51 90 98 122	8
12 56 67 65 97 56 70 98 51 95 120 66 66	8
14 49 53 50 55 95 57 102 65 97 90 51 52 100 69	1527
23 52 48 122 65 102 69 69 48 90 49 48 54 54 68 101 50 70 50 52 65 51 68 56	40
12 48 49 97 122 102 53 88 99 100 88 54 51	1
24 52 100 51 48 69 53 97 97 55 66 100 99 53 65 120 50 57 95 90 90 99 51 67 49	4
11 54 56 51 97 102 97 88 101 88 100 97	683
18 50 100 68 70 101 68 66 49 98 69 88 101 67 122 102 65 101 70	2
1 54	6
6 50 95 97 102 70 67	2
13 51 99 52 65 102 120 120 53 66 55 49 54 101	3
14 52 122 67 51 67 50 54 50 50 97 99 99 51 66	4
3 48 98 98	0
4 49 69 70 99	1
20 54 120 53 66 55 102 90 70 88 65 95 122 52 50 102 120 90 102 66 53	6
5 51 53 50 95 57	352
15 50 101 101 52 55 88 120 52 95 53 48 68 95 53 90	2
19 50 97 56 95 57 65 54 57 48 102 52 97 65 52 68 69 65 95 53	2
17 52 99 70 51 70 48 98 48 65 67 90 57 49 70 100 67 50	4
5 45 122 66 48 67	0
21 49 70 70 90 52 48 102 54 101 57 67 54 88 68 99 98 101 51 49 99 98	1
22 51 120 56 53 68 53 67 65 66 57 120 70 49 68 57 53 120 122 56 69 68 65	3
2 56 52	84
5 57 122 99 49 67	9
17 55 122 57 101 97 88 102 54 52 51 102 67 52 53 102 98 56	7
18 53 102 97 122 49 56 54 67 52 51 53 101 52 90 97 65 50 122	5
19 52 90 57 65 70 54 66 52 67 120 56 50 101 53 97 68 97 55 97	4
8 53 122 67 98 48 99 99 98	5
1 55	7
15 51 68 54 69 65 56 99 120 99 99 95 97 90 52 68	3
2 54 102	6
4 55 50 53 95	725
24 55 122 95 68 66 66 120 66 102 55 54 88 52 55 51 98 98 51 122 67 90 120 98 56	7
12 48 120 101 56 95 53 122 69 69 53 53 98	232
25 49 90 97 99 55 48 65 66 56 56 97 122 90 99 100 67 101 69 50 54 49 54 97 100 55	1
10 51 98 68 51 100 70 66 67 97 55	3
21 49 101 55 56 55 97 98 55 57 102 57 51 95 99 55 56 53 101 122 55 55	1
20 50 99 70 97 95 50 100 67 122 48 51 101 100 69 97 98 88 53 67 68	2
4 53 100 49 51	5
20 54 100 50 56 97 52 54 67 54 66 55 122 52 95 55 102 68 48 88 49	6
17 45 122 101 97 99 100 120 100 65 48 99 51 99 90 57 48 99	0
25 50 98 97 68 120 102 98 70 53 101 67 88 101 56 48 69 98 68 98 53 102 55 52 48 50	2
7 55 48 67 90 66 54 97	70
6 51 88 90 54 95 56	3
9 52 48 51 51 56 100 99 102 120	40338
16 48 69 120 50 88 90 95 98 49 52 98 57 49 99 100 57	0
1 49	1
24 51 56 100 98 95 102 98 54 54 48 68 65 66 65 67 52 50 120 56 50 50 55 54 67	38
4 53 120 48 88	5
13 45 66 49 68 49 52 48 55 100 52 69 88 54	0
12 56 88 68 95 56 102 98 100 100 122 100 57	8
16 51 101 99 56 53 101 97 101 54 97 54 67 97 102 68 53	3
10 57 70 120 48 67 101 56 67 102 102	9
6 49 102 95 49 98 57	1
24 51 97 50 98 49 50 65 95 100 122 68 67 99 69 49 66 54 66 101 98 101 102 67 54	3
2 57 50	92
15 49 67 52 53 48 57 55 90 101 97 57 99 98 51 100	1
12 53 56 99 102 68 99 48 101 90 97 55 99	58
2 57 99	9
6 49 56 70 65 95 55	18
10 54 52 55 88 98 53 101 100 101 52	647
6 45 88 101 65 99 51	0
8 57 97 54 88 100 51 57 100	9
10 57 52 50 48 51 57 56 48 101 52	94203980
25 48 122 52 70 97 101 69 50 57 55 95 57 66 101 101 65 99 90 57 68 99 49 57 52 98	0
3 54 97 68	6
3 45 68 100	0
13 56 57 66 67 100 95 53 50 122 95 53 98 97	89
17 50 100 65 48 101 53 49 67 54 68 97 90 66 52 57 88 50	2
7 51 95 56 68 98 102 51	3
7 50 68 56 90 50 57 54	2
25 52 55 68 69 122 120 51 99 100 120 70 49 68 99 100 55 48 67 52 48 97 52 100 56 98	47
25 51 95 122 57 95 54 57 70 99 53 88 98 67 98 97 97 65 69 50 57 69 98 52 120 97	3
15 45 70 66 57 67 65 70 65 98 98 99 102 65 54 69	0
12 54 66 99 68 57 51 102 122 57 66 67 99	6
9 54 98 65 98 48 98 48 55 67	6
4 48 66 69 49	0
24 50 67 120 54 88 54 98 97 50 100 102 65 101 57 67 56 100 57 102 56 55 67 68 70	2
21 48 102 122 97 51 70 100 68 70 49 98 99 48 50 52 102 67 99 122 98 50	0
7 54 69 100 100 56 54 122	6
21 45 52 50 122 52 97 98 57 88 52 95 100 53 100 66 69 69 90 120 98 98	18446744073709551574
16 50 55 52 70 68 120 88 52 98 99 67 88 66 49 70 97	274
12 48 102 102 68 52 48 66 66 70 48 99 69	0
4 49 120 56 53	1
2 55 98	7
19 48 120 66 70 98 57 70 49 65 69 57 122 50 70 88 48 120 95 51	51466148585
8 54 49 100 102 51 57 69 97	61
1 57	9
3 53 90 66	5
25 48 56 90 52 66 66 65 122 50 97 122 50 102 48 53 52 98 69 51 67 97 52 90 55 95	0
16 57 55 102 101 50 50 66 54 52 49 52 95 88 55 51 90	97
10 53 53 54 54 53 100 100 52 69 120	55665
21 53 65 48 57 97 70 101 101 97 68 95 97 51 99 48 66 95 54 51 68 55	5
12 51 100 100 54 120 120 52 66 56 95 120 48	3
5 51 95 101 53 69	3
24 49 98 48 49 53 99 53 48 65 99 51 53 69 66 52 69 54 101 49 67 101 100 99 98	1
5 57 95 65 101 67	9
18 52 88 95 70 122 52 95 99 54 95 102 97 53 67 102 66 53 66	4
23 50 66 99 70 66 122 97 56 100 120 98 101 50 55 97 65 90 50 122 52 56 48 70	2
17 45 53 68 54 88 48 53 99 101 53 57 90 48 122 53 52 101	18446744073709551611
3 52 66 98	4
16 52 97 56 48 90 90 57 65 68 102 102 99 69 67 53 69	4
2 45 55	18446744073709551609
4 45 69 101 65	0
9 50 120 54 66 53 56 100 95 70	2
13 51 101 100 48 101 122 90 49 122 49 120 53 95	3
11 55 99 101 97 122 48 122 52 101 56 95	7
12 50 120 99 53 50 99 53 99 65 98 51 51	2
5 54 54 67 55 49	66
21 55 68 99 57 51 90 97 55 97 102 48 102 51 55 51 98 95 66 51 122 90	7
3 55 51 55	737
15 51 98 65 65 102 66 97 70 55 88 99 102 66 65 95	3
10 52 49 56 102 56 101 52 52 102 97	418
25 55 90 57 48 52 68 50 48 122 55 69 69 120 53 57 56 102 122 102 51 98 53 97 95 95	7
11 49 49 52 51 100 56 120 53 102 65 95	1143
4 55 53 55 67	757
15 51 55 70 102 54 68 90 49 97 100 88 102 88 55 53	37
3 57 48 69	90
16 49 67 70 54 51 57 53 102 99 54 90 90 54 48 55 69	1
10 52 97 88 101 97 55 48 102 97 88	4
12 52 54 90 49 51 54 120 50 66 99 99 65	46
21 48 69 98 56 69 98 57 48 99 54 57 54 95 102 101 69 55 97 120 98 99	0
23 54 57 56 98 55 66 50 97 65 99 56 48 51 54 100 66 99 97 67 95 102 69 101	698
7 57 51 100 55 69 90 67	93
24 49 102 95 122 88 55 97 95 55 90 97 65 51 97 100 67 88 54 100 48 50 48 54 55	1
16 54 69 70 95 88 56 56 88 48 122 97 102 95 54 120 101	6
12 50 55 101 52 57 55 99 69 50 102 65 97	27
8 57 67 97 67 48 69 67 97	9
19 53 68 97 70 66 51 120 53 98 66 49 57 53 95 51 52 95 97 99	5
12 57 97 68 66 69 122 49 49 99 99 67 101	9
23 51 55 49 120 50 95 102 49 95 98 69 69 97 95 66 66 51 66 88 52 99 48 90	371
11 57 90 100 122 102 57 67 53 52 98 48	9
8 54 70 50 101 95 67 88 95	6
16 51 99 50 55 120 95 69 122 101 57 55 100 50 120 65 49	3
10 56 66 88 66 67 66 70 100 68 65	8
15 51 88 49 50 68 102 53 120 54 52 53 48 50 56 95	3
6 56 51 97 67 99 95	83
10 55 101 50 98 68 99 54 57 120 90	7
11 50 102 56 90 68 98 55 99 100 52 101	2
13 49 122 88 101 99 70 57 90 99 97 88 69 100	1
2 53 53	55
24 51 54 52 70 49 102 70 102 54 50 98 67 102 56 57 55 90 99 97 53 50 101 97 88	364
13 50 99 101 99 100 69 50 65 102 57 56 51 68	2
4 53 50 100 48	52
12 55 51 57 122 102 50 52 98 54 122 102 53	739
1 57	9
20 45 50 98 65 120 95 69 51 54 95 69 99 54 53 102 54 55 49 101 66	18446744073709551614
1 49	1
21 48 49 69 51 120 69 90 65 50 67 65 48 120 98 48 53 122 56 65 69 50	1
25 56 90 69 68 88 52 70 56 49 67 52 97 55 102 69 122 122 88 50 55 49 120 99 54 50	8
15 51 88 120 97 55 57 53 102 57 99 52 120 49 67 52	3
9 53 120 102 122 65 95 57 99 53	5
16 54 122 67 53 69 48 100 51 66 48 53 54 55 56 101 56	6
1 54	6
7 50 65 122 95 90 51 69	2
23 52 48 57 50 69 52 98 66 48 51 57 99 57 122 52 70 66 99 122 102 102 65 99	4092
14 52 98 57 54 120 48 51 53 48 97 120 56 65 69	4
16 54 53 68 101 98 95 101 102 48 53 69 65 56 99 66 68	65
12 49 99 98 67 102 122 120 69 56 52 69 50	1
24 50 56 57 90 98 97 70 55 68 57 50 95 102 54 55 48 97 50 53 120 67 102 67 66	289
2 48 67	0
11 49 66 55 95 53 50 51 48 98 55 50	1
15 45 54 51 90 54 52 90 102 67 90 56 51 68 68 57	18446744073709551553
21 57 102 95 52 52 120 68 100 54 67 49 68 53 102 66 101 99 66 70 90 95	9
2 51 57	39
18 56 48 52 53 69 101 57 53 99 97 101 97 50 100 120 68 54 90	8045
19 53 88 67 56 53 66 120 49 54 53 51 120 48 55 49 48 65 68 100	5
13 57 70 50 70 50 50 97 53 55 57 48 56 65	9
1 57	9
19 55 100 120 98 50 69 122 65 66 54 122 48 101 54 51 98 55 51 67	7
18 50 57 52 120 48 57 66 101 48 53 54 102 53 54 97 90 66 101	294
17 51 100 54 57 102 57 98 69 53 98 102 102 88 51 68 52 53	3
6 51 52 100 99 52 48	34
15 48 122 100 67 99 100 120 102 70 57 50 66 68 52 97	0
3 49 88 57	1
25 54 70 97 88 98 50 66 52 55 95 52 70 99 99 97 67 102 99 67 88 97 120 51 50 49	6
12 48 101 57 53 68 68 66 122 100 95 51 122	0
24 53 52 98 122 52 50 69 53 55 97 122 97 67 98 95 97 100 102 51 52 53 57 99 99	54
18 51 67 97 66 101 88 97 55 54 99 101 120 95 57 70 101 51 67	3
21 54 98 51 67 95 57 99 52 53 90 100 51 66 65 68 120 98 57 120 70 70	6
23 56 49 100 57 54 101 50 122 102 100 50 99 95 95 70 101 52 69 67 48 98 120 68	81
1 51	3
6 57 56 55 48 67 95	9870
20 57 48 122 98 88 53 54 54 67 97 68 65 99 99 102 54 56 52 88 49	90
3 56 56 100	88
16 56 49 102 98 90 102 50 48 50 54 57 50 67 90 90 66	81
13 57 102 53 88 122 122 95 49 66 53 99 53 97	9
21 54 122 54 69 53 51 65 66 101 70 95 88 88 52 50 56 100 50 69 54 100	6
12 57 54 54 66 95 68 55 90 65 70 50 102	966
21 57 57 55 97 101 50 66 120 68 56 49 66 57 68 98 98 68 68 67 48 97	997
22 48 101 100 51 56 54 57 88 67 97 51 48 49 67 50 90 122 70 57 48 88 67	0
8 55 55 56 120 88 97 90 99	778
2 52 53	45
24 49 50 101 54 100 90 99 52 120 95 101 51 100 67 97 49 66 51 102 70 120 100 90 55	12
22 45 65 99 57 51 69 52 56 100 70 90 97 48 66 68 50 120 69 122 120 49 122	0
4 57 97 67 102	9
4 50 100 53 48	2
9 51 50 100 51 65 48 48 122 53	32
21 55 101 68 102 48 52 67 120 65 57 102 67 90 50 95 66 70 99 100 69 98	7
6 54 54 57 90 56 55	669
15 49 67 50 69 120 122 50 53 122 67 57 97 65 88 122	1
24 54 66 49 90 53 53 57 68 56 49 49 67 49 49 90 70 69 90 53 67 97 51 51 66	6
6 56 56 49 102 57 68	881
1 53	5
25 52 57 68 55 100 70 90 54 90 100 70 101 54 53 95 98 88 98 101 54 102 98 95 66 99	49
10 52 95 52 56 54 68 102 53 101 68	4
20 54 102 49 97 95 122 54 54 95 99 50 88 56 97 52 66 55 57 100 52	6
11 55 100 54 53 88 50 48 49 99 122 95	7
7 50 88 65 69 54 69 97	2
6 51 120 49 52 66 54	3
4 45 56 51 97	18446744073709551533
18 53 55 57 51 102 66 120 50 95 52 48 65 67 52 65 90 48 49	5793
7 48 122 122 70 120 54 53	0
15 53 52 53 90 49 70 122 56 95 69 88 100 48 50 57	545
5 49 98 56 54 90	1
24 52 120 120 120 57 51 101 101 99 66 48 52 120 102 56 65 50 90 55 54 49 55 66 68	4
20 54 69 70 66 98 65 49 65 122 100 120 67 88 102 68 95 49 56 56 65	6
10 53 95 101 101 49 49 69 90 98 102	5
11 53 67 66 48 100 90 50 70 48 88 67	5
21 57 48 68 66 95 97 49 122 50 57 52 101 88 69 88 53 70 57 101 68 97	90
20 57 51 52 57 55 69 120 57 53 65 66 88 51 53 51 55 49 90 53 67	93497
18 55 95 88 54 97 52 65 101 50 120 49 52 69 120 70 54 97 98	7
5 55 90 49 102 98	7
8 49 67 102 54 99 51 70 90	1
22 45 52 90 67 49 102 54 56 48 97 97 70 102 90 102 50 70 95 55 67 88 122	18446744073709551612
15 54 67 57 69 95 56 90 52 48 68 120 51 98 55 100	6
22 52 53 70 70 98 51 55 99 48 98 66 70 95 97 69 88 51 67 100 54 69 67	45
19 56 69 95 90 90 95 56 53 101 56 54 70 66 51 52 101 98 100 55	8
8 50 101 65 50 66 68 120 48	2
19 45 51 95 56 51 95 51 120 55 90 101 99 98 98 97 98 51 49 65	18446744073709551613
15 48 102 102 51 67 55 52 95 97 100 51 99 66 50 122	0
15 50 53 66 100 120 48 51 95 66 99 90 48 122 100 122	25
11 53 68 48 122 53 90 69 70 57 68 57	5
13 52 122 70 50 67 99 48 88 90 122 65 90 120	4
8 52 53 57 95 88 51 67 56	459
1 54	6
21 55 122 122 51 55 65 70 88 98 50 53 88 53 90 90 51 120 122 52 68 53	7
15 52 65 66 49 67 49 102 101 67 70 70 52 56 88 68	4
25 54 66 88 65 55 55 95 48 101 67 54 98 90 54 49 55 52 50 95 122 53 101 90 49 99	6
2 57 49	91
10 55 69 52 50 66 99 67 102 57 68	7
4 48 54 55 53	445
2 53 90	5
19 52 95 88 50 65 54 122 120 95 48 50 66 69 90 67 99 65 50 49	4
12 56 90 90 57 52 95 98 66 56 68 122 66	8
12 48 88 52 88 70 54 90 53 56 50 49 69	4
24 49 51 102 50 68 49 99 97 48 101 120 99 122 99 66 95 57 102 100 49 120 98 52 100	13
23 54 57 50 48 95 99 68 50 102 57 95 53 49 100 68 56 51 50 122 100 95 97 57	6920
5 52 52 67 56 101	44
8 53 102 57 88 90 69 68 53	5
12 54 68 95 67 53 97 50 53 50 51 54 55	6
19 49 66 57 65 49 101 97 67 99 98 97 55 55 102 101 101 90 102 56	1
7 53 90 120 70 53 101 66	5
2 56 90	8
11 52 101 88 56 55 120 97 99 68 65 53	4
25 50 55 99 52 88 65 67 48 50 54 90 65 120 70 98 95 50 51 55 55 122 90 49 48 98	27
20 52 102 53 53 57 66 50 67 101 51 52 53 98 120 53 52 56 100 120 98	4
1 50	2
9 51 97 66 66 90 52 67 49 97	3
3 45 56 55	18446744073709551529
15 50 120 50 65 95 100 101 95 122 57 55 122 67 69 55	2
4 50 97 66 54	2
5 45 68 68 69 70	0
3 54 98 100	6
6 53 49 56 70 88 90	518
1 45	0
13 57 101 48 122 100 100 70 50 68 54 52 57 65	9
19 54 54 70 90 120 56 68 57 53 52 57 98 48 53 88 99 51 122 90	66
16 52 53 69 102 49 68 48 102 54 48 68 122 57 53 52 90	45
8 52 68 57 98 66 66 90 90	4
23 53 122 90 70 102 52 53 65 101 101 102 49 48 69 69 99 98 102 98 120 65 69 55	5
23 55 97 88 67 66 49 49 65 99 69 57 56 52 56 54 52 70 52 95 53 88 120 95	7
6 45 67 57 122 120 50	0
10 56 55 56 122 66 120 95 48 70 53	878
12 49 99 55 102 67 120 52 53 69 67 99 101	1
5 54 68 98 48 120	6
11 50 88 95 51 95 67 49 102 51 54 98	2
16 49 99 122 53 100 48 56 88 99 70 52 56 97 102 52 52	1
5 48 56 50 52 51	0
15 51 49 99 102 102 67 95 100 68 54 95 69 55 50 90	31
23 50 70 97 70 67 100 53 57 56 101 102 69 67 95 90 99 53 122 69 50 52 55 66	2
5 49 53 48 101 102	150
10 49 57 69 98 69 51 70 52 68 48	19
23 55 67 98 69 120 101 99 51 51 122 122 66 56 98 88 95 100 65 100 99 50 57 66	7
1 45	0
13 54 55 95 55 49 67 98 88 52 57 101 66 102	67
24 51 120 52 48 69 70 100 54 69 88 52 48 97 120 97 122 52 49 95 53 55 90 88 57	3
6 45 48 54 68 102 51	18446744073709551610
14 50 48 53 55 50 101 102 53 70 51 90 122 55 56	20572
8 48 54 88 50 54 53 54 70	6
15 45 88 122 55 56 66 69 69 120 65 122 48 56 67 95	0
9 52 56 100 57 65 56 120 51 65	48
6 55 51 69 70 70 120	73
17 50 100 52 90 52 90 95 52 56 54 49 69 99 55 50 98 50	2
4 53 69 53 97	5
2 57 65	9
11 52 51 88 51 67 88 97 65 66 57 67	43
5 52 70 54 122 100	4
24 55 100 120 56 122 67 102 68 65 56 99 49 52 57 48 102 90 90 68 95 50 57 51 52	7
2 57 99	9
4 55 49 48 98	710
21 53 65 102 70 97 69 98 55 88 52 102 49 55 88 102 120 50 69 68 97 101	5
21 53 88 88 69 120 98 90 99 50 50 68 102 51 120 90 67 99 120 102 97 97	5
18 54 48 102 122 55 67 88 69 55 67 66 53 70 90 50 52 90 57	60
25 51 69 49 55 102 101 70 88 65 66 49 102 88 50 68 70 70 56 102 49 65 49 95 57 88	3
13 56 100 70 51 101 55 65 98 50 55 51 50 57	8
2 54 65	6
24 48 54 90 102 52 50 51 97 48 88 67 88 66 68 54 122 102 57 99 98 69 66 50 120	6
14 55 51 102 99 52 102 54 95 55 65 95 54 48 90	73
21 49 102 67 98 67 52 51 48 122 67 98 98 53 90 98 50 50 100 70 48 68	1
9 48 100 48 102 88 48 70 52 66	0
3 51 120 66	3
9 57 101 65 69 97 52 51 53 97	9
5 56 95 98 100 69	8
4 54 98 55 120	6
2 49 122	1
12 50 55 101 100 69 49 98 51 65 65 67 65	27
2 51 95	3
12 49 90 101 54 65 70 50 88 122 57 88 69	1
4 56 56 95 101	88
24 57 53 100 70 66 102 67 53 100 51 122 50 57 65 67 102 57 100 70 54 53 102 54 69	95
10 57 49 101 55 54 55 98 101 122 55	91
11 53 50 50 56 70 49 120 120 70 50 67	5228
14 48 65 49 48 88 67 102 70 68 53 54 122 90 99	0
9 56 97 122 95 88 99 65 100 90	8
15 57 51 70 120 101 120 66 57 66 90 69 65 53 66 53	93
21 56 66 70 48 65 70 70 99 54 57 48 48 57 65 55 68 55 95 69 68 49	8
13 49 99 56 67 57 67 57 69 52 122 99 52 68	1
16 51 102 90 99 53 70 70 57 49 51 65 67 56 67 101 98	3
6 54 100 68 50 122 99	6
13 48 57 48 68 56 65 51 70 55 48 55 53 98	0
19 50 65 49 88 56 54 54 68 55 99 95 120 68 69 120 65 102 54 55	2
17 56 90 65 97 90 100 88 102 48 98 98 65 65 122 50 49 90	8
17 51 101 54 65 67 70 98 49 66 52 97 48 120 69 54 51 100	3
21 51 50 95 54 51 99 101 66 70 48 95 57 53 68 101 54 90 48 97 49 97	32
8 53 53 88 88 53 55 54 50	55
11 52 98 70 100 52 99 48 102 98 90 49	4
22 51 65 90 48 90 98 68 48 55 101 101 90 69 54 53 99 101 70 88 48 66 65	3
12 54 67 52 57 67 56 69 53 122 54 65 56	6
6 48 98 68 67 70 50	0
3 51 48 99	30
2 54 122	6
21 45 90 100 66 50 49 99 97 97 52 56 102 56 52 52 100 98 56 48 48 52	0
21 45 57 48 95 100 99 48 69 56 57 55 50 56 55 66 100 100 88 88 66 100	18446744073709551526
25 55 99 67 97 53 88 90 52 122 50 68 56 122 69 100 65 52 120 50 90 100 50 95 56 52	7
23 56 100 70 66 97 65 50 95 97 57 56 68 99 97 50 88 57 67 65 55 57 101 56	8
22 50 53 67 99 65 66 67 120 55 120 69 88 102 54 54 57 55 122 102 51 50 70	25
25 54 57 101 88 51 48 53 68 52 99 52 67 55 95 100 55 99 65 49 100 101 69 53 99 54	69
15 56 48 101 50 57 68 70 66 50 54 51 49 50 66 55	80
19 50 90 65 65 50 70 98 68 49 95 56 66 57 53 55 97 49 97 55	2
2 48 57	0
9 52 88 67 90 65 56 100 50 98	4
12 51 69 102 66 57 101 55 97 68 101 70 98	3
8 50 122 122 66 88 102 97 51	2
5 45 50 99 120 102	18446744073709551614
2 49 122	1
15 54 90 50 54 66 54 90 102 102 49 49 48 102 51 95	6
13 48 88 70 53 98 102 66 99 51 67 50 54 95	1055483771942
17 51 56 53 67 65 101 98 100 54 70 53 68 70 56 51 90 101	385
20 56 99 56 48 99 68 88 88 102 54 88 69 88 49 100 56 54 101 49 53	8
9 49 88 70 95 55 67 57 97 56	1
5 49 54 97 102 122	16
8 55 69 122 99 122 99 88 57	7
3 52 66 88	4
13 48 48 56 55 101 70 88 65 53 97 102 99 49	0
5 55 52 102 67 56	74
25 50 50 99 55 54 95 48 69 99 56 55 53 53 102 90 66 66 122 95 52 50 88 53 68 88	22
9 45 65 102 52 95 49 48 55 48	0
14 51 122 50 56 90 100 55 55 95 88 52 98 69 66	3
16 45 88 49 66 122 53 70 90 56 97 48 51 68 66 69 53	0
6 55 70 68 102 98 55	7
9 45 48 90 52 68 101 65 69 51	0
13 49 95 55 102 88 54 122 56 54 101 55 97 55	1
19 52 53 55 122 50 49 97 69 120 57 65 120 88 88 102 122 120 122 65	457
21 56 120 99 102 67 120 99 120 55 50 55 98 67 70 55 120 102 68 90 56 66	8
17 55 54 120 55 56 49 48 55 57 65 99 99 100 69 67 122 102	76
15 45 70 51 50 99 55 100 100 88 102 98 88 90 50 101	0
4 51 51 68 50	33
19 54 68 48 120 69 56 50 88 69 51 57 55 65 48 49 70 48 101 99	6
1 50	2
17 52 53 65 48 88 49 50 57 50 51 49 48 69 102 70 122 122	45
24 48 65 52 54 97 69 50 57 102 95 88 48 48 54 90 57 101 48 99 98 99 49 49 100	0
6 52 54 53 88 122 52	465
22 51 70 69 101 99 51 88 50 65 52 69 99 51 102 95 68 49 49 70 53 70 68	3
22 51 51 90 122 65 54 101 100 102 52 68 53 66 66 48 99 49 69 99 50 67 70	33
17 45 49 100 51 70 51 122 95 90 51 56 101 99 66 98 88 70	18446744073709551615
18 48 100 68 102 69 67 51 122 56 69 55 102 51 53 53 48 69 54	0
13 54 66 97 70 66 122 122 55 67 53 99 48 102	6
11 50 52 98 97 50 68 95 70 95 56 95	24
11 53 54 65 67 98 68 90 54 95 88 90	56
24 54 53 57 67 70 90 65 100 98 56 88 53 67 65 69 56 56 97 120 90 56 67 53 49	659
19 55 98 50 122 69 57 67 49 90 56 98 69 51 98 101 102 65 49 49	7
19 51 51 67 49 122 70 101 48 67 52 65 51 70 49 70 48 90 57 98	33
11 52 97 95 67 55 65 57 49 56 102 67	4
16 45 120 49 56 51 70 65 100 54 57 56 54 90 57 65 95	0
17 57 54 102 95 56 90 122 54 122 51 52 101 50 95 50 67 102	96
18 54 90 120 65 120 49 56 90 52 54 102 65 90 101 55 53 49 122	6
11 50 90 65 70 90 70 55 65 88 48 57	2
25 55 56 70 52 88 55 51 66 48 53 69 102 67 90 67 120 101 68 99 55 48 97 65 56 70	78
25 50 67 51 67 90 57 90 90 55 70 53 95 57 53 100 66 50 97 54 53 57 69 100 90 122	2
18 51 97 98 101 70 100 99 48 98 88 69 102 52 69 55 90 100 50	3
20 48 66 99 101 54 49 52 122 66 70 55 122 66 51 52 70 48 90 98 95	0
12 55 97 55 122 101 66 70 67 56 99 88 51	7
2 56 101	8
8 50 90 55 102 51 100 65 88	2
14 50 55 67 52 55 88 90 56 52 52 99 55 102 100	27
12 52 49 102 57 52 50 50 97 54 68 66 69	41
9 54 97 51 102 55 120 50 54 97	6
11 50 122 65 120 99 98 57 53 69 67 95	2
19 57 66 102 70 67 55 120 90 122 53 54 100 101 68 55 67 52 52 122	9
25 48 48 95 48 48 99 56 52 48 56 100 70 51 88 49 120 65 88 57 65 120 54 54 68 122	0
24 55 90 51 122 120 120 102 54 52 98 102 49 102 102 99 52 66 95 122 56 52 70 53 50	7
7 49 55 95 48 90 51 69	17
22 45 54 57 52 99 56 56 50 51 68 65 69 51 120 54 102 66 56 88 95 53 101	18446744073709550922
16 57 95 69 53 51 51 50 95 49 97 66 57 53 52 99 56	9
10 54 49 69 120 90 100 68 102 49 101	61
5 56 53 48 49 100	8501
12 57 97 97 90 102 120 98 95 68 52 97 95	9
10 57 65 90 70 57 55 51 69 56 70	9
14 54 68 102 70 49 48 98 98 51 100 120 69 67 98	6
16 51 51 88 95 48 122 120 101 65 95 56 68 98 68 66 65	33
11 50 98 56 65 66 69 88 57 68 98 90	2
7 55 48 54 68 122 55 54	706
16 45 97 70 53 51 67 53 97 50 97 97 53 70 95 100 67	0
8 55 55 55 120 101 55 69 122	777
5 45 66 98 53 122	0
8 50 102 50 99 68 49 54 56	2
21 57 88 57 120 95 88 120 49 102 70 50 54 90 69 100 49 102 70 122 100 70	9
23 48 102 101 69 122 52 70 122 88 68 70 51 53 98 50 51 88 51 57 53 50 67 88	0
13 55 98 90 122 98 54 50 120 56 55 50 70 67	7
9 50 88 88 65 88 90 56 65 55	2
17 53 99 53 49 67 122 95 70 100 101 68 95 54 122 99 54 51	5
8 57 100 65 66 98 122 122 51	9
3 48 90 51	0
13 53 100 49 55 65 97 55 65 99 101 54 54 52	5
21 55 55 67 51 95 67 70 99 55 69 57 90 50 102 70 68 90 101 57 99 65	77
5 51 120 52 49 122	3
1 48	0
17 48 70 56 66 55 65 66 70 65 52 101 51 98 48 57 57 66	0
1 51	3
14 48 50 97 54 88 57 120 98 56 97 53 66 52 67	2
4 45 122 70 50	0
12 51 57 48 88 65 102 95 102 54 88 48 122	390
8 45 53 98 48 68 52 100 95	18446744073709551611
24 56 95 54 97 102 95 65 57 56 65 50 120 53 95 90 122 97 57 70 68 67 101 88 122	8
14 45 53 49 100 66 90 53 120 56 49 55 68 101 67	18446744073709551565
4 57 51 122 56	93
6 51 49 101 50 70 54	31
5 57 100 95 69 57	9
11 45 49 48 99 98 122 51 50 100 122 55	18446744073709551606
10 48 102 122 101 95 100 90 70 57 69	0
15 49 120 90 101 101 101 52 98 102 120 67 120 57 52 54	1
17 50 54 70 65 65 50 68 57 120 48 70 66 95 122 57 69 50	26
25 45 56 67 54 52 56 70 65 55 54 69 98 97 120 50 102 54 48 49 53 102 88 57 101 98	18446744073709551608
6 51 102 57 54 56 67	3
1 53	5
4 55 102 65 97	7
20 53 48 95 99 53 67 65 100 90 51 69 101 57 100 101 57 48 88 98 65	50
5 57 49 67 100 53	91
12 56 101 53 98 100 52 55 97 49 99 55 97	8
21 48 90 55 54 68 50 100 48 97 95 69 98 69 52 102 56 67 69 67 102 51	0
18 53 65 120 67 100 70 53 97 120 48 67 54 99 68 51 56 57 95	5
6 49 57 88 70 88 49	19
19 49 69 98 67 120 122 56 67 70 55 53 48 95 102 57 88 90 51 51	1
2 54 56	68
24 49 90 65 49 69 54 69 68 49 97 102 70 69 97 100 68 48 54 57 69 49 120 65 102	1
2 57 68	9
24 50 51 49 88 100 120 88 57 99 95 98 65 54 66 90 51 68 70 52 95 54 102 69 51	231
13 50 100 97 65 69 49 68 49 70 90 120 48 101	2
16 49 50 68 56 70 90 68 100 122 67 97 65 100 48 97 52	12
24 56 97 69 101 101 90 57 95 56 53 101 54 98 95 65 51 55 102 53 52 90 97 95 49	8
7 45 67 122 65 97 100 49	0
6 51 99 90 55 120 98	3
3 50 99 52	2
5 48 66 65 90 65	0
3 49 57 70	19
21 48 66 51 52 120 70 97 99 97 56 50 66 51 49 100 95 95 65 53 70 102	0
15 49 50 65 55 102 54 70 54 99 95 101 122 122 102 102	12
9 49 99 95 56 49 50 68 101 101	1
24 48 88 99 51 67 51 68 65 99 66 67 98 95 69 88 69 70 68 52 99 48 120 56 48	840804518859
15 53 50 70 65 51 102 90 99 66 99 90 67 52 66 97	52
10 50 120 57 52 57 49 66 95 66 101	2
23 51 55 48 69 50 122 69 120 67 97 67 68 48 120 98 52 51 101 102 101 66 68 68	370
22 49 67 53 66 51 54 69 97 50 53 48 101 102 101 90 65 88 55 56 53 54 52	1
15 54 65 88 65 88 101 122 68 50 98 70 65 90 70 97	6
13 49 88 52 70 54 69 67 48 70 98 95 88 88	1
20 57 88 122 100 66 99 57 69 90 98 50 122 52 57 54 50 88 49 101 88	9
14 54 65 48 49 56 50 98 69 52 50 97 66 88 48	6
15 51 101 102 57 88 65 101 66 53 53 90 68 90 90 95	3
7 45 67 100 67 65 102 48	0
10 55 66 88 70 88 99 52 65 102 49	7
1 45	0
17 57 53 48 54 97 68 55 66 69 88 65 53 122 101 122 102 52	9506
10 45 99 66 67 122 67 100 95 99 54	0
17 55 48 99 67 100 97 48 65 97 98 57 66 90 65 52 66 122	70
13 49 53 100 102 48 53 99 49 122 88 68 53 65	15
17 53 102 48 57 95 53 90 120 65 88 52 56 54 56 95 65 97	5
12 53 90 66 69 56 98 53 57 56 53 95 101	5
25 49 55 53 70 100 66 98 51 52 102 54 95 88 48 52 100 56 90 51 88 90 95 66 95 99	175
19 55 51 120 102 95 50 66 55 50 55 101 97 98 52 56 65 67 97 101	73
14 49 88 54 122 98 88 51 88 48 53 100 95 66 66	1
12 52 51 56 88 90 55 68 57 98 48 48 50	438
17 57 65 100 48 101 88 49 68 57 69 101 90 120 95 48 101 88	9
15 56 99 120 100 122 70 48 56 57 100 97 53 50 69 120	8
13 56 101 66 67 101 101 50 52 95 56 55 52 100	8
25 52 90 120 90 90 55 67 95 69 50 68 99 67 69 56 53 68 67 90 57 88 70 68 53 49	4
3 50 57 98	29
15 54 69 99 56 67 53 49 51 88 69 99 51 97 99 55	6
22 52 53 102 99 69 66 53 88 52 95 51 102 120 52 55 69 54 65 70 55 90 69	45
21 48 90 100 99 70 99 49 53 54 52 88 49 57 54 90 65 69 70 69 99 120	0
24 48 122 70 122 99 54 53 70 56 57 67 54 122 52 55 57 51 56 68 99 90 52 68 98	0
19 45 65 102 56 97 88 68 101 52 52 48 68 67 53 122 67 57 122 49	0
21 52 120 101 56 53 70 57 65 51 66 70 97 55 52 67 101 67 54 88 95 102	4
12 55 57 101 52 49 101 52 97 98 88 100 54	79
22 48 100 97 120 53 54 67 50 49 56 68 98 100 97 65 101 99 51 97 102 120 120	0
19 55 98 101 90 88 48 48 48 68 55 68 51 102 65 120 51 67 68 98	7
10 49 49 101 54 120 98 88 122 98 53	11
13 54 95 101 49 101 102 101 50 48 48 65 53 66	6
21 52 65 56 67 69 97 56 88 48 101 90 101 97 50 120 67 67 66 53 48 98	4
19 50 50 95 51 101 57 49 49 68 49 54 122 98 101 101 120 51 49 57	22
12 45 69 98 70 57 55 57 49 95 55 55 70	0
12 54 100 101 56 90 90 90 56 100 101 68 51	6
22 57 52 53 67 98 100 55 48 99 69 99 95 98 70 66 101 51 55 99 95 51 56	945
23 48 97 70 66 120 90 102 120 67 90 67 48 97 122 100 55 53 57 101 88 53 53 68	0
18 52 100 55 68 102 67 88 53 66 57 101 49 57 68 57 67 69 56	4
6 56 100 99 48 53 48	8
2 52 95	4
6 54 57 53 51 48 102	69530
17 48 120 57 102 66 70 122 70 49 95 120 98 101 70 100 68 101	40895
12 50 101 51 88 102 122 67 50 65 67 97 70	2
23 50 53 65 99 102 90 65 101 54 70 102 50 52 99 56 95 95 66 99 90 88 102 52	25
15 52 69 50 56 98 49 122 98 54 49 95 67 100 88 68	4
25 56 55 53 52 88 54 67 65 120 65 50 54 50 48 68 100 66 88 69 97 55 66 54 70 88	8754
25 50 49 99 88 70 88 69 69 101 120 68 49 49 50 99 54 67 90 66 68 48 69 88 53 102	21
16 45 51 52 52 122 56 122 67 122 95 66 67 98 69 49 97	18446744073709551272
14 45 65 66 120 68 67 90 57 102 49 65 65 88 51	0
10 53 53 51 54 48 55 48 120 101 97	5536070
23 54 95 90 102 95 48 53 97 99 66 51 101 122 65 48 90 54 88 56 51 100 98 88	6
4 56 65 54 95	8
16 57 95 99 99 67 55 69 68 97 50 49 95 49 65 101 102	9
18 48 69 52 54 99 69 99 97 53 49 54 102 99 50 55 48 51 56	0
8 45 53 55 102 102 102 97 51	18446744073709551559
25 48 66 53 67 69 88 57 53 51 65 65 48 100 67 101 90 48 52 67 70 102 48 67 51 54	0
8 54 56 52 50 69 55 95 67	6842
6 51 122 99 52 90 52	3
10 51 99 51 102 57 98 122 97 100 69	3
12 52 65 101 49 51 68 57 67 49 90 67 69	4
6 57 95 55 48 50 67	9
15 54 100 70 68 102 70 51 49 70 56 99 53 52 56 69	6
11 45 120 66 68 88 53 100 97 67 69 56	0
19 52 66 98 69 57 98 48 66 65 95 90 99 70 95 122 54 100 97 98	4
2 51 65	3
17 52 100 97 99 68 67 69 97 99 97 70 70 88 70 52 102 98	4
18 50 48 55 57 53 48 70 95 98 65 99 122 66 52 102 88 97 52	207950
11 54 51 100 98 65 99 102 70 51 90 69	63
4 45 120 49 90	0
19 52 50 48 53 57 69 54 98 49 98 68 57 95 48 69 122 88 53 122	42059
14 52 102 50 55 90 65 56 88 57 67 101 54 51 98	4
16 50 55 57 97 90 69 120 49 55 65 70 51 70 68 70 88	279
18 55 57 120 50 56 67 101 120 50 49 55 66 88 120 57 67 100 50	79
4 45 101 120 52	0
10 54 100 49 69 52 66 69 55 49 49	6
3 52 70 70	4
19 49 120 101 53 120 50 57 50 52 70 65 67 120 55 54 50 56 66 48	1
8 51 100 122 54 52 90 120 67	3
20 56 97 52 54 48 52 70 53 88 67 54 102 57 51 101 69 48 99 70 88	8
21 45 48 68 48 54 56 50 65 70 120 120 53 122 57 65 69 120 95 49 98 49	0
1 51	3
23 57 69 53 70 100 50 67 55 99 56 57 102 100 97 120 54 98 54 66 102 100 48 90	9
21 56 122 52 88 90 56 55 98 67 98 70 57 55 69 122 88 68 99 50 95 69	8
6 56 52 66 57 50 97	84
20 53 69 51 95 99 55 65 69 67 57 54 57 69 97 120 70 70 69 49 50	5
25 56 122 65 50 52 69 67 49 48 57 49 101 48 48 97 68 67 55 88 51 57 52 102 101 102	8
3 49 98 68	1
24 52 98 67 52 97 53 70 49 68 97 49 120 70 70 55 48 53 57 57 98 88 101 101 51	4
5 55 68 51 90 56	7
25 49 54 67 49 101 48 88 67 97 50 56 122 55 95 52 101 122 70 97 69 101 69 51 50 52	16
15 50 90 57 122 68 88 48 98 88 48 90 51 57 52 88	2
12 56 98 101 66 88 54 120 102 88 53 54 101	8
18 50 102 70 101 55 98 56 66 100 100 101 99 65 67 51 95 56 98	2
5 54 51 69 52 88	63
7 49 70 99 88 67 98 56	1
20 54 99 51 122 69 98 56 102 49 120 48 50 88 68 67 68 53 90 122 69	6
17 45 95 101 90 57 98 98 102 99 90 97 65 66 88 49 90 53	0
23 49 50 52 122 51 55 88 56 95 69 57 120 51 66 95 55 48 56 100 66 49 102 90	124
17 50 54 100 55 98 122 51 57 54 55 65 66 69 68 102 120 101	26
10 53 50 88 66 99 90 95 56 48 102	52
5 50 50 66 95 100	22
7 56 97 55 57 68 68 99	8
20 50 95 101 53 99 65 56 57 99 68 48 95 99 55 48 67 65 49 100 97	2
9 57 90 120 98 52 98 55 67 90	9
10 50 101 55 68 66 55 50 67 49 56	2
17 50 98 90 65 99 99 101 49 55 56 99 48 99 97 56 51 50	2
14 45 88 97 65 70 51 67 57 53 50 57 67 88 56	0
25 55 95 48 48 48 56 48 56 67 65 55 90 48 101 50 51 52 101 68 90 50 97 70 56 51	7
19 53 90 122 102 99 50 48 88 66 100 54 56 90 51 99 69 98 98 54	5
17 54 55 97 55 68 52 54 52 98 57 97 65 49 101 53 66 48	67
22 45 95 49 57 49 50 54 68 95 122 88 70 55 122 54 50 48 100 120 97 69 65	0
14 48 49 67 49 99 120 102 54 48 49 54 122 97 69	1
11 45 52 52 51 49 120 88 52 70 56 69	18446744073709547185
22 51 68 51 51 98 102 50 70 100 57 52 122 65 52 50 69 51 53 52 48 102 68	3
18 53 90 57 52 120 122 66 90 99 122 54 66 56 101 52 55 69 55	5
8 45 95 97 65 66 101 56 90	0
25 56 50 52 56 95 56 97 56 55 54 52 52 99 48 49 122 122 48 99 48 48 97 88 95 48	8248
22 56 102 70 97 67 101 48 100 53 49 88 69 55 99 51 52 68 66 70 54 95 97	8
3 45 68 102	0
24 55 68 56 97 67 54 53 98 55 55 100 120 70 56 70 57 54 95 67 102 67 52 95 101	7
9 57 57 68 52 56 90 99 100 48	99
20 50 101 51 49 48 55 122 65 50 48 53 100 67 51 69 48 67 48 97 122	2
15 50 67 88 70 57 51 49 66 55 99 57 53 51 120 56	2
15 52 55 100 98 97 49 69 53 90 68 48 102 120 101 66	47
13 49 55 51 52 53 68 120 120 99 54 68 65 66	17345
23 45 69 68 48 54 50 52 49 54 98 50 100 102 51 66 100 102 50 102 55 120 52 102	0
14 50 48 97 66 99 102 95 57 68 120 88 48 57 68	20
1 50	2
10 57 99 122 99 56 120 90 56 66 88	9
13 49 48 100 100 65 69 56 65 90 48 120 65 95	10
14 57 57 49 65 52 50 67 88 54 55 122 54 99 57	991
9 57 90 90 70 120 56 48 120 98	9
7 50 66 57 67 51 88 56	2
2 55 56	78
23 48 57 120 54 52 101 98 56 52 52 102 95 70 98 54 100 101 53 66 68 67 100 53	0
18 48 90 88 51 67 66 51 122 69 56 88 122 120 54 120 122 98 122	0
18 51 122 54 66 68 97 66 68 70 88 68 69 90 88 69 88 101 101	3
18 51 95 48 99 120 102 69 97 54 54 48 65 95 95 90 95 69 102	3
18 57 95 120 98 98 53 55 49 66 100 120 66 120 69 67 65 53 101	9
16 51 52 48 53 98 52 101 51 102 56 102 50 88 49 51 102	3405
5 53 56 101 100 98	58
15 51 69 102 97 65 100 122 102 98 95 52 69 50 48 88	3
5 49 69 90 100 54	1
24 57 120 52 49 51 120 101 50 102 56 120 88 120 51 98 57 100 67 56 120 90 55 122 50	9
1 51	3
19 53 98 69 98 90 56 50 120 52 66 122 54 69 122 65 68 48 70 53	5
22 51 69 95 95 70 54 65 69 122 98 52 100 120 100 52 54 56 102 98 88 102 57	3
11 48 56 49 88 54 69 95 99 48 97 56	0
17 49 56 50 66 88 52 54 99 97 51 99 67 97 48 102 122 98	182
23 49 50 67 99 52 50 57 102 68 122 50 99 70 69 67 55 48 97 50 67 53 90 88	12
2 56 51	83
8 51 98 99 69 66 102 120 55	3
21 55 99 65 90 122 97 53 98 68 70 68 54 67 55 54 51 99 68 49 51 99	7
14 54 122 101 100 95 52 56 51 66 70 68 57 52 99	6
15 52 120 70 57 70 88 70 67 70 102 57 95 99 50 99	4
21 45 70 102 88 56 102 90 66 90 51 122 100 52 97 53 99 98 67 95 100 53	0
16 52 66 120 120 68 69 67 90 50 120 69 97 53 88 65 53	4
19 52 88 67 53 68 57 53 65 66 51 100 52 120 67 101 55 57 56 57	4
7 54 98 49 122 69 56 52	6
1 52	4
13 51 68 95 67 88 70 51 65 120 52 54 69 102	3
18 55 70 95 53 100 120 68 68 98 99 97 101 54 100 53 100 99 49	7
23 50 49 97 69 122 55 95 50 50 102 49 95 99 49 99 68 53 57 55 54 67 100 95	21
17 49 100 69 120 122 57 66 57 70 54 120 88 49 67 66 88 97	1
15 56 88 48 68 90 53 53 55 53 66 50 102 68 57 120	8
23 51 48 49 88 98 70 67 49 100 70 55 69 99 57 101 49 122 100 56 56 68 57 54	301
22 53 49 51 65 101 100 97 52 69 88 48 50 122 88 56 69 101 67 97 52 56 55	513
12 52 54 56 65 67 102 56 101 120 69 55 90	468
18 56 98 97 99 122 88 56 55 49 48 122 68 50 56 120 51 51 120	8
20 54 100 98 100 120 69 57 56 65 56 65 97 57 102 57 54 90 56 97 57	6
2 49 101	1
4 50 49 57 49	2191
16 50 100 69 99 55 122 88 54 53 52 99 56 88 54 65 97	2
23 53 56 101 51 51 68 95 68 53 98 65 67 49 90 101 52 48 54 99 69 95 68 68	58
22 55 53 51 120 120 70 54 70 52 67 51 97 95 53 100 100 98 88 122 68 122 68	753
21 53 120 48 57 48 95 122 65 52 68 54 70 98 55 100 70 55 95 55 100 69	5
16 56 90 53 102 99 56 65 90 65 55 57 122 49 101 95 56	8
19 53 50 68 57 90 69 55 57 90 51 88 99 48 65 57 90 54 122 99	52
6 55 97 68 122 102 65	7
15 53 57 51 122 51 67 102 52 98 95 52 57 95 55 97	593
22 56 100 102 57 53 57 120 101 54 51 95 55 95 49 69 120 68 88 70 53 122 122	8
1 48	0
18 55 53 100 55 122 50 102 68 90 65 55 100 53 54 69 53 56 53	75
20 53 102 100 53 66 102 100 65 53 122 102 122 66 65 52 50 100 102 70 99	5
11 55 54 49 70 50 90 67 95 65 48 69	761
19 49 90 122 51 70 65 65 56 98 52 120 88 70 102 88 101 122 56 101	1
1 51	3
1 53	5
23 51 100 54 97 99 49 55 120 95 88 67 68 51 66 97 65 57 57 99 100 54 100 55	3
4 45 50 100 52	18446744073709551614
1 57	9
20 50 99 95 68 69 49 48 90 57 95 69 51 51 55 98 56 67 100 88 88	2
21 45 54 69 48 66 53 54 100 98 88 90 50 120 67 120 50 48 67 49 51 97	18446744073709551610
25 57 70 56 54 100 67 65 97 69 70 90 69 67 55 51 120 54 49 50 53 97 97 66 100 56	9
4 51 98 101 122	3
22 55 88 120 56 101 67 102 48 68 97 101 68 70 120 122 102 120 95 66 90 50 51	7
22 56 57 98 98 100 48 97 49 54 49 101 54 49 101 66 51 68 66 51 90 67 48	89
22 50 100 48 99 56 49 65 90 97 53 67 102 101 90 98 52 120 100 57 95 120 102	2
4 50 100 101 67	2
17 53 48 68 49 65 54 56 101 65 97 51 97 88 101 99 57 122	50
20 50 52 102 66 99 90 54 70 53 66 100 50 90 97 48 99 100 69 55 57	24
9 51 90 67 51 120 57 101 68 55	3
8 54 70 66 56 55 102 122 97	6
11 49 97 55 67 55 97 65 100 99 49 67	1
16 52 56 90 66 53 49 95 120 49 49 70 68 97 51 48 95	48
10 56 66 97 48 65 122 49 99 100 99	8
6 50 98 101 98 120 66	2
2 51 54	36
1 50	2
2 53 102	5
13 45 55 99 65 122 70 57 100 97 51 68 53 88	18446744073709551609
11 48 120 98 101 70 65 95 67 50 101 69	48890
18 54 68 99 95 70 97 52 49 98 70 69 57 50 68 54 99 95 95	6
8 49 50 66 98 66 95 99 122	12
3 48 50 49	17
8 45 48 70 102 102 68 100 95	0
25 52 52 98 95 90 51 54 57 97 51 98 68 57 122 56 98 100 51 100 56 98 52 48 88 100	44
20 53 53 50 66 49 70 51 120 50 69 99 99 52 50 51 120 120 102 55 54	552
19 52 68 53 66 122 122 95 100 102 88 122 88 66 101 98 95 69 55 65	4
19 50 101 70 69 101 120 65 50 66 70 99 55 55 90 53 51 95 70 56	2
20 50 57 55 55 122 56 54 54 54 67 100 88 95 68 68 70 120 101 98 66	2977
25 45 52 51 97 70 99 99 88 53 98 97 101 48 67 68 97 54 65 97 102 67 69 51 88 56	18446744073709551573
18 55 49 97 68 70 88 57 52 70 95 53 120 122 66 101 67 52 120	71
13 45 90 50 102 102 48 69 70 56 57 101 65 65	0
18 57 120 69 95 97 49 95 65 56 102 65 54 90 56 50 50 65 102	9
4 51 69 69 97	3
18 57 68 49 97 70 102 95 65 48 52 49 68 51 68 52 69 98 55	9
13 57 51 102 67 68 68 101 67 95 99 48 98 120	93
6 50 69 56 95 56 98	2
9 49 98 55 55 53 53 56 68 65	1
4 57 97 102 65	9
8 45 90 49 120 55 70 50 120	0
14 55 99 57 48 69 52 90 100 52 65 57 66 90 102	7
8 48 122 65 48 102 90 101 120	0
20 57 52 95 65 99 97 88 55 100 102 101 69 51 70 54 90 50 55 120 69	94
16 53 70 90 97 88 100 90 54 52 90 48 53 67 48 48 51	5
24 56 57 67 122 122 66 122 52 49 57 52 97 57 90 101 98 55 55 70 97 122 99 50 56	89
8 56 57 122 67 88 100 90 68	89
8 51 70 120 65 101 67 50 69	3
16 50 54 122 55 69 101 122 52 90 68 56 67 54 69 68 70	26
14 45 48 102 66 51 67 56 69 51 98 57 99 53 90	0
5 53 54 122 102 50	56
16 49 101 53 65 102 70 101 120 100 50 70 50 102 49 88 56	1
16 55 98 120 100 99 65 55 50 99 102 101 99 56 95 56 97	7
7 50 52 99 49 122 55 49	24
21 50 122 122 90 66 88 99 90 51 98 95 88 100 90 54 97 70 56 98 50 70	2
21 56 49 70 100 122 97 53 66 52 57 122 53 68 51 88 55 70 50 90 101 53	81
14 45 68 100 52 56 52 97 101 98 100 99 98 99 88	0
24 48 88 68 69 50 48 102 100 53 95 70 88 88 98 51 65 100 100 68 49 88 52 101 95	232918997
6 52 56 57 50 120 66	4892
13 53 53 52 57 68 88 99 51 55 50 56 101 68	5549
11 56 56 122 65 70 122 67 51 69 52 70	88
16 56 54 120 56 55 55 67 56 90 67 68 120 70 65 67 55	86
12 55 68 48 57 52 90 100 69 99 102 122 99	7
10 56 49 66 98 100 67 55 69 120 53	81
25 55 97 67 90 66 56 98 102 120 65 53 55 57 57 69 122 90 88 95 90 69 66 50 98 102	7
21 49 120 52 67 120 56 69 48 50 102 99 69 49 50 65 122 97 65 90 57 50	1
10 54 102 50 69 99 57 52 54 102 66	6
25 51 56 49 88 48 56 65 88 53 48 99 51 88 56 57 99 90 90 56 52 51 52 102 49 51	381
8 49 65 52 48 122 88 52 54	1
12 45 102 67 55 122 52 99 90 67 57 95 66	0
1 57	9
23 50 49 57 120 49 99 53 52 100 69 53 48 90 53 67 100 65 69 95 48 54 101 100	219
2 57 67	9
21 49 102 48 69 99 70 57 68 69 99 102 52 70 67 48 98 122 68 97 51 57	1
20 45 55 97 53 95 51 68 69 49 56 50 54 68 101 88 102 51 120 49 53	18446744073709551609
7 53 90 120 66 122 95 69	5
24 57 88 53 70 51 65 52 66 102 70 102 56 55 52 98 54 65 97 97 95 98 88 88 67	9
12 49 122 102 49 67 51 120 95 50 68 100 88	1
9 48 102 54 50 56 88 88 54 120	0
14 56 122 100 99 52 102 50 88 68 99 50 57 52 55	8
5 57 67 53 90 48	9
16 49 52 49 70 100 66 88 53 51 88 57 69 68 48 50 51	141
8 48 122 101 67 48 69 70 70	0
18 56 51 48 51 99 101 97 122 52 97 67 102 120 69 54 57 52 48	8303
17 55 97 122 97 67 57 98 66 100 122 68 56 101 53 52 68 49	7
11 56 51 49 65 100 122 120 57 97 68 52	831
17 53 69 68 90 50 100 120 50 66 54 102 48 95 95 52 88 48	5
1 50	2
22 50 100 53 120 100 53 120 56 50 65 65 100 57 88 97 65 120 98 68 52 56 90	2
24 49 68 97 57 48 48 95 53 68 120 70 70 102 68 100 55 98 101 101 97 70 48 90 99	1
19 52 57 49 66 69 88 66 48 70 99 98 52 54 100 70 55 98 55 122	491
10 48 48 56 66 56 53 65 65 100 53	0
1 56	8
23 50 53 53 67 53 70 57 100 55 98 53 51 53 54 95 98 70 100 52 54 102 50 51	255
13 51 99 68 52 66 53 65 122 52 52 95 57 68	3
18 57 66 90 56 50 97 65 120 97 95 99 101 70 55 97 49 90 65	9
13 51 50 70 101 56 100 51 95 99 51 98 54 88	32
7 54 48 95 122 69 51 51	60
4 49 90 69 97	1
21 56 102 55 88 50 57 67 67 65 55 56 122 88 53 122 88 57 56 88 56 120	8
14 49 122 100 66 57 57 57 120 69 90 97 51 98 65	1
22 49 48 102 88 69 66 50 48 70 98 101 101 122 49 66 70 98 55 67 68 98 99	10
14 55 50 52 48 56 68 57 48 66 95 48 57 100 49	72408
25 51 49 102 120 69 69 65 95 51 49 53 50 57 67 51 53 100 90 101 95 98 97 65 122 95	31
10 56 67 68 55 95 122 57 53 57 57	8
17 45 122 122 51 101 69 101 122 100 48 90 66 97 55 66 50 66	0
15 57 50 99 69 95 102 50 101 55 95 97 53 54 102 51	92
1 56	8
15 57 57 88 69 70 97 68 55 52 97 98 52 98 54 67	99
1 49	1
15 57 54 95 53 52 49 56 122 50 95 66 69 88 48 122	96
16 48 101 98 48 52 52 68 65 56 95 68 95 51 101 54 48	0
25 53 98 69 101 54 88 55 52 52 54 97 99 65 67 52 51 51 49 69 52 57 52 50 53 51	5
25 45 49 50 90 69 90 48 100 69 95 55 49 50 52 97 50 100 55 50 97 120 67 53 48 68	18446744073709551604
24 55 50 95 65 99 48 100 120 53 51 54 56 102 98 52 53 70 100 53 52 55 101 53 101	72
22 54 101 54 98 90 97 95 70 101 49 65 68 122 53 102 67 57 51 102 57 66 102	6
12 57 102 53 67 57 54 68 88 101 66 120 90	9
16 45 100 90 53 54 56 120 90 68 97 88 68 57 97 67 57	0
10 57 95 70 100 52 65 57 102 49 68	9
20 50 99 101 68 53 102 70 69 50 90 55 68 66 50 65 99 69 69 65 102	2
21 51 56 95 70 57 88 100 99 67 120 53 48 90 50 99 48 102 99 67 102 55	38
10 49 100 54 55 120 48 55 122 53 69	1
13 55 53 70 102 122 53 88 52 102 95 100 54 122	75
19 56 48 65 69 56 53 49 67 122 95 66 88 52 50 70 95 100 56 56	80
12 55 70 65 50 65 100 49 68 68 122 53 88	7
3 53 49 66	51
9 49 68 88 50 99 56 98 88 66	1
24 57 98 55 90 102 56 67 97 65 102 70 50 65 68 69 49 49 55 120 55 99 100 50 100	9
5 45 51 56 65 101	18446744073709551578
13 55 54 49 49 52 99 57 50 122 100 122 52 100	76114
8 52 99 102 53 67 67 48 69	4
11 52 90 88 57 53 56 122 90 100 54 90	4
22 52 51 65 52 95 102 52 65 100 100 56 56 95 56 100 66 122 101 88 48 65 97	43
25 56 57 51 102 65 66 69 99 101 67 102 100 90 101 57 67 102 70 57 122 66 50 99 66 50	893
23 57 68 53 70 57 69 54 101 68 53 50 68 69 57 53 95 99 57 68 95 51 50 69	9
11 51 102 97 54 51 49 95 66 57 100 88	3
23 52 98 120 120 97 54 51 100 56 54 65 88 67 54 50 69 57 55 95 53 100 67 98	4
3 55 122 95	7
5 50 55 99 53 57	27
9 52 65 55 57 53 95 67 95 120	4
7 45 67 68 88 49 51 65	0
23 48 67 67 88 52 100 51 100 102 53 68 120 48 52 55 69 66 56 102 97 97 68 100	0
6 57 95 69 67 54 52	9
22 50 49 90 68 56 55 99 69 56 50 102 65 65 102 67 68 56 102 54 66 49 90	21
18 53 100 66 68 53 98 57 70 51 88 70 51 88 97 48 51 56 48	5
10 54 54 57 102 122 122 69 100 54 55	669
3 49 69 65	1
5 49 98 97 54 48	1
15 49 54 99 120 120 88 54 90 55 69 69 95 101 51 54	16
23 57 50 70 69 97 101 56 54 90 53 99 53 90 69 70 56 69 122 88 70 67 100 90	92
20 57 101 101 49 54 68 56 56 52 98 102 100 55 66 56 48 49 55 53 67	9
15 45 99 90 57 101 50 52 97 52 99 100 52 48 51 53	0
5 51 55 95 66 101	37
12 49 57 49 98 50 51 95 68 70 98 52 99	191
11 45 56 53 70 69 67 69 53 102 120 69	18446744073709551531
23 56 88 49 51 50 52 120 90 102 88 67 55 57 120 51 70 53 65 50 52 52 65 51	8
9 57 66 68 53 66 88 48 55 69	9
10 51 55 53 90 100 49 99 53 68 88	375
10 52 56 90 53 101 65 66 56 57 70	48
3 52 66 95	4
21 56 120 50 70 51 49 70 97 49 120 57 56 57 122 88 100 57 98 65 122 55	8
17 55 54 66 122 67 50 54 95 56 65 70 68 54 102 95 57 97	76
25 49 95 70 70 70 55 49 52 55 70 70 70 48 66 48 51 102 67 65 56 99 95 53 99 51	1
21 49 102 53 120 51 68 99 70 97 120 52 97 95 57 67 54 65 122 57 98 67	1
3 49 68 51	1
20 49 65 66 52 70 70 99 66 98 120 70 101 101 100 50 95 48 100 101 50	1
19 51 51 69 53 54 56 50 49 97 70 97 99 88 67 122 122 55 55 52	33
20 56 68 65 95 49 67 67 56 51 97 67 70 88 57 99 54 88 97 56 88	8
16 51 101 54 90 49 56 68 54 52 101 70 48 95 49 120 67	3
11 49 56 122 49 95 49 97 67 98 120 50	18
16 49 88 48 120 50 55 48 120 48 95 120 48 65 98 88 55	1
24 54 97 48 69 102 52 54 120 95 70 48 56 68 95 66 49 57 97 69 70 98 66 57 65	6
22 56 48 100 100 66 65 97 55 101 90 65 98 55 68 57 88 53 98 100 55 90 49	80
15 50 56 65 101 49 56 99 88 49 70 67 120 88 90 68	28
9 54 50 102 65 70 56 48 99 90	62
25 52 56 67 90 69 53 55 56 52 57 49 67 48 69 98 65 120 48 52 88 67 57 102 56 122	48
17 51 70 48 57 120 49 70 50 53 53 120 90 97 65 101 68 95	3
19 50 50 50 95 88 88 53 95 95 51 66 53 69 99 95 70 102 98 68	222
14 57 101 52 69 48 51 90 50 98 70 98 102 99 56	9
21 48 68 101 65 52 49 53 97 56 50 69 65 98 122 100 55 102 69 53 90 55	0
14 48 51 65 65 56 54 65 50 52 99 53 65 55 55	3
6 53 95 49 68 48 51	5
15 55 48 56 56 67 49 65 56 53 65 88 99 122 52 68	7088
8 45 88 56 51 95 101 49 50	0
3 57 50 49	921
14 56 122 88 90 65 122 49 88 65 68 51 102 54 49	8
3 53 68 67	5
19 55 48 122 102 51 70 66 67 69 66 50 99 120 99 69 52 48 122 50	70
18 49 99 68 54 67 122 67 54 95 57 95 57 48 52 120 65 52 50	1
24 49 122 66 50 122 100 122 70 51 102 53 52 67 120 98 51 57 56 120 51 49 49 101 54	1
12 57 52 49 69 95 55 102 54 51 102 70 88	941
3 57 70 69	9
24 54 101 88 52 120 102 50 55 99 69 54 66 49 52 66 49 66 122 88 102 65 68 97 53	6
23 54 55 66 69 120 67 51 66 97 68 101 50 57 57 66 122 49 48 120 65 69 57 98	67
17 45 102 49 88 49 90 52 52 54 51 69 57 68 98 99 52 66	0
4 50 98 53 95	2
11 51 57 68 101 68 97 50 53 88 54 120	39
7 57 101 55 120 54 54 99	9
24 54 69 65 55 49 90 55 67 65 99 67 55 95 54 65 99 99 99 52 122 66 67 70 90	6
13 54 122 55 120 122 67 49 56 120 56 98 70 120	6
18 48 102 48 102 102 55 95 57 65 90 97 67 70 52 102 66 51 99	0
6 55 66 53 70 90 51	7
9 49 51 100 53 122 53 97 101 67	13
8 57 48 95 88 69 101 102 97	90
8 48 55 88 57 100 48 65 99	7
9 56 101 120 57 95 102 101 102 90	8
14 45 95 101 48 53 68 55 56 65 69 56 65 53 56	0
13 48 52 66 90 122 90 48 70 101 97 120 122 69	4
10 48 88 49 65 65 55 66 97 65 65	447199914
18 55 68 52 68 90 50 97 51 95 120 56 54 98 51 90 54 49 54	7
8 50 48 67 98 88 68 120 52	20
2 53 69	5
13 52 99 88 69 102 50 50 99 57 65 53 97 88	4
20 51 95 100 95 54 95 49 88 101 65 48 53 57 101 50 56 122 66 57 97	3
7 57 49 54 54 102 51 53	9166
8 53 70 95 102 53 69 52 97	5
16 51 50 52 52 56 70 53 54 65 49 90 51 51 53 70 100	32448
6 56 67 48 67 101 65	8
19 54 54 50 88 102 52 100 65 51 101 50 48 50 102 99 98 101 48 90	662
1 53	5
16 45 55 88 69 69 68 48 97 57 53 98 101 95 67 101 56	18446744073709551609
6 55 88 49 67 70 90	7
16 57 100 55 120 49 99 50 100 67 69 70 66 102 51 97 48	9
15 50 54 56 99 67 99 95 51 90 120 65 69 65 52 65	268
5 55 98 54 97 57	7
22 48 120 97 65 100 98 54 100 68 100 55 67 66 90 67 90 97 122 70 50 57 68	11741213611979
8 51 70 56 55 55 68 95 48	3
15 52 49 88 97 65 99 51 48 122 98 52 95 55 120 52	41
20 57 99 67 102 51 70 56 70 68 57 99 49 52 102 95 48 100 53 97 100	9
13 53 51 57 69 90 67 70 66 50 57 68 122 68	539
10 48 99 88 100 70 101 102 102 99 50	0
4 48 99 56 57	0
2 54 65	6
15 52 66 51 99 54 99 51 52 52 122 66 65 69 55 54	4
18 54 49 53 69 49 101 50 90 66 102 102 97 88 99 97 70 120 52	615
20 56 50 101 57 57 68 99 101 53 122 98 66 102 55 101 53 120 102 49 53	82
4 51 51 101 55	33
4 52 65 70 90	4
11 53 98 70 120 51 51 56 68 88 98 55	5
22 49 52 54 65 68 49 52 51 49 66 57 50 102 122 54 97 54 55 57 102 90 48	146
7 52 99 100 57 54 90 120	4
1 53	5
18 48 88 66 69 100 50 57 51 88 69 57 56 95 120 90 69 120 48	12505747
9 53 48 49 50 70 101 99 97 48	5012
19 48 68 97 51 99 68 48 56 51 68 53 120 53 70 50 56 53 98 55	0
11 45 101 66 49 120 99 98 95 122 120 101	0
12 49 66 54 49 48 101 68 98 101 49 99 50	1
11 49 99 66 98 48 90 65 122 67 120 48	1
3 52 50 122	42
14 49 88 99 54 68 66 50 69 70 69 68 53 51 97	1
9 56 57 50 66 120 52 70 51 50	892
8 49 97 100 51 53 51 56 88	1
4 48 69 67 56	0
17 52 52 51 53 90 52 68 99 66 95 99 50 90 57 52 65 100	4435
25 51 97 52 55 67 88 120 50 54 69 53 54 100 95 101 95 95 48 122 88 120 99 102 57 70	3
24 52 53 68 90 57 65 57 67 97 54 48 51 55 95 67 53 99 52 70 66 66 56 102 88	45
3 48 55 49	57
18 49 68 67 101 90 102 56 56 49 68 95 70 49 98 95 122 49 57	1
8 51 54 101 122 102 50 55 49	36
5 48 56 97 68 68	0
15 50 102 57 88 122 101 122 98 54 98 67 101 97 90 57	2
16 49 70 88 90 48 54 69 49 48 50 70 55 70 99 102 69	1
22 45 66 90 98 97 101 49 68 65 51 101 54 54 49 68 50 48 69 49 66 51 97	0
13 45 95 54 102 54 101 56 65 90 65 101 54 56	0
1 45	0
15 52 98 54 52 57 65 65 54 69 102 66 98 67 69 98	4
8 55 50 97 100 102 69 48 98	72
8 51 49 99 69 48 95 66 50	31
13 50 101 122 51 67 65 66 88 53 57 90 54 55	2
1 48	0
15 57 70 56 54 50 70 67 69 97 49 50 70 48 51 100	9
4 45 95 67 68	0
19 52 67 65 65 53 120 67 101 53 55 120 88 101 99 90 98 48 66 122	4
22 48 95 49 53 53 50 100 95 54 90 67 68 56 49 48 49 55 99 90 53 100 70	0
18 48 51 102 95 69 50 122 49 100 100 54 48 67 90 98 88 70 69	3
19 45 53 67 52 97 70 57 54 57 67 53 101 57 51 90 52 65 102 101	18446744073709551611
6 53 56 98 97 95 67	58
2 49 54	16
1 48	0
18 49 88 49 122 122 68 54 66 122 52 120 97 65 100 100 70 102 53	1
19 51 55 97 68 90 102 67 70 122 90 66 95 97 88 55 98 57 97 55	37
13 56 88 50 97 49 99 52 102 95 102 101 88 68	8
21 50 52 95 69 99 122 122 67 57 97 67 122 69 56 55 69 55 67 120 101 69	24
14 53 122 120 98 100 66 53 68 52 120 102 68 90 101	5
8 53 55 65 70 66 97 101 66	57
7 52 52 69 100 53 57 66	44
10 53 55 67 97 52 98 65 54 65 68	57
22 56 53 99 65 99 99 99 50 122 65 95 51 65 102 57 50 54 90 69 53 54 54	85
24 54 49 50 68 99 68 99 49 69 57 120 54 65 102 52 66 70 57 52 101 50 69 54 69	612
1 53	5
19 52 97 65 95 90 69 97 88 102 52 99 56 102 68 55 52 48 48 54	4
18 45 95 65 65 65 57 55 65 51 95 90 49 70 120 56 67 97 98	0
20 56 90 102 50 120 68 120 50 68 70 48 69 101 66 101 100 101 98 54 51	8
7 52 57 52 90 98 55 66	494
13 53 99 54 122 98 67 66 67 57 97 51 66 70	5
5 51 53 69 48 69	35
17 51 90 53 70 52 51 52 49 88 50 55 99 56 102 101 52 69	3
23 55 122 68 52 120 67 49 98 95 65 88 69 97 57 51 100 57 57 101 52 53 66 99	7
15 52 48 70 95 51 95 70 53 67 53 51 100 88 57 69	40
11 51 54 57 90 66 65 122 97 54 69 66	369
24 48 66 48 48 69 55 69 56 99 67 57 100 52 70 102 122 120 97 120 56 50 68 97 48	0
25 48 95 48 88 50 99 57 88 55 88 101 90 69 68 49 98 55 101 52 56 67 90 53 55 100	0
16 52 53 100 51 90 66 95 50 100 95 90 50 65 120 69 88	45
4 45 55 122 49	18446744073709551609
8 52 48 67 99 69 99 56 49	40
21 57 68 102 95 55 99 101 88 95 88 54 99 66 70 52 68 88 88 88 49 52	9
9 57 56 90 49 55 65 95 57 68	98
18 57 67 53 49 102 70 101 98 98 54 98 101 99 48 98 66 56 55	9
21 45 97 52 99 50 99 57 51 98 98 51 50 67 51 102 67 68 53 95 102 68	0
18 48 53 100 54 54 100 65 65 70 122 120 55 56 54 51 68 97 52	5
11 51 90 102 54 54 51 50 48 50 99 48	3
12 53 65 52 95 102 67 53 54 99 95 65 101	5
11 48 122 66 51 97 67 101 122 120 90 100	0
22 48 95 102 95 65 95 97 56 98 69 70 56 51 57 120 52 97 69 55 102 57 98	0
16 45 49 90 100 69 52 101 52 57 67 69 101 51 67 51 99	18446744073709551615
4 54 67 68 122	6
1 48	0
14 51 69 95 97 70 99 51 57 50 68 99 101 98 90	3
11 45 48 50 56 95 67 66 48 120 98 56	18446744073709551614
12 57 57 122 102 70 68 101 57 102 50 88 69	99
3 57 69 100	9
17 56 67 99 54 90 53 102 101 69 49 70 52 100 53 51 52 99	8
11 54 100 97 67 120 54 70 102 52 95 69	6
21 48 99 68 69 57 68 70 70 56 120 48 56 102 67 69 49 57 53 53 95 68	0
11 55 48 53 65 66 122 55 53 70 66 88	705
4 51 70 90 57	3
10 52 51 88 95 57 50 68 56 120 69	43
18 54 67 122 53 97 48 53 50 122 101 99 50 51 120 95 68 57 97	6
15 56 68 66 53 95 66 68 68 56 51 98 69 90 101 99	8
12 56 54 95 122 99 122 68 67 88 99 48 69	86
9 54 55 53 69 95 49 52 102 98	675
24 57 120 102 98 69 65 99 68 57 101 95 51 88 66 54 98 56 57 97 69 90 52 120 65	9
6 49 100 54 88 97 68	1
21 49 66 57 102 52 48 97 90 95 50 120 97 69 101 52 120 55 99 97 98 68	1
12 48 67 49 97 100 49 54 98 48 68 50 57	0
21 57 55 65 88 49 68 101 95 90 69 99 50 99 97 98 54 69 100 67 98 48	97
7 54 56 53 95 49 55 88	685
20 51 65 50 57 51 54 99 50 100 57 67 70 53 52 54 69 98 66 53 53	3
6 56 120 90 48 56 69	8
2 57 100	9
1 49	1
11 50 69 95 52 56 67 102 98 70 49 122	2
23 49 97 51 69 51 120 55 95 69 68 122 70 88 56 66 99 98 95 65 101 49 52 51	1
8 56 90 88 97 97 90 57 48	8
21 55 57 95 48 99 55 51 49 52 90 55 95 70 51 120 51 100 51 52 69 101	79
15 54 57 50 98 102 88 56 102 122 88 48 69 56 88 54	692
24 50 122 54 56 122 122 70 69 90 95 54 69 65 53 101 65 49 65 51 100 55 51 55 122	2
19 45 55 100 95 67 90 120 102 99 68 88 51 57 68 97 97 68 95 122	18446744073709551609
16 57 97 102 101 57 56 57 54 69 65 66 101 122 97 56 56	9
10 55 101 101 68 99 50 122 67 55 53	7
2 50 88	2
14 52 98 68 97 98 122 70 101 97 67 68 120 120 51	4
21 57 70 51 52 95 54 66 101 66 99 57 102 52 66 50 67 67 120 101 65 53	9
11 54 122 88 52 120 97 69 49 99 48 88	6
25 49 53 57 51 53 68 67 49 50 98 88 66 101 102 48 68 99 51 102 100 100 57 67 122 69	15935
4 48 51 66 70	3
14 57 88 120 55 102 88 51 57 88 67 69 56 53 101	9
10 45 122 70 49 65 68 49 55 90 102	0
13 52 122 55 97 52 120 52 56 48 65 68 100 90	4
19 52 54 65 54 52 52 98 122 90 54 54 55 88 55 122 70 67 88 68	46
